tree
version=v4
num_class=3
num_tree_per_iteration=3
label_index=0
max_feature_idx=14
objective=multiclass num_class:3
feature_names=Column_0 Column_1 Column_2 Column_3 Column_4 Column_5 Column_6 Column_7 Column_8 Column_9 Column_10 Column_11 Column_12 Column_13 Column_14
feature_infos=[3.2911588288001106:11] [0:7] [1:3] [0:496.68531385323911] [0:7] [1:3] [0:7] [0:1] [1:3] [0:15.739113594253924] [0:16] [0.00091676594075096318:23.998622097348079] [0:1] [1:6] [15:29.191418387632766]
tree_sizes=950 965 958 976 976 977 973 974 977 973 980 981 977 990 980 979 983 980 981 981 982 982 985 980 975 983 981 982 981 981 976 986 983 981 981 984 982 980 983 984 982 982 980 978 982 981 979 980 985 980 981 974 979 985 982 983 980 980 979 983 979 978 983 978 980 987 983 986 983 986 984 979 980 982 986 982 984 982 983 984 982 986 986 981 978 981 980 984 985 986 987 976 983 985 983 981 987 983 984 980 979 985 988 987 986 987 985 987 986 984 983 990 985 987 985 974 982 984 977 980 988 984 985 987 980 984 989 980 983 985 988 984 978 986 982 985 983 984 986 982 988 985 983 988 983 978 980 988 985 983 983 984 987 978 983 988 987 987 987 985 982 983 983 985 988 984 984 990 982 989 984 983 985 988 983 983 988 985 987 983 982 988 988 982 984 981 981 985 986 988 988 986 990 985 987 982 988 983 983 991 986 983 982 987 984 987 986 983 984 989 983 984 989 987 988 989 980 981 985 987 988 982 983 988 980 976 979 985 981 981 984 989 979 986 983 989 988 981 986 984 985 986 983 982 979 982 982 990 985 989 987 984 990 985 989 988 986 988 985 991 991 987 987 981 995 984 990 984 987 992 982 982 989 986 994 988 986 983 978 987 984 986 989 986 991 987 985 985 987 983 987 982 988 989 989 985 987 990 987 988 994 989 992 986 987 990 982 979 986 987 983 991 988 987 987 987 985 988 988 983 985 982 986 990 989 983 988 988 990 986 986 988 984 987 989 982 992 987 984 991 985 991 988 986 979 988 988 990 992 987 985 989 987 987 988 983 988 992 988 984

Tree=0
num_leaves=8
num_cat=0
split_feature=0 11 5 5 7 7 5
split_gain=162.897 195.801 177.032 78.0799 86.2688 74.5887 11.194
threshold=7.5165000198740062 0.99270154744239936 1.9771269929954973 1.9771269929954973 0.50498409578820069 0.50498409578820069 2.1773756745968034
decision_type=2 2 2 2 2 2 2
left_child=-1 2 5 4 -3 -2 -4
right_child=1 3 6 -5 -6 -7 -8
leaf_value=-2.965671283798319 -2.7478961509526885 -2.9709688280134956 -2.6613593365756509 -2.9709688280134956 -2.6794533977635773 -2.0235436797012603 -2.9302492123595387
leaf_weight=151.01336799561977 1.7931375652551631 15.12472555041313 2.2609125822782508 36.642376333475113 30.873151123523712 6.860700249671936 4.9116376787424088
leaf_count=1937 23 194 29 470 396 88 63
internal_value=-2.90042 -2.80035 -2.47812 -2.86206 -2.77531 -2.17363 -2.84549
internal_weight=249.48 98.4666 15.8264 82.6403 45.9979 8.65384 7.17255
internal_count=3200 1263 203 1060 590 111 92
is_linear=0
shrinkage=1


Tree=1
num_leaves=8
num_cat=0
split_feature=0 5 5 7 3 7 0
split_gain=173.283 105.229 103.944 48.1784 33.2298 30.2288 29.6468
threshold=6.4995459286319752 2.5017166779461557 2.0138694309368339 0.5011997598043535 61.884807585725731 0.49459089266822814 7.5165000198740062
decision_type=2 2 2 2 2 2 2
left_child=2 -2 3 -1 -5 -3 -7
right_child=1 5 -4 4 -6 6 -8
leaf_value=-0.606227411910639 -0.47827969672919785 -0.65651951415795262 -0.64750352319461579 -0.58773239479644046 -0.46831756757448934 -0.61172300189975193 -0.49627613861688535
leaf_weight=59.221038341522217 711.01356399059296 35.027077555656433 132.52512848377228 30.693830847740173 96.775843143463135 39.721428155899048 50.554544925689697
leaf_count=164 1969 97 367 85 268 110 140
internal_value=-0.517095 -0.493171 -0.579775 -0.531698 -0.497072 -0.577667 -0.547073
internal_weight=1155.53 836.317 319.216 186.691 127.47 125.303 90.276
internal_count=3200 2316 884 517 353 347 250
is_linear=0
shrinkage=1


Tree=2
num_leaves=8
num_cat=0
split_feature=0 5 5 7 5 7 3
split_gain=283.776 174.012 110.173 71.0099 65.0501 51.0659 35.2214
threshold=6.4995459286319752 2.5017166779461557 2.0138694309368339 0.51206019495345689 2.0191942913340166 0.5011997598043535 61.884807585725731
decision_type=2 2 2 2 2 2 2
left_child=2 3 5 4 -2 -1 -7
right_child=1 -3 -4 -5 -6 6 -8
leaf_value=-0.94278175455007451 -1.0937724408200908 -0.973053507579419 -0.89903178760143776 -1.1277375699001739 -0.97605730388183598 -0.96238525793957053 -1.088957131636539
leaf_weight=55.872366070747375 158.07791376113892 118.21775016188622 125.03145334124565 445.95687308907509 66.774291157722473 28.958238512277603 91.303622603416443
leaf_count=164 464 347 367 1309 196 85 268
internal_value=-1.0534 -1.08492 -0.970819 -1.10463 -1.05881 -1.02178 -1.05848
internal_weight=1090.19 789.027 301.166 670.809 224.852 176.134 120.262
internal_count=3200 2316 884 1969 660 517 353
is_linear=0
shrinkage=1


Tree=3
num_leaves=8
num_cat=0
split_feature=0 5 1 7 11 11 3
split_gain=133.637 114.254 108.613 109.308 14.4891 9.21012 9.34438
threshold=7.5165000198740062 1.9771269929954973 3.5000000000000004 0.50498409578820069 0.99270154744239936 0.95066812101378251 131.35354218437575
decision_type=2 2 2 2 2 2 2
left_child=-1 2 3 -2 -4 6 -3
right_child=1 5 4 -5 -6 -7 -8
leaf_value=-0.06469810948243658 -0.033285624317973266 -0.046140499838560299 0.13541602159028709 0.32914561420837912 -0.071171484708328167 -0.070238895615292146 0.18352079413959332
leaf_weight=142.62012555450201 10.794793441891668 4.0556218847632399 4.2773203849792507 36.318604364991188 16.456855945289135 34.216180637478828 3.1458582654595375
leaf_count=1937 146 50 31 336 188 473 39
internal_value=-0.000943288 0.0822737 0.162169 0.246104 -0.0285539 -0.048605 0.0541836
internal_weight=251.885 109.265 67.8476 47.1134 20.7342 41.4177 7.20148
internal_count=3200 1263 701 482 219 562 89
is_linear=0
shrinkage=0.1


Tree=4
num_leaves=8
num_cat=0
split_feature=0 5 5 1 7 7 0
split_gain=129.241 79.5959 74.4031 37.831 30.5385 25.2491 25.1639
threshold=6.4995459286319752 2.5017166779461557 2.0138694309368339 3.5000000000000004 0.5011997598043535 0.49459089266822814 7.5165000198740062
decision_type=2 2 2 2 2 2 2
left_child=2 -2 3 4 -1 -3 -7
right_child=1 5 -4 -5 -6 6 -8
leaf_value=-0.051654855515793907 0.034533326618239595 -0.12221639888447695 -0.10919383184391758 -0.0828955136786797 0.050065676674075771 -0.082060798274829497 0.023409701987925042
leaf_weight=44.125797986984253 699.74905753135681 36.053049296140671 137.0244026184082 53.912350922822952 89.130087286233902 40.692716240882874 50.937573552131653
leaf_count=119 1969 97 367 149 249 110 140
internal_value=0.00031545 0.0212846 -0.0532038 -0.0122139 0.0163824 -0.0513232 -0.0234294
internal_weight=1151.63 827.432 324.193 187.168 133.256 127.683 91.6303
internal_count=3200 2316 884 517 368 347 250
is_linear=0
shrinkage=0.1


Tree=5
num_leaves=8
num_cat=0
split_feature=5 0 0 7 1 7 4
split_gain=224.558 134.748 111.19 46.9251 41.2861 39.7907 33.5925
threshold=2.0052380963768948 7.4955344668592083 6.4995459286319752 0.49276985163102244 3.5000000000000004 0.50930754827664593 1.5000000000000002
decision_type=2 2 2 2 2 2 2
left_child=2 5 4 -3 -1 -2 -7
right_child=1 3 -4 -5 -6 6 -8
leaf_value=-0.0034722520209972529 0.14780652439518149 0.064755055951813426 -0.06654905888107078 -0.045992134108521335 0.1033910707881653 0.13195712510254751 0.040133256366617388
leaf_weight=124.41967073082924 96.240532070398331 53.812975198030472 441.18414774537086 132.37311863899231 50.961230874061584 57.754804879426956 128.44991493225098
leaf_count=361 270 154 1342 394 148 164 367
internal_value=-0.000115813 0.0520618 -0.0397743 -0.0139831 0.0275795 0.0955982 0.0686141
internal_weight=1085.2 468.631 616.565 186.186 175.381 282.445 186.205
internal_count=3200 1349 1851 548 509 801 531
is_linear=0
shrinkage=0.1


Tree=6
num_leaves=8
num_cat=0
split_feature=0 5 1 10 11 11 5
split_gain=113.371 82.615 67.8101 72.9209 12.348 8.57361 8.23212
threshold=7.5165000198740062 1.9771269929954973 3.5000000000000004 10.023309895975331 0.99270154744239936 0.95066812101378251 2.4036996556829036
decision_type=2 2 2 2 2 2 2
left_child=-1 2 3 -2 -4 6 -3
right_child=1 5 4 -5 -6 -7 -8
leaf_value=-0.064087655837627627 0.24325884527482045 0.1405654489856222 0.11362125778856823 -0.032627882397376871 -0.070858994640938019 -0.069981296306353122 -0.07057844118108092
leaf_weight=133.85176976397634 45.644494958221912 4.2459965869784346 4.7418150752782848 12.125674895942209 15.449914693832396 31.939597472548485 3.2675174251198769
leaf_count=1937 378 47 31 104 188 473 42
internal_value=-0.00117564 0.0705433 0.130215 0.185352 -0.0275358 -0.0473714 0.0487421
internal_weight=251.267 117.415 77.9619 57.7702 20.1917 39.4531 7.51351
internal_count=3200 1263 701 482 219 562 89
is_linear=0
shrinkage=0.1


Tree=7
num_leaves=8
num_cat=0
split_feature=0 5 5 3 4 6 4
split_gain=100.642 64.853 58.7208 36.1289 25.6989 21.1033 24.1033
threshold=6.4995459286319752 2.5017166779461557 2.0138694309368339 59.518825958162374 1.5000000000000002 2.5000000000000004 1.5000000000000002
decision_type=2 2 2 2 2 2 2
left_child=2 5 3 -1 -5 -2 -7
right_child=1 -3 -4 4 -6 6 -8
leaf_value=-0.086449555254950558 0.038564056802547236 -0.04622340068839368 -0.09623643513902741 -0.052337556702316074 0.042177771808187207 -0.083447905197115355 0.022117406954465808
leaf_weight=46.6450235247612 588.97108888626099 127.78011149168015 137.44156861305237 40.318306624889374 100.42024603486061 31.531793892383575 68.868056833744049
leaf_count=126 1682 347 367 112 279 90 197
internal_value=0.00049442 0.0192114 -0.0465912 -0.0101775 0.0151013 0.0313402 -0.0110367
internal_weight=1141.98 817.151 324.825 187.384 140.739 689.371 100.4
internal_count=3200 2316 884 517 391 1969 287
is_linear=0
shrinkage=0.1


Tree=8
num_leaves=8
num_cat=0
split_feature=5 0 0 7 3 7 5
split_gain=180.579 102.95 93.173 38.6116 35.6281 32.5947 27.5297
threshold=2.0052380963768948 7.4955344668592083 6.4995459286319752 0.49276985163102244 59.518825958162374 0.50930754827664593 2.5017166779461557
decision_type=2 2 2 2 2 2 2
left_child=2 5 4 -3 -1 -2 -7
right_child=1 3 -4 -5 -6 6 -8
leaf_value=0.10168221709719566 0.12961856104249164 0.057886749918692831 -0.062068154484461985 -0.042333701220090926 -0.0017092410138897539 0.029049897795431601 0.10744547579559448
leaf_weight=44.551168620586395 99.210862427949905 54.715426743030548 424.0191342830658 129.25135976076126 132.31501266360283 117.64196053147316 72.337148547172546
leaf_count=124 270 154 1342 394 385 335 196
internal_value=-0.000250657 0.0459572 -0.0366362 -0.0125261 0.0243342 0.0831611 0.0589001
internal_weight=1074.04 473.157 600.885 183.967 176.866 289.19 189.979
internal_count=3200 1349 1851 548 509 801 531
is_linear=0
shrinkage=0.1


Tree=9
num_leaves=8
num_cat=0
split_feature=0 5 7 3 11 5 11
split_gain=97.6258 63.4816 53.4665 57.2643 7.95547 6.78653 6.62392
threshold=7.5165000198740062 1.9771269929954973 0.50498409578820069 60.201014294899743 0.95066812101378251 2.4036996556829036 0.64030526868148041
decision_type=2 2 2 2 2 2 2
left_child=-1 2 6 -4 5 -3 -2
right_child=1 4 3 -5 -6 -7 -8
leaf_value=-0.063438290813346773 0.11912457576039626 0.11938003411933035 -0.018875846647714786 0.198103337663773 -0.069763398099388668 -0.070412738422541837 -0.070634541970377759
leaf_weight=125.19879105687141 2.0913418531417873 4.702421858906745 15.767027392983435 53.214776545763016 29.991969868540764 3.143471971154213 15.278429403901098
leaf_count=1937 20 47 112 372 473 42 197
internal_value=-0.00112415 0.0616964 0.109024 0.148509 -0.0463109 0.0433392 -0.0477873
internal_weight=249.388 124.189 86.3516 68.9818 37.8379 7.84589 17.3698
internal_count=3200 1263 701 484 562 89 217
is_linear=0
shrinkage=0.1


Tree=10
num_leaves=8
num_cat=0
split_feature=0 5 5 7 4 1 4
split_gain=79.107 51.6638 47.727 29.1773 24.7133 20.4488 19.9329
threshold=6.4995459286319752 2.5017166779461557 1.9608774299271925 0.5011997598043535 1.5000000000000002 3.5000000000000004 1.5000000000000002
decision_type=2 2 2 2 2 2 2
left_child=2 6 3 -1 -5 -3 -2
right_child=1 5 -4 4 -6 -7 -8
leaf_value=-0.064383832624484813 0.0013170810475452435 -0.013929786626968138 -0.083834040921561256 -0.04722897580125307 0.051738871667839206 -0.10019446594325049 0.039233408066740902
leaf_weight=58.529896587133408 194.37095949053764 87.616172134876251 144.8341643512249 36.181059092283249 83.372587472200394 40.035405725240707 483.64269345998764
leaf_count=157 562 238 392 100 235 109 1407
internal_value=0.000614531 0.0173759 -0.0412043 -0.00653384 0.0217878 -0.040985 0.0283637
internal_weight=1128.58 805.665 322.918 178.084 119.554 127.652 678.014
internal_count=3200 2316 884 492 335 347 1969
is_linear=0
shrinkage=0.1


Tree=11
num_leaves=8
num_cat=0
split_feature=5 0 0 7 7 7 4
split_gain=146.216 82.7864 78.4009 33.8849 30.507 28.2006 26.8746
threshold=2.0052380963768948 7.4955344668592083 6.4995459286319752 0.49276985163102244 0.5011997598043535 0.50930754827664593 1.5000000000000002
decision_type=2 2 2 2 2 2 2
left_child=2 5 4 -3 -1 -2 -7
right_child=1 3 -4 -5 -6 6 -8
leaf_value=0.080431325002418327 0.11703404967893416 0.053511448270519624 -0.058035862457919668 -0.040321055137787644 -0.0075918188636191963 0.10705530749875913 0.026213573476067828
leaf_weight=58.884371042251587 99.962326496839523 55.183912515640259 407.04419592022896 127.18756511807442 118.83156690001488 59.835034787654877 131.48430392146111
leaf_count=161 270 154 1342 394 348 164 367
internal_value=-0.000390395 0.0409075 -0.0338415 -0.0119282 0.0215738 0.0739879 0.0514968
internal_weight=1058.41 473.653 584.76 182.371 177.716 291.282 191.319
internal_count=3200 1349 1851 548 509 801 531
is_linear=0
shrinkage=0.1


Tree=12
num_leaves=8
num_cat=0
split_feature=0 5 4 1 11 11 3
split_gain=85.0776 50.4183 46.8226 48.9063 16.8671 7.42174 6.29064
threshold=7.5165000198740062 1.9771269929954973 1.5000000000000002 3.5000000000000004 0.99270154744239936 0.95066812101378251 131.35354218437575
decision_type=2 2 2 2 2 2 2
left_child=-1 2 4 -4 -2 6 -3
right_child=1 5 3 -5 -6 -7 -8
leaf_value=-0.062774517589701109 0.1122862619198898 -0.047082094878869184 0.18263268859384529 -0.01701688741794705 -0.074140173498922435 -0.069562245664007955 0.12879703486686581
leaf_weight=117.02449714764953 6.6268440410494831 4.1614604331552965 52.702988423407078 15.992721933871506 18.132519759237766 28.140219181776047 3.9771237745881081
leaf_count=1937 30 50 351 164 156 473 39
internal_value=-0.000950096 0.0548177 0.0936589 0.136153 -0.0242431 -0.0452381 0.0388657
internal_weight=246.758 129.734 93.4551 68.6957 24.7594 36.2788 8.13858
internal_count=3200 1263 701 515 186 562 89
is_linear=0
shrinkage=0.1


Tree=13
num_leaves=8
num_cat=0
split_feature=5 0 1 10 0 10 7
split_gain=65.5889 48.4265 36.5992 31.4192 25.1076 19.9038 35.1558
threshold=2.491318782546962 6.4810084088750717 3.5000000000000004 9.9856842391505527 7.5165000198740062 10.060621358099215 0.51379722854601895
decision_type=2 2 2 2 2 2 2
left_child=1 2 3 -1 -2 -3 -7
right_child=4 5 -4 -5 -6 6 -8
leaf_value=0.020434230558905621 -0.085334287480227644 0.034341846380175678 -0.082085247630641761 -0.080017650960354375 -0.0088166099525267359 -0.075352962536789789 0.030551233484833254
leaf_weight=147.68969711661339 107.40331968665123 533.96299076080322 78.526179820299149 39.455418854951859 71.383989751338959 49.818262785673141 84.531753450632095
leaf_count=411 294 1576 215 110 197 145 252
internal_value=0.000706591 0.0113287 -0.0247864 -0.000743832 -0.0547833 0.0256854 -0.00871905
internal_weight=1112.77 933.984 265.671 187.145 178.787 668.313 134.35
internal_count=3200 2709 736 521 491 1973 397
is_linear=0
shrinkage=0.1


Tree=14
num_leaves=8
num_cat=0
split_feature=5 0 0 3 1 10 6
split_gain=119.292 67.5561 66.1708 33.4081 30.027 29.2045 26.4917
threshold=2.0052380963768948 7.4955344668592083 6.4995459286319752 60.201014294899743 3.5000000000000004 9.9856842391505527 2.5000000000000004
decision_type=2 2 2 2 2 2 2
left_child=2 -2 4 -3 5 -1 -4
right_child=1 3 6 -5 -6 -7 -8
leaf_value=-0.033081270370018359 0.066504316827163498 0.060616062938169901 -0.065272925413422458 -0.037068480818710302 0.082022453561112485 0.084597117471834238 0.0078750105574069366
leaf_weight=97.68294894695282 290.75981554389 47.509590268135071 332.56848844885826 133.07884132862091 53.282664448022842 26.895571678876877 58.171851456165314
leaf_count=283 801 143 1146 405 148 78 196
internal_value=-0.000530632 0.0366684 -0.0313672 -0.0113694 0.0191958 -0.00767539 -0.054383
internal_weight=1039.95 471.348 568.602 180.588 177.861 124.579 390.74
internal_count=3200 1349 1851 548 509 361 1342
is_linear=0
shrinkage=0.1


Tree=15
num_leaves=8
num_cat=0
split_feature=0 11 5 3 5 1 11
split_gain=75.0769 41.9082 26.1528 33.2825 18.357 14.3933 3.69337
threshold=7.5165000198740062 0.99270154744239936 1.9771269929954973 68.524451314651884 2.1773756745968034 3.5000000000000004 0.82898943933265568
decision_type=2 2 2 2 2 2 2
left_child=6 4 3 -3 5 -2 -1
right_child=1 2 -4 -5 -6 -7 -8
leaf_value=-0.015922839074001726 0.21423750947413836 -0.068594853948873449 -0.069355637080414409 0.086185283896072704 -0.031370133503020467 0.05008745474434495 -0.069406804953465559
leaf_weight=14.953206293284891 22.327960535883907 18.579584799706936 26.099572449922562 55.072349771857262 5.0541920959949485 7.0214696601033202 94.561052843928337
leaf_count=263 98 164 470 426 63 42 1674
internal_value=-0.000668302 0.0494833 0.0166595 0.0471401 0.144654 0.174967 -0.062104
internal_weight=243.669 134.155 99.7515 73.6519 34.4036 29.3494 109.514
internal_count=3200 1263 1060 590 203 140 1937
is_linear=0
shrinkage=0.1


Tree=16
num_leaves=8
num_cat=0
split_feature=4 5 5 3 0 0 1
split_gain=56.6874 38.6757 35.7388 26.6518 20.4363 19.2884 18.1538
threshold=1.5000000000000002 2.5017166779461557 2.0052380963768948 61.195655702033065 6.9160935141082662 6.5232292804799972 3.5000000000000004
decision_type=2 2 2 2 2 2 2
left_child=2 -2 3 -1 -3 -5 -6
right_child=1 4 -4 5 6 -7 -8
leaf_value=-0.069587250377577528 0.025211123923412695 -0.087042200860340424 -0.07141920765366648 -0.040365222893940234 0.032135466143771448 0.042358272285645017 -0.074088413702007569
leaf_weight=47.013732582330704 651.03288203477859 48.017970621585846 143.85463243722916 40.067818850278854 48.671636253595352 95.052081704139709 24.033181548118591
leaf_count=138 1922 135 406 110 134 289 66
internal_value=0.000802137 0.0155712 -0.0341627 -0.00473642 -0.0364147 0.0178278 -0.00297772
internal_weight=1097.74 771.756 325.988 182.134 120.723 135.12 72.7048
internal_count=3200 2257 943 537 335 399 200
is_linear=0
shrinkage=0.1


Tree=17
num_leaves=8
num_cat=0
split_feature=4 5 0 3 5 7 0
split_gain=104.153 72.0741 51.682 36.9672 34.0564 31.3286 24.3214
threshold=1.5000000000000002 2.4500516971748154 6.5680912693492166 63.016288722345131 2.032999809047987 0.5011997598043535 7.4601620251490344
decision_type=2 2 2 2 2 2 2
left_child=3 2 5 -1 -5 -2 -3
right_child=1 6 -4 4 -6 -7 -8
leaf_value=0.10423139939123927 0.062801456548203113 0.077491901184849027 -0.058040595909936293 -0.0081725482246255542 0.070495482512587582 -0.023572242482584937 -0.0076807306273033796
leaf_weight=84.58194537460804 63.849656224250793 82.664141952991486 388.67111065983772 124.51495850086212 98.613111704587936 122.67437142133713 56.401579916477203
leaf_count=254 177 225 1336 408 281 356 163
internal_value=-0.000702267 -0.0216559 -0.0372753 0.0479356 0.0265954 0.00599462 0.042948
internal_weight=1021.97 714.261 575.195 307.71 223.128 186.524 139.066
internal_count=3200 2257 1869 943 689 533 388
is_linear=0
shrinkage=0.1


Tree=18
num_leaves=8
num_cat=0
split_feature=0 7 10 4 11 5 9
split_gain=66.5247 37.2931 37.6516 40.8962 3.75043 5.55734 11.8037
threshold=7.5165000198740062 0.50498409578820069 10.023309895975331 1.5000000000000002 0.82898943933265568 1.653610716255876 7.130797935720846
decision_type=2 2 2 2 2 2 2
left_child=4 -2 3 -3 5 6 -1
right_child=1 2 -4 -5 -6 -7 -8
leaf_value=0.24002537792084069 -0.056914323154399662 -0.019043552996549938 -0.051364644646108452 0.13838955699872404 -0.069196074633022922 -0.058888206770669277 -0.069390579944447667
leaf_weight=2.2622761242091647 28.458294089883566 21.886148098856211 20.274331226944923 67.050451319664717 87.808070342987776 9.5868032984435541 2.7096273861825466
leaf_count=40 385 185 175 518 1674 175 48
internal_value=-0.000351274 0.0450444 0.0716129 0.0996473 -0.0614022 -0.0143947 0.0713974
internal_weight=240.036 137.669 109.211 88.9366 102.367 14.5587 4.9719
internal_count=3200 1263 878 703 1937 263 88
is_linear=0
shrinkage=0.1


Tree=19
num_leaves=8
num_cat=0
split_feature=10 0 6 5 5 0 1
split_gain=49.5869 40.5815 32.7238 26.2525 22.433 22.4077 21.6105
threshold=9.9856842391505527 7.4710417129703481 2.5000000000000004 2.0857142232634316 2.5332365322884285 7.0579655618250419 3.5000000000000004
decision_type=2 2 2 2 2 2 2
left_child=2 -2 4 -3 -1 -6 -4
right_child=1 3 6 -5 5 -7 -8
leaf_value=0.027570449034509066 -0.076159037893555534 0.047945421717105807 -0.0050229262480811498 -0.061897297660601848 -0.075085669959191859 0.018345923079877782 -0.09039190473047648
leaf_weight=617.48781296610832 133.22080796957016 61.81678831577301 88.441509962081909 33.576937794685364 45.671985149383545 58.609009176492691 44.609505444765091
leaf_count=1843 390 186 258 96 134 162 131
internal_value=0.000861436 -0.0405069 0.011925 0.00928269 0.0203255 -0.0225743 -0.0336455
internal_weight=1083.43 228.615 854.82 95.3937 721.769 104.281 133.051
internal_count=3200 672 2528 282 2139 296 389
is_linear=0
shrinkage=0.1


Tree=20
num_leaves=8
num_cat=0
split_feature=0 10 5 3 5 1 1
split_gain=93.4663 71.5457 57.3604 38.1547 32.785 31.5089 26.4622
threshold=7.4710417129703481 9.9856842391505527 2.0138694309368339 60.201014294899743 2.0000484954321047 3.5000000000000004 3.5000000000000004
decision_type=2 2 2 2 2 2 2
left_child=1 2 3 -1 -2 -6 -4
right_child=4 -3 6 -5 5 -7 -8
leaf_value=0.042731969822207394 -0.068781112545182113 0.088668934929128154 0.021873083875021182 -0.04494935886905474 -0.03834404159475488 0.050289622003877169 0.098979308096841551
leaf_weight=64.640996128320694 194.13668887317181 130.66786956787109 155.77434366941452 213.69663494825363 124.81808063387871 59.099051415920258 62.31353572010994
leaf_count=197 738 390 437 698 387 177 176
internal_value=-0.000844643 0.0228322 0.00550279 -0.0245863 -0.0401184 -0.00986292 0.0439044
internal_weight=1005.15 627.093 496.426 278.338 378.054 183.917 218.088
internal_count=3200 1898 1508 895 1302 564 613
is_linear=0
shrinkage=0.1


Tree=21
num_leaves=8
num_cat=0
split_feature=0 5 10 3 11 1 11
split_gain=58.9072 33.0705 31.7299 34.5916 6.15724 4.9219 3.75696
threshold=7.5165000198740062 1.9771269929954973 10.023309895975331 60.201014294899743 0.95066812101378251 3.5000000000000004 0.82898943933265568
decision_type=2 2 2 2 2 2 2
left_child=6 2 3 -2 5 -3 -1
right_child=1 4 -4 -5 -6 -7 -8
leaf_value=-0.013467326818092866 -0.029031408038989834 0.081939724347237758 -0.049305615545790889 0.12551488570841199 -0.069300454156072139 -0.07210632309696513 -0.069006529755027954
leaf_weight=14.316886916756628 18.271159019321203 5.7928474247455579 18.904225092381239 69.850592866539955 25.560486420989037 3.2309335544705391 81.592570871114731
leaf_count=263 138 55 150 413 473 34 1674
internal_value=-0.000202606 0.0407817 0.0682523 0.0934713 -0.0442299 0.0267841 -0.0607159
internal_weight=237.52 141.61 107.026 88.1218 34.5843 9.02378 95.9095
internal_count=3200 1263 701 551 562 89 1937
is_linear=0
shrinkage=0.1


Tree=22
num_leaves=8
num_cat=0
split_feature=7 5 0 3 3 10 6
split_gain=45.6103 38.5643 27.8215 25.3968 22.6708 22.0032 20.0638
threshold=0.50930754827664593 2.0000484954321047 7.3415857625121221 63.016288722345131 60.201014294899743 10.173005445963009 2.5000000000000004
decision_type=2 2 2 2 2 2 2
left_child=1 2 4 5 -1 6 -2
right_child=3 -3 -4 -5 -6 -7 -8
leaf_value=-0.11191502826015064 0.016207763329032506 -0.066086546588594308 0.044515021017257787 0.026829291387419942 -0.007022681003157099 -0.087683854888637461 -0.079622154019631131
leaf_weight=26.730141550302505 131.12973886728287 153.73318457603455 83.641842842102051 525.27271997928619 89.925816744565964 34.746918380260468 26.215841889381409
leaf_count=78 386 440 270 1580 268 103 75
internal_value=0.000956236 -0.0284139 0.000500722 0.0154509 -0.0310573 -0.0156632 0.00024124
internal_weight=1071.4 354.031 200.298 717.365 116.656 192.092 157.346
internal_count=3200 1056 616 2144 346 564 461
is_linear=0
shrinkage=0.1


Tree=23
num_leaves=8
num_cat=0
split_feature=7 3 0 0 10 6 5
split_gain=85.5845 62.5656 37.8817 34.3599 24.6775 23.828 23.1411
threshold=0.5011997598043535 60.201014294899743 6.4810084088750717 7.6166241856582966 10.173005445963009 2.5000000000000004 2.0138694309368339
decision_type=2 2 2 2 2 2 2
left_child=3 4 6 -1 5 -2 -3
right_child=1 2 -4 -5 -6 -7 -8
leaf_value=0.063803878499350028 -0.0068497850997138654 -0.031005015876820002 -0.058369767947352436 -0.0055675833537454124 0.10645793135846618 0.10334925662237691 0.049089650847599836
leaf_weight=218.32940074801445 118.85603132843971 87.159162938594818 339.9294273853302 106.09395399689674 33.742675423622131 23.501183599233627 61.543439149856567
leaf_count=656 379 265 1204 348 105 71 172
internal_value=-0.000987089 -0.0215364 -0.039954 0.0411178 0.0295677 0.0113425 0.00214371
internal_weight=989.155 664.732 488.632 324.423 176.1 142.357 148.703
internal_count=3200 2196 1641 1004 555 450 437
is_linear=0
shrinkage=0.1


Tree=24
num_leaves=8
num_cat=0
split_feature=0 1 7 2 11 11 5
split_gain=52.6794 31.29 29.5243 29.7289 6.36419 5.34895 5.42214
threshold=7.5165000198740062 3.5000000000000004 0.50498409578820069 1.5322700981394595 0.53275511680426757 0.99270154744239936 1.8001018841203822
decision_type=2 2 2 2 2 2 2
left_child=-1 2 4 -4 -2 6 -3
right_child=1 5 3 -5 -6 -7 -8
leaf_value=-0.059994609141862568 0.11195478654131055 0.081261056053574948 -0.056846282959084719 0.10954663628819927 -0.070787534251170861 -0.071086779528132429 -0.07334077667910234
leaf_weight=89.829968873411417 2.1489268168807056 5.5212604999542219 12.427231997251509 78.977620732039213 16.840588875114918 24.505649823695421 3.8506057672202587
leaf_count=1937 17 27 95 520 233 332 39
internal_value=0.000122532 0.0375541 0.0633526 0.0869242 -0.0501077 -0.0465138 0.01774
internal_weight=234.102 144.272 110.394 91.4049 18.9895 33.8775 9.37187
internal_count=3200 1263 865 615 250 398 66
is_linear=0
shrinkage=0.1


Tree=25
num_leaves=8
num_cat=0
split_feature=4 5 5 1 11 0 0
split_gain=42.6463 24.7698 23.9041 21.7157 18.2184 15.2729 14.3735
threshold=1.5000000000000002 2.5017166779461557 2.0052380963768948 3.5000000000000004 0.86506100286114507 6.4995459286319752 6.895032093209557
decision_type=2 2 2 2 2 2 2
left_child=2 -2 3 5 -4 -1 -3
right_child=1 6 4 -5 -6 -7 -8
leaf_value=-0.032803358291909467 0.021949956101984365 -0.074936496818722276 0.029086565929009246 -0.059674677564464901 -0.075182113957462382 0.041468643394855537 -0.0015787417377402324
leaf_weight=41.17184916138649 627.15274628996849 42.249938160181046 19.473478823900223 52.034873902797699 120.13512325286865 84.531476557254791 72.617142558097839
leaf_count=115 1922 131 56 159 350 263 204
internal_value=0.00100941 0.0141307 -0.0296708 -0.00534682 -0.0606381 0.0171422 -0.0285609
internal_weight=1059.37 742.02 317.347 177.738 139.609 125.703 114.867
internal_count=3200 2257 943 537 406 378 335
is_linear=0
shrinkage=0.1


Tree=26
num_leaves=8
num_cat=0
split_feature=4 1 11 5 5 0 2
split_gain=82.0002 64.2144 32.2065 31.3766 29.3111 24.287 22.2511
threshold=1.5000000000000002 3.5000000000000004 0.99270154744239936 2.0000484954321047 2.5017166779461557 7.4710417129703481 1.4889255073677694
decision_type=2 2 2 2 2 2 2
left_child=2 4 -1 5 6 -3 -2
right_child=1 3 -4 -5 -6 -7 -8
leaf_value=-0.032869435004215034 0.0076192514050057308 0.023809722990050824 0.056648360282889942 0.064574252501970797 0.014437456013054165 -0.070536429001736276 -0.062925413378517411
leaf_weight=47.813368707895279 51.794347822666168 73.225249081850052 252.0933919698 102.02095147967339 76.897735714912415 43.490517824888229 326.98520964384079
leaf_count=154 179 234 789 301 223 177 1143
internal_value=-0.00112696 -0.0204727 0.0423768 0.0240642 -0.0418516 -0.0113455 -0.0532791
internal_weight=974.321 674.414 299.907 218.737 455.677 116.716 378.78
internal_count=3200 2257 943 712 1545 411 1322
is_linear=0
shrinkage=0.1


Tree=27
num_leaves=8
num_cat=0
split_feature=0 5 10 4 11 5 11
split_gain=47.5047 27.1625 25.728 28.2048 5.61466 4.41734 4.00512
threshold=7.5165000198740062 1.9771269929954973 10.023309895975331 1.5000000000000002 0.95066812101378251 2.4036996556829036 0.82898943933265568
decision_type=2 2 2 2 2 2 2
left_child=6 2 3 -2 5 -3 -1
right_child=1 4 -4 -5 -6 -7 -8
leaf_value=-0.0088484672288821186 -0.020862110051672506 0.072205197428081 -0.049132341626918423 0.10957068164415429 -0.069187942517494772 -0.070951820111635491 -0.068689907585862964
leaf_weight=13.269318599253891 21.493763942271471 6.1077483817934972 18.546961586922407 72.498539406806231 24.313482344150543 3.3309301100671291 71.180533768609166
leaf_count=263 147 47 150 404 473 42 1674
internal_value=0.000432224 0.0349066 0.0585045 0.0797439 -0.0437757 0.0216848 -0.0592872
internal_weight=230.741 146.291 112.539 93.9923 33.7522 9.43868 84.4499
internal_count=3200 1263 701 551 562 89 1937
is_linear=0
shrinkage=0.1


Tree=28
num_leaves=8
num_cat=0
split_feature=10 6 0 5 1 0 5
split_gain=38.223 26.3301 26.0377 19.7108 16.9032 16.2719 27.2355
threshold=9.9856842391505527 2.5000000000000004 7.4955344668592083 2.032999809047987 3.5000000000000004 6.4995459286319752 1.9771269929954973
decision_type=2 2 2 2 2 2 2
left_child=1 5 -2 -4 -3 6 -1
right_child=2 4 3 -5 -6 -7 -8
leaf_value=0.026675210565334475 -0.064004833734781094 -0.0046608027362928474 0.045032499496729189 -0.050210004704638302 -0.080969032550737605 0.028386552584158953 -0.0476588214380054
leaf_weight=114.42146268486977 132.25430345535278 86.085477590560913 52.740675330162048 36.954300224781036 43.797482937574387 495.47558885812759 86.592089176177979
leaf_count=331 396 258 169 107 131 1548 260
internal_value=0.00104679 0.0109427 -0.035798 0.00579262 -0.0303925 0.0186509 -0.00534621
internal_weight=1048.32 826.372 221.949 89.695 129.883 696.489 201.014
internal_count=3200 2528 672 276 389 2139 591
is_linear=0
shrinkage=0.1


Tree=29
num_leaves=8
num_cat=0
split_feature=1 4 0 3 10 5 0
split_gain=73.2534 50.9399 31.2835 28.6564 22.8257 20.0032 18.8633
threshold=3.5000000000000004 1.5000000000000002 7.4955344668592083 60.201014294899743 10.097763963066239 2.0000484954321047 6.5846298480311711
decision_type=2 2 2 2 2 2 2
left_child=1 4 -2 -3 6 -4 -1
right_child=2 3 5 -5 -6 -7 -8
leaf_value=0.048319474643733436 0.064853483720081109 0.0040909605796577101 -0.044153246663045681 -0.054191946532142515 0.083698071667909185 0.03918809869723483 -0.021201456270603047
leaf_weight=60.32221707701683 186.59340508282185 113.29593554139137 56.14847905933857 330.3119630664587 44.565095320343971 59.124385267496109 110.56601567566395
leaf_count=176 574 368 229 1177 135 174 367
internal_value=-0.00124578 -0.0199316 0.0395508 -0.0393067 0.0199607 -0.0014068 0.00333889
internal_weight=960.927 659.061 301.866 443.608 215.453 115.273 170.888
internal_count=3200 2223 977 1545 678 403 543
is_linear=0
shrinkage=0.1


Tree=30
num_leaves=8
num_cat=0
split_feature=0 1 3 6 11 11 5
split_gain=43.2365 26.4159 26.4696 24.8183 7.14073 4.90319 4.39478
threshold=7.5165000198740062 3.5000000000000004 60.201014294899743 2.5000000000000004 0.90829916485292028 0.99270154744239936 1.8001018841203822
decision_type=2 2 2 2 2 2 2
left_child=-1 2 4 -4 -2 6 -3
right_child=1 5 3 -5 -6 -7 -8
leaf_value=-0.058589979100154621 0.048746833296569619 0.066413504148209165 0.10023532810167089 -0.052521374096977082 -0.074220099804643752 -0.071095255205767732 -0.073426502925083556
leaf_weight=79.571388460695744 6.5740650296211269 5.9860573783516866 79.19603568315506 12.28579358011484 16.76663575693965 23.231905391439795 3.5982850082218647
leaf_count=1937 35 27 565 87 178 332 39
internal_value=0.000830063 0.0328551 0.0554684 0.0797205 -0.0395856 -0.0462677 0.0139129
internal_weight=227.21 147.639 114.823 91.4818 23.3407 32.8162 9.58434
internal_count=3200 1263 865 652 213 398 66
is_linear=0
shrinkage=0.1


Tree=31
num_leaves=8
num_cat=0
split_feature=7 5 0 3 3 1 0
split_gain=35.9496 29.0687 22.2495 18.2879 17.7571 16.2857 11.9494
threshold=0.50930754827664593 2.0191942913340166 7.3415857625121221 60.201014294899743 63.016288722345131 3.5000000000000004 7.7169078330252239
decision_type=2 2 2 2 2 2 2
left_child=1 2 3 -1 5 -2 -3
right_child=4 6 -4 -5 -6 -7 -8
leaf_value=-0.10180639978146806 0.0075783807533901966 -0.080360685920607591 0.038649695439011068 -0.0077028848145773614 0.023927941122687812 -0.056076167266589344 -0.018227858378555437
leaf_weight=26.637444853782654 130.50188055634499 95.415561258792877 83.047087788581848 91.900026768445969 505.74684853851795 58.081023082137108 45.815737575292587
leaf_count=79 388 294 280 276 1580 176 127
internal_value=0.00108058 -0.0254154 -0.00104181 -0.0288496 0.0141626 -0.0120264 -0.0602047
internal_weight=1037.15 342.816 201.585 118.537 694.33 188.583 141.231
internal_count=3200 1056 635 355 2144 564 421
is_linear=0
shrinkage=0.1


Tree=32
num_leaves=8
num_cat=0
split_feature=7 3 0 0 2 1 5
split_gain=68.9583 48.6642 29.4885 25.294 20.9471 19.462 18.9436
threshold=0.5011997598043535 60.201014294899743 6.4810084088750717 7.4832713567626712 1.604118800152418 3.5000000000000004 2.0257058751677648
decision_type=2 2 2 2 2 2 2
left_child=3 5 4 -1 -3 -2 -5
right_child=1 2 -4 6 -6 -7 -8
leaf_value=0.058262186024661926 0.0016191723594783571 0.086223387215069183 -0.054504967954857542 -0.040187268591636502 -0.016805485628219343 0.073341988764956748 0.041254809613979045
leaf_weight=200.50151079893112 117.16347229480743 23.628603011369705 316.06321659684181 58.869199141860008 119.71223604679108 55.876194909214973 55.473311960697174
leaf_count=615 380 70 1204 234 367 175 155
internal_value=-0.00138217 -0.0204188 -0.0374431 0.0368576 0.000178009 0.0247792 -0.000675614
internal_weight=947.288 632.444 459.404 314.844 143.341 173.04 114.343
internal_count=3200 2196 1641 1004 437 555 389
is_linear=0
shrinkage=0.1


Tree=33
num_leaves=8
num_cat=0
split_feature=0 7 5 10 11 5 1
split_gain=39.0493 24.1688 22.4483 24.1063 4.28078 5.60357 9.78195
threshold=7.5165000198740062 0.50498409578820069 2.1773756745968034 10.023309895975331 0.82898943933265568 1.653610716255876 2.5000000000000004
decision_type=2 2 2 2 2 2 2
left_child=4 -2 3 -3 5 6 -1
right_child=1 2 -4 -5 -6 -7 -8
leaf_value=0.22363728678379624 -0.056070443895600466 0.086687170801691096 -0.058019310541344238 -0.045722341335821662 -0.068433159745876312 -0.055832559935572505 -0.069174780253290255
leaf_weight=2.3898067958652955 26.400412494316697 89.784302830696106 16.795977972447872 16.236090112477541 62.454746872186661 7.7217068523168564 2.1831333264708519
leaf_count=45 385 459 287 132 1674 175 43
internal_value=0.00118033 0.030734 0.0493933 0.0664098 -0.0578154 -0.00387897 0.0838481
internal_weight=223.966 149.217 122.816 106.02 74.7494 12.2946 4.57294
internal_count=3200 1263 878 591 1937 263 88
is_linear=0
shrinkage=0.1


Tree=34
num_leaves=8
num_cat=0
split_feature=6 10 5 0 2 0 0
split_gain=34.5454 25.7775 20.9676 19.7814 15.9358 23.5954 14.172
threshold=2.5000000000000004 9.9856842391505527 2.032999809047987 6.9281776707425839 1.4889255073677694 7.5165000198740062 7.4710417129703481
decision_type=2 2 2 2 2 2 2
left_child=1 4 3 -3 5 -1 -2
right_child=6 2 -4 -5 -6 -7 -8
leaf_value=-0.064565700483720331 -0.067299249308715794 -0.046145572489919642 -0.064958785018330953 0.038493145515871872 0.023730965187071892 0.043323414542800101 -0.0058614149819858925
leaf_weight=51.995626986026764 92.243689209222794 47.346115991473198 74.823111236095428 66.254130229353905 595.23218278586864 33.223115146160126 63.31752872467041
leaf_count=162 286 138 230 218 1873 104 189
internal_value=0.00110663 0.0088767 -0.0238553 0.00321757 0.0179405 -0.0225044 -0.0422924
internal_weight=1024.44 868.874 188.423 113.6 680.451 85.2187 155.561
internal_count=3200 2725 586 356 2139 266 475
is_linear=0
shrinkage=0.1


Tree=35
num_leaves=8
num_cat=0
split_feature=6 10 0 5 5 5 0
split_gain=63.7666 56.1014 43.1938 28.4383 21.8295 17.3046 18.5462
threshold=2.5000000000000004 10.023309895975331 6.5973233459812821 2.0702014800190822 2.5447302893091477 2.0000484954321047 6.9281776707425839
decision_type=2 2 2 2 2 2 2
left_child=1 2 3 -1 -4 6 -3
right_child=-2 5 4 -5 -6 -7 -8
leaf_value=-0.020243276016650914 0.059414377450884993 0.055378010201886499 -0.057379834171378458 0.053933510738637981 0.0046323417616893348 0.071511140394275266 -0.033511106072058476
leaf_weight=131.45644544064999 145.09360040724277 44.300987839698792 327.20035597681999 85.173627272248268 68.681893855333328 80.057223856449127 49.92433212697506
leaf_count=402 475 130 1289 257 200 246 201
internal_value=-0.00150021 -0.0127335 -0.0269773 0.00892122 -0.0466213 0.037326 0.00828101
internal_weight=931.888 786.795 612.512 216.63 395.882 174.283 94.2253
internal_count=3200 2725 2148 659 1489 577 331
is_linear=0
shrinkage=0.1


Tree=36
num_leaves=8
num_cat=0
split_feature=0 11 4 3 5 7 11
split_gain=35.7144 23.5733 18.514 21.0548 8.81999 8.56687 4.21983
threshold=7.5165000198740062 0.99270154744239936 1.5000000000000002 68.524451314651884 2.1773756745968034 0.44244406443006573 0.82898943933265568
decision_type=2 2 2 2 2 2 2
left_child=6 4 -3 -4 5 -2 -1
right_child=1 2 3 -5 -6 -7 -8
leaf_value=-0.0037515415848267913 -0.07459847994464705 -0.073720059012049158 -0.069096700659191407 0.052498782326505192 -0.031215267462641968 0.12336904246644015 -0.068308091356718156
leaf_weight=12.257503170520065 2.3361297622323027 23.535395113751292 18.107262114062905 66.678166799247265 4.9843434989452353 33.996633917093277 58.213173570111394
leaf_count=263 17 291 207 562 63 123 1674
internal_value=0.00161828 0.0292614 0.0047483 0.0265302 0.0935272 0.11064 -0.0570793
internal_weight=220.109 149.638 108.321 84.7854 41.3171 36.3328 70.4707
internal_count=3200 1263 1060 769 203 140 1937
is_linear=0
shrinkage=0.1


Tree=37
num_leaves=8
num_cat=0
split_feature=1 0 11 5 4 5 11
split_gain=30.23 26.3685 17.6053 17.1915 15.5053 19.4311 14.7084
threshold=3.5000000000000004 7.4147647039544742 0.99270154744239936 2.0552432577215014 1.5000000000000002 2.0052380963768948 0.90829916485292028
decision_type=2 2 2 2 2 2 2
left_child=4 2 -2 -3 5 -1 -7
right_child=1 3 -4 -5 -6 6 -8
leaf_value=0.01728205576893253 0.02297936604612117 0.040361294835380312 -0.064497516208031055 -0.031803112647682111 0.022576662162119669 0.058101686933670099 -0.057283453044957668
leaf_weight=121.80354553461075 27.29921580851078 74.387622073292732 146.32358573377132 59.350087434053421 483.37111505866051 12.678503602743147 85.881324335932732
leaf_count=378 87 259 460 171 1545 37 263
internal_value=0.00112715 -0.0250368 -0.0507433 0.00833619 0.0125544 -0.00942952 -0.0424406
internal_weight=1011.09 307.361 173.623 133.738 703.734 220.363 98.5598
internal_count=3200 977 547 430 2223 678 300
is_linear=0
shrinkage=0.1


Tree=38
num_leaves=8
num_cat=0
split_feature=1 4 3 11 11 0 5
split_gain=60.8494 46.0887 23.8056 22.6761 22.4392 21.012 17.9218
threshold=3.5000000000000004 1.5000000000000002 60.201014294899743 0.99270154744239936 0.99270154744239936 7.4710417129703481 2.0000484954321047
decision_type=2 2 2 2 2 2 2
left_child=1 3 -3 -1 -2 -6 -7
right_child=4 2 -4 -5 5 6 -8
leaf_value=-0.059651731906833871 -0.026960183456988387 0.0015983679910300281 -0.052482918123762191 0.033413177825606599 0.071459263393480785 -0.034523242424081717 0.053410350941581877
leaf_weight=30.77690027654171 47.161693662405014 110.5165791362524 308.85827082395554 175.35087075829506 150.67016988992691 44.794157534837723 48.029902279376984
leaf_count=106 161 368 1177 572 475 198 143
internal_value=-0.00163275 -0.0192006 -0.038231 0.0195177 0.0361739 0.0484021 0.0109762
internal_weight=916.159 625.503 419.375 206.128 290.656 243.494 92.8241
internal_count=3200 2223 1545 678 977 816 341
is_linear=0
shrinkage=0.1


Tree=39
num_leaves=8
num_cat=0
split_feature=0 1 2 4 11 11 0
split_gain=32.7677 21.8819 20.4831 22.5985 4.18234 4.15926 4.7397
threshold=7.5165000198740062 3.5000000000000004 1.5547736549055824 1.5000000000000002 0.99270154744239936 0.82898943933265568 6.4995459286319752
decision_type=2 2 2 2 2 2 2
left_child=5 2 -2 -4 -3 6 -1
right_child=1 4 3 -5 -6 -7 -8
leaf_value=-0.068946834426740558 -0.056820795052322029 0.0074197989599608305 -0.024413770182139746 0.089226349314345532 -0.071028816988749632 -0.068194788562540271 0.055632940444396643
leaf_weight=5.8287461623549444 16.182495154440403 9.9446375370025653 22.42299684882164 79.690103156492114 21.463767690584064 54.313915027305484 6.4149461109191179
leaf_count=127 141 66 201 523 332 1674 136
internal_value=0.00205237 0.028007 0.047707 0.0642721 -0.0461901 -0.0563259 -0.00367465
internal_weight=216.262 149.704 118.296 102.113 31.4084 66.5576 12.2437
internal_count=3200 1263 865 724 398 1937 263
is_linear=0
shrinkage=0.1


Tree=40
num_leaves=8
num_cat=0
split_feature=7 10 0 5 5 0 3
split_gain=28.9314 22.3381 22.0481 18.3904 15.8095 13.934 10.7513
threshold=0.50930754827664593 10.023309895975331 7.6233225051195275 2.0000484954321047 2.5176479064829391 7.5165000198740062 57.065279745553589
decision_type=2 2 2 2 2 2 2
left_child=1 2 3 -1 -2 -6 -7
right_child=4 -3 -4 -5 5 6 -8
leaf_value=-0.0036999972344260745 0.019603233598622496 -0.071841080977804159 0.032985115307427169 -0.070886019605496384 -0.054110296262417201 -0.053971257177311896 0.052408092042703337
leaf_weight=105.32961603999138 568.06559008359909 73.296971648931503 83.381571516394615 66.439764276146889 60.101456642150879 13.724552333354948 30.868372559547424
leaf_count=329 1827 237 275 215 189 38 90
internal_value=0.0011447 -0.023184 -0.00920639 -0.0296873 0.0130222 -0.0226859 0.0196673
internal_weight=1001.21 328.448 255.151 171.769 672.76 104.694 44.5929
internal_count=3200 1056 819 544 2144 317 128
is_linear=0
shrinkage=0.1


Tree=41
num_leaves=8
num_cat=0
split_feature=7 3 0 3 5 2 2
split_gain=56.4571 38.7602 22.4127 21.0904 20.8609 17.4529 17.3434
threshold=0.5011997598043535 59.518825958162374 6.4810084088750717 60.201014294899743 2.0000484954321047 1.439135136083997 1.604118800152418
decision_type=2 2 2 2 2 2 2
left_child=3 -2 6 -1 5 -5 -3
right_child=1 2 -4 4 -6 -7 -8
leaf_value=0.081169378415343107 0.021515881986438612 0.076851793599849727 -0.050776050744206207 0.097901151149521734 0.051917350496379328 -0.021499044441981367 -0.017863931361695947
leaf_weight=71.097132161259651 167.04796171188354 23.153680592775345 295.31594663858414 13.738161787390707 104.49638977646828 112.42007231712341 117.14579236507416
leaf_count=231 549 70 1209 47 323 403 368
internal_value=-0.00175797 -0.0194372 -0.0351417 0.0335512 0.0188734 -0.00849681 -0.00223296
internal_weight=904.415 602.663 435.615 301.752 230.655 126.158 140.299
internal_count=3200 2196 1647 1004 773 450 438
is_linear=0
shrinkage=0.1


Tree=42
num_leaves=8
num_cat=0
split_feature=0 7 6 10 11 5 9
split_gain=29.9582 19.7229 20.4555 20.9642 4.1131 4.73236 8.76334
threshold=7.5165000198740062 0.50498409578820069 2.5000000000000004 10.023309895975331 0.82898943933265568 1.653610716255876 7.130797935720846
decision_type=2 2 2 2 2 2 2
left_child=4 -2 3 -3 5 6 -1
right_child=1 2 -4 -5 -6 -7 -8
leaf_value=0.19766750678447484 -0.054993030382094514 0.076666384758116907 -0.062247750888422673 -0.045744970394458774 -0.068090870815346691 -0.054856557302110531 -0.069085871217832981
leaf_weight=2.6152615360915643 24.715753845870495 92.966277476400137 16.17138790525496 16.468980515375733 50.675369650125504 7.2453063074499369 2.3276498392224312
leaf_count=40 385 602 118 158 1674 175 48
internal_value=0.00242207 0.0266639 0.0427317 0.0582446 -0.0555463 -0.00338918 0.0720516
internal_weight=213.186 150.322 125.607 109.435 62.8636 12.1882 4.94291
internal_count=3200 1263 878 760 1937 263 88
is_linear=0
shrinkage=0.1


Tree=43
num_leaves=8
num_cat=0
split_feature=4 1 5 5 2 0 6
split_gain=26.429 18.2687 16.0854 14.7561 11.7085 10.9987 9.66009
threshold=1.5000000000000002 3.5000000000000004 2.1075199693398963 2.5017166779461557 1.661127336317971 7.4333301429597727 2.5000000000000004
decision_type=2 2 2 2 2 2 2
left_child=1 2 4 -2 -1 -5 -7
right_child=3 -3 -4 5 -6 6 -8
leaf_value=-0.050013272800011888 0.018140222767513151 -0.063667404423516261 -0.04396886342083714 -0.051868756878151484 0.026316093325014278 0.032964432593194766 -0.085836517350614372
leaf_weight=24.521441012620926 583.23459269106388 82.743472844362259 80.036706387996674 57.741256043314934 111.36582753062248 40.209523990750313 8.2485716342926008
leaf_count=78 1922 265 252 193 348 118 24
internal_value=0.00113311 -0.0237149 -0.00840484 0.0118974 0.0125421 -0.0223873 0.0127421
internal_weight=988.101 298.667 215.924 689.434 135.887 106.199 48.4581
internal_count=3200 943 678 2257 426 335 142
is_linear=0
shrinkage=0.1


Tree=44
num_leaves=8
num_cat=0
split_feature=4 1 2 11 5 5 1
split_gain=53.5355 35.1857 21.7602 21.6641 18.451 18.2936 16.1901
threshold=1.5000000000000002 3.5000000000000004 1.4889255073677694 0.99270154744239936 2.0000484954321047 2.491318782546962 3.5000000000000004
decision_type=2 2 2 2 2 2 2
left_child=3 2 -2 -1 -3 -4 -5
right_child=1 4 5 6 -6 -7 -8
leaf_value=-0.030468830959968454 0.021397193060498362 -0.012843518436300447 -0.056145768735525625 0.029910523298506547 0.047438918142146173 0.0030762542701608321 0.08817555255092778
leaf_weight=43.849308997392654 57.232849530875683 108.92560487985611 281.54344315826893 172.60189817845821 95.105403065681458 64.019912987947464 65.898634403944016
leaf_count=154 208 411 1139 572 301 198 217
internal_value=-0.00183988 -0.0185773 -0.0357151 0.0341322 0.0152561 -0.0451742 0.0460094
internal_weight=889.177 606.827 402.796 282.35 204.031 345.563 238.501
internal_count=3200 2257 1545 943 712 1337 789
is_linear=0
shrinkage=0.1


Tree=45
num_leaves=8
num_cat=0
split_feature=0 11 4 3 1 3 11
split_gain=27.2821 18.9429 15.3187 17.5366 7.34492 4.58282 3.99673
threshold=7.5165000198740062 0.99270154744239936 1.5000000000000002 68.524451314651884 3.5000000000000004 60.201014294899743 0.82898943933265568
decision_type=2 2 2 2 2 2 2
left_child=6 4 -3 -4 5 -2 -1
right_child=1 2 3 -5 -6 -7 -8
leaf_value=-0.0038923294084470088 0.03265672318195225 -0.073139227957732547 -0.068823340160406352 0.043806664532011569 0.0063902637216582698 0.12399821998858306 -0.067991577269930797
leaf_weight=12.253641430288551 6.9827758930623522 21.254319122061133 17.229927258566022 69.935700457543135 9.9487443007528764 25.742804706096649 47.184055414050817
leaf_count=263 36 291 207 562 66 101 1674
internal_value=0.00261795 0.025196 0.00298196 0.0215432 0.0816339 0.104508 -0.0547769
internal_weight=210.532 151.094 108.42 87.1656 42.6743 32.7256 59.4377
internal_count=3200 1263 1060 769 203 137 1937
is_linear=0
shrinkage=0.1


Tree=46
num_leaves=8
num_cat=0
split_feature=10 0 6 0 2 0 5
split_gain=27.1911 17.4906 16.8305 13.2041 12.5141 19.2655 10.5484
threshold=9.9856842391505527 7.4955344668592083 2.5000000000000004 7.6233225051195275 1.4889255073677694 7.5165000198740062 2.0857142232634316
decision_type=2 2 2 2 2 2 2
left_child=2 -2 4 -4 5 -1 -3
right_child=1 6 3 -5 -6 -7 -8
leaf_value=-0.059069781539766442 -0.05518726785973415 0.032049097108043753 -0.048738092616010087 0.019318642593655986 0.021462517513649502 0.040284868791119512 -0.041360037859846148
leaf_weight=50.046627968549728 122.57841138541698 51.645664229989052 78.76356415450573 44.679550588130951 566.78953497111797 31.992606103420258 31.521003842353821
leaf_count=162 396 182 254 135 1873 104 94
internal_value=0.0011333 -0.031171 0.00973966 -0.0241053 0.0161789 -0.0203247 0.0042263
internal_weight=978.017 205.745 772.272 123.443 648.829 82.0392 83.1667
internal_count=3200 672 2528 389 2139 266 276
is_linear=0
shrinkage=0.1


Tree=47
num_leaves=8
num_cat=0
split_feature=10 6 0 5 5 7 0
split_gain=50.569 41.4582 35.4815 20.9579 17.3267 13.5025 12.2158
threshold=10.023309895975331 2.5000000000000004 6.5846298480311711 2.0702014800190822 2.5447302893091477 0.51379722854601895 7.4955344668592083
decision_type=2 2 2 2 2 2 2
left_child=1 2 3 -1 -4 -2 -7
right_child=5 -3 4 -5 -6 6 -8
leaf_value=-0.017310785207008222 0.077680349939846877 0.040166945930950292 -0.054282042521854403 0.048710231509681734 0.0020575172302483226 0.046268608759164956 -0.021509797224565454
leaf_weight=125.680130392313 72.553754091262817 115.34550523757935 301.4736058190465 77.875266328454018 66.656108364462852 76.849730685353279 40.660548090934753
leaf_count=398 242 392 1296 252 202 244 174
internal_value=-0.0018921 -0.0145214 -0.0255556 0.00794722 -0.0440808 0.0437596 0.0228161
internal_weight=877.095 687.031 571.685 203.555 368.13 190.064 117.51
internal_count=3200 2540 2148 650 1498 660 418
is_linear=0
shrinkage=0.1


Tree=48
num_leaves=8
num_cat=0
split_feature=0 5 2 6 11 11 1
split_gain=25.1352 18.9443 18.6841 18.7441 4.4532 3.95214 4.44233
threshold=7.5165000198740062 1.9771269929954973 1.5547736549055824 2.5000000000000004 0.95066812101378251 0.82898943933265568 2.5000000000000004
decision_type=2 2 2 2 2 2 2
left_child=5 2 -2 -4 -3 6 -1
right_child=1 4 3 -5 -6 -7 -8
leaf_value=0.052262580846244237 -0.062914515180951924 0.010699459626050773 0.073561585898883286 -0.056638795388611121 -0.069131884798280349 -0.067901767306590963 -0.068827593710279147
leaf_weight=6.5713049620389921 14.630874667316673 10.262276977300642 91.274749875068665 12.581130113452671 21.897555878385901 44.021477404050529 5.6213342100381851
leaf_count=130 102 89 519 80 473 1674 133
internal_value=0.00311619 0.0244096 0.0428845 0.0577891 -0.0436575 -0.0539474 -0.00356523
internal_weight=206.861 150.647 118.487 103.856 32.1598 56.2141 12.1926
internal_count=3200 1263 701 599 562 1937 263
is_linear=0
shrinkage=0.1


Tree=49
num_leaves=8
num_cat=0
split_feature=3 0 2 11 0 5 4
split_gain=25.5731 17.1626 13.7542 13.545 11.7011 11.3494 11.0603
threshold=61.195655702033065 7.4955344668592083 1.4889255073677694 2.9191735343591625 7.4601620251490344 2.6249719991171694 1.5000000000000002
decision_type=2 2 2 2 2 2 2
left_child=1 3 4 -1 -2 6 -3
right_child=2 5 -4 -5 -6 -7 -8
leaf_value=0.0062999415097228402 -0.056610080382177533 -0.033726144490572041 0.015910076784018221 -0.065637226274413929 0.017168628958546161 -0.06921223664464296 0.043691801540035408
leaf_weight=34.248687997460365 52.083829417824745 26.827415555715561 628.04415148496628 111.02011728286743 36.603597566485405 17.316309243440628 59.121188551187515
leaf_count=109 171 80 2109 362 122 49 198
internal_value=0.00111962 -0.0265214 0.0107044 -0.0486773 -0.0261597 0.00464655 0.0195271
internal_weight=965.265 248.534 716.732 145.269 88.6874 103.265 85.9486
internal_count=3200 798 2402 471 293 327 278
is_linear=0
shrinkage=0.1


Tree=50
num_leaves=8
num_cat=0
split_feature=3 7 4 0 7 0 11
split_gain=48.6791 35.9939 18.8507 15.5401 15.4943 13.7235 12.986
threshold=60.201014294899743 0.5011997598043535 1.5000000000000002 7.4832713567626712 0.49885618854686931 6.6902227568247961 1.9919197354721005
decision_type=2 2 2 2 2 2 2
left_child=4 3 5 -2 -1 -3 -6
right_child=1 2 -4 -5 6 -7 -8
leaf_value=0.077415133766139912 0.035218282228548545 0.037135258740456423 -0.048954106510897787 -0.020678311841160361 -0.033854848479028914 -0.028518833820050573 0.035101681155766645
leaf_weight=67.733496233820915 145.51764851808548 51.72277569770813 275.12915924191475 75.565684109926224 34.600449100136757 82.812453933060169 129.61811284720898
leaf_count=228 485 164 1171 288 119 306 439
internal_value=-0.00199994 -0.0164049 -0.0339538 0.016113 0.0371716 -0.00327777 0.0205727
internal_weight=862.7 630.748 409.664 221.083 231.952 134.535 164.219
internal_count=3200 2414 1641 773 786 470 558
is_linear=0
shrinkage=0.1


Tree=51
num_leaves=8
num_cat=0
split_feature=0 1 5 10 11 5 3
split_gain=23.0305 17.7914 16.5713 16.777 3.89782 4.01813 7.59196
threshold=7.5165000198740062 3.5000000000000004 2.1773756745968034 10.023309895975331 0.82898943933265568 1.653610716255876 100.9418053719661
decision_type=2 2 2 2 2 2 2
left_child=4 2 3 -2 5 6 -1
right_child=1 -3 -4 -5 -6 -7 -8
leaf_value=0.20512436657398708 0.070677186090434177 -0.04564725364861788 -0.05695705264702651 -0.0437931030204902 -0.067821368079172772 -0.053961265678274299 -0.038078693210897255
leaf_weight=2.1813710704445821 90.708546733483672 29.951711822301149 15.261752583086489 14.907726388424633 41.144800869747996 6.8451014570891857 3.1185973044484854
leaf_count=37 456 398 278 131 1674 175 51
internal_value=0.00338294 0.0233488 0.0404449 0.0545197 -0.0531277 -0.00334869 0.0620193
internal_weight=204.12 150.83 120.878 105.616 53.2899 12.1451 5.29997
internal_count=3200 1263 865 587 1937 263 88
is_linear=0
shrinkage=0.1


Tree=52
num_leaves=8
num_cat=0
split_feature=6 2 0 5 0 10 5
split_gain=20.9235 15.3831 14.5907 12.2415 14.6535 11.3354 15.8716
threshold=2.5000000000000004 1.4889255073677694 7.4601620251490344 2.1075199693398963 7.4710417129703481 9.9856842391505527 2.0191942913340166
decision_type=2 2 2 2 2 2 2
left_child=1 2 -1 4 -2 -3 -7
right_child=3 5 -4 -5 -6 6 -8
leaf_value=-0.060756833438423807 -0.043043800239475932 0.019327698865677215 0.017531554260473578 -0.071533598273216967 0.037746710370513761 0.01465514811778669 -0.050490333148495638
leaf_weight=59.504222244024277 57.978423297405243 553.1714306473732 39.68090532720089 53.714146472513676 36.636409133672714 94.337189897894859 61.962430953979492
leaf_count=195 181 1873 135 180 114 311 211
internal_value=0.00111899 0.00745179 -0.0294361 -0.033406 -0.0117604 0.0126088 -0.0111707
internal_weight=956.985 808.656 99.1851 148.329 94.6148 709.471 156.3
internal_count=3200 2725 330 475 295 2395 522
is_linear=0
shrinkage=0.1


Tree=53
num_leaves=8
num_cat=0
split_feature=1 4 0 6 11 3 0
split_gain=44.5853 30.7753 18.9008 16.7143 16.0813 15.5765 16.6609
threshold=3.5000000000000004 1.5000000000000002 6.4658779849990777 2.5000000000000004 0.99270154744239936 69.578261450032628 7.4955344668592083
decision_type=2 2 2 2 2 2 2
left_child=1 4 -3 5 -1 -2 -7
right_child=3 2 -4 -5 -6 6 -8
leaf_value=-0.055028159748972974 0.061365946484487122 -0.002599619439720945 -0.049972486954684224 0.083838346631035052 0.026121479377551549 0.026533800896131263 -0.040957678231465115
leaf_weight=28.574200995266438 63.860860258340836 125.52551060914993 255.95021614432335 49.350246250629425 167.97695551812649 104.90853999555111 56.154658824205399
leaf_count=106 218 405 1140 163 572 353 243
internal_value=-0.00206662 -0.0178216 -0.0343843 0.0311367 0.0143241 0.0195735 0.00300291
internal_weight=852.301 578.027 381.476 274.274 196.551 224.924 161.063
internal_count=3200 2223 1545 977 678 814 596
is_linear=0
shrinkage=0.1


Tree=54
num_leaves=8
num_cat=0
split_feature=0 7 4 2 11 11 5
split_gain=21.1675 16.7329 16.5418 17.1521 6.69067 2.95031 4.563
threshold=7.4333301429597727 0.50498409578820069 1.5000000000000002 1.5322700981394595 0.99270154744239936 0.82898943933265568 1.653610716255876
decision_type=2 2 2 2 2 2 2
left_child=5 -2 4 -4 -3 6 -1
right_child=1 2 3 -5 -6 -7 -8
leaf_value=0.055746599994128426 -0.054692930785636522 0.031071000244071136 -0.058218081114545309 0.069163657638958626 -0.074311976476059707 -0.067746159598608857 -0.068496205100942953
leaf_weight=5.5506999399512988 23.978771390393376 9.5753110237419623 11.966004095971583 90.649835467338562 16.246749287471175 36.794695997610688 6.3237095847725868
leaf_count=86 413 39 106 584 199 1604 169
internal_value=0.00365683 0.0219907 0.0363072 0.0543097 -0.035234 -0.0537593 -0.0104188
internal_weight=201.086 152.417 128.438 102.616 25.8221 48.6691 11.8744
internal_count=3200 1341 928 690 238 1859 255
is_linear=0
shrinkage=0.1


Tree=55
num_leaves=8
num_cat=0
split_feature=7 0 5 3 5 11 0
split_gain=20.2618 15.942 12.4424 13.1832 11.5926 12.6957 11.9236
threshold=0.50930754827664593 7.6166241856582966 1.9434161962926941 60.201014294899743 2.5017166779461557 0.32528513546339261 7.4333301429597727
decision_type=2 2 2 2 2 2 2
left_child=1 2 3 -1 -2 -6 -7
right_child=4 -3 -4 -5 5 6 -8
leaf_value=-0.077033913807402155 0.017232222422494919 0.011266761864632123 -0.066125597282644125 0.0022425401374456858 0.090613678116786445 -0.063618937368713005 0.0081076888250708242
leaf_weight=27.126648992300034 534.39482785761356 107.56209421157837 82.966546684503555 92.521363586187363 9.5135722160339338 50.425196222960949 42.888833165168762
leaf_count=86 1814 367 307 296 29 173 128
internal_value=0.0011126 -0.0198484 -0.0363666 -0.0157311 0.0113157 -0.0194326 -0.0306521
internal_weight=947.399 310.177 202.615 119.648 637.222 102.828 93.314
internal_count=3200 1056 689 382 2144 330 301
is_linear=0
shrinkage=0.1


Tree=56
num_leaves=8
num_cat=0
split_feature=7 5 0 4 0 4 3
split_gain=41.3534 28.4626 23.3885 15.9256 14.0847 13.2317 12.7734
threshold=0.5011997598043535 2.491318782546962 6.4658779849990777 1.5000000000000002 7.6365135501424186 1.5000000000000002 50.486380263069819
decision_type=2 2 2 2 2 2 2
left_child=3 2 5 -1 -5 -2 -4
right_child=1 -3 6 4 -6 -7 -8
leaf_value=0.063832575714600423 0.045457716671213622 0.028452186188198638 -0.010636304029807492 0.030480909446413976 -0.028202426614264104 -0.01741837713085486 -0.057837344248532374
leaf_weight=89.48321707546711 49.09770368039608 106.77312211692333 77.772449217736721 136.24469858407974 58.444032192230225 105.14511780440807 218.14774938672781
leaf_count=307 155 347 285 460 237 337 1072
internal_value=-0.00212745 -0.0179661 -0.0289759 0.028914 0.0128646 0.00259599 -0.0454322
internal_weight=841.108 556.936 450.163 284.172 194.689 154.243 295.92
internal_count=3200 2196 1849 1004 697 492 1357
is_linear=0
shrinkage=0.1


Tree=57
num_leaves=8
num_cat=0
split_feature=5 7 1 3 11 11 3
split_gain=20.3744 18.1485 17.7099 18.0172 5.434 3.10799 3.0753
threshold=1.9771269929954973 0.50498409578820069 3.5000000000000004 60.201014294899743 0.99270154744239936 0.95066812101378251 131.35354218437575
decision_type=2 2 2 2 2 2 2
left_child=1 -1 3 -3 -4 6 -2
right_child=5 2 4 -5 -6 -7 -8
leaf_value=-0.054745489514941008 -0.058264855118142347 -0.034827215195172359 0.031082570988268061 0.076384837832835589 -0.071274213721968835 -0.068415621056119896 0.03378657898119438
leaf_weight=25.37492065411061 7.4227550476789457 17.711133757606149 7.5757209919393089 82.072341909632087 16.446764927357435 34.43066484015435 7.1016802499070764
leaf_count=587 136 193 62 639 315 1187 81
internal_value=0.00392757 0.0222973 0.0380878 0.0566452 -0.038995 -0.0520505 -0.0132566
internal_weight=198.136 149.181 123.806 99.7835 24.0225 48.9551 14.5244
internal_count=3200 1796 1209 832 377 1404 217
is_linear=0
shrinkage=0.1


Tree=58
num_leaves=8
num_cat=0
split_feature=10 2 0 0 5 11 11
split_gain=20.5219 12.9028 12.2687 12.2074 9.76005 11.33 9.05416
threshold=9.9856842391505527 1.4889255073677694 7.4955344668592083 7.5165000198740062 2.491318782546962 0.73514652556132465 1.9919197354721005
decision_type=2 2 2 2 2 2 2
left_child=1 3 -2 6 -3 -6 -1
right_child=2 4 -4 -5 5 -7 -8
leaf_value=0.024140126063416922 -0.048405329102396852 0.019097195933975693 0.0025605298700348226 0.018898529030726474 0.059418670621538987 -0.029490911947725726 -0.075642831637547689
leaf_weight=11.409894973039625 116.13974798470736 542.83399672806263 79.60776349902153 36.481408029794693 17.22852398455143 85.275942161679268 44.794144846498966
leaf_count=39 396 1871 276 126 53 287 152
internal_value=0.00110736 0.00874221 -0.0276782 -0.0261473 0.0137532 -0.0145474 -0.055386
internal_weight=933.771 738.024 195.748 92.6854 645.338 102.504 56.204
internal_count=3200 2528 672 317 2211 340 191
is_linear=0
shrinkage=0.1


Tree=59
num_leaves=8
num_cat=0
split_feature=1 10 0 11 5 10 5
split_gain=40.7186 27.1531 20.2883 17.1582 15.269 13.2352 13.9101
threshold=3.5000000000000004 10.132174807232758 6.4995459286319752 0.99270154744239936 2.0702014800190822 10.023309895975331 2.0000484954321047
decision_type=2 2 2 2 2 2 2
left_child=1 2 4 -2 -1 6 -5
right_child=3 -3 -4 5 -6 -7 -8
leaf_value=-0.024629155852835132 -0.027871783607994107 0.024946355511224302 -0.044520799015227097 0.003289110589472908 0.040542345781431711 0.088275695890874264 0.05970020330941514
leaf_weight=92.581612199544907 43.044987410306931 118.50614492595196 288.84834457188845 97.659947261214256 58.770683318376541 46.934796899557114 79.130054995417595
leaf_count=304 161 436 1287 376 196 170 270
internal_value=-0.00219535 -0.0175422 -0.0289806 0.0299463 0.000677191 0.0410705 0.0285383
internal_weight=825.477 558.707 440.201 266.77 151.352 223.725 176.79
internal_count=3200 2223 1787 977 500 816 646
is_linear=0
shrinkage=0.1


Tree=60
num_leaves=8
num_cat=0
split_feature=11 0 4 3 5 4 6
split_gain=18.7071 12.2585 12.386 13.7391 9.4666 10.1752 8.54214
threshold=0.99270154744239936 7.5165000198740062 1.5000000000000002 68.524451314651884 2.1773756745968034 1.5000000000000002 2.5000000000000004
decision_type=2 2 2 2 2 2 2
left_child=4 -2 -3 -4 5 -1 -7
right_child=1 2 3 -5 -6 6 -8
leaf_value=-0.0022188059882318895 -0.067645688120630362 -0.073310990662128608 -0.068334078248672978 0.035633177185513086 -0.046093935382766127 0.12067858733693432 -0.021621534843940592
leaf_weight=13.748688627034424 33.959081752225757 18.311427648179233 15.454883386380969 71.581155279651284 8.1934820506721717 28.806023431941867 4.9422450289130202
leaf_count=110 1646 291 207 562 163 188 33
internal_value=0.00418566 -0.015398 0.00144417 0.0171718 0.0531731 0.0702973 0.0998395
internal_weight=194.997 139.307 105.347 87.036 55.6904 47.497 33.7483
internal_count=3200 2706 1060 769 494 331 221
is_linear=0
shrinkage=0.1


Tree=61
num_leaves=8
num_cat=0
split_feature=3 0 2 11 5 7 4
split_gain=18.576 13.8124 11.5673 10.6415 9.27879 9.18861 8.77979
threshold=61.195655702033065 7.4955344668592083 1.4889255073677694 1.1509870052539599 2.6249719991171694 0.49276985163102244 1.5000000000000002
decision_type=2 2 2 2 2 2 2
left_child=1 3 5 -1 6 -2 -3
right_child=2 4 -4 -5 -6 -7 -8
leaf_value=0.01068280228947293 -0.073061818623732955 -0.02838924044918428 0.014358160972598287 -0.057646371616163018 -0.062556508941651809 -0.0024750530875524823 0.041000690288076375
leaf_weight=28.783783882856369 27.164948813617229 26.785794794559479 599.76468073576689 109.50136588513851 16.807082921266556 57.429979830980301 57.116081848740578
leaf_count=94 92 80 2109 377 49 201 198
internal_value=0.00109359 -0.022908 0.00947551 -0.0434238 0.00526247 -0.0251417 0.0188479
internal_weight=923.354 238.994 684.36 138.285 100.709 84.5949 83.9019
internal_count=3200 798 2402 471 327 293 278
is_linear=0
shrinkage=0.1


Tree=62
num_leaves=8
num_cat=0
split_feature=6 3 4 2 10 5 0
split_gain=38.2352 31.167 24.537 14.3423 13.9555 12.8131 11.9006
threshold=2.5000000000000004 60.201014294899743 1.5000000000000002 1.4889255073677694 10.198449443953892 1.9608774299271925 6.4995459286319752
decision_type=2 2 2 2 2 2 2
left_child=1 4 5 -4 6 -3 -1
right_child=-2 2 3 -5 -6 -7 -8
leaf_value=0.05256898732417789 0.046818213975906506 -0.020066447457751282 0.012709217808932992 -0.048576478105440128 0.077283521304962993 0.035925565910833505 -0.0094736954675673883
leaf_weight=44.296730786561966 132.90631231665611 85.10561291873455 44.008639737963676 288.59291085600853 37.978253878653049 78.629326365888119 102.35136050730944
leaf_count=141 475 332 177 1293 132 268 382
internal_value=-0.00224355 -0.0118191 -0.0248672 -0.0404674 0.0232582 0.00682222 0.00926701
internal_weight=813.869 680.963 496.336 332.602 184.626 163.735 146.648
internal_count=3200 2725 2070 1470 655 600 523
is_linear=0
shrinkage=0.1


Tree=63
num_leaves=8
num_cat=0
split_feature=5 7 10 6 11 3 5
split_gain=17.9768 16.1126 16.5204 18.4223 3.03801 2.71479 3.45749
threshold=1.9771269929954973 0.50498409578820069 10.023309895975331 2.5000000000000004 0.95066812101378251 131.35354218437575 2.385961459695594
decision_type=2 2 2 2 2 2 2
left_child=1 -1 3 -3 5 -2 -7
right_child=4 2 -4 -5 -6 6 -8
leaf_value=-0.053775755044708141 -0.05721563489446229 0.067439278446562001 -0.050552274851643542 -0.058939796410508206 -0.068313040174259404 0.077869899521544814 -0.070587034630171075
leaf_weight=23.881716059520841 6.8952715611085278 91.281671389937401 18.714892408810556 13.202654818072913 30.959853603504598 4.9179722927510738 2.3035935992375016
leaf_count=587 136 811 254 144 1187 42 39
internal_value=0.0044669 0.0213996 0.035972 0.05147 -0.0507828 -0.012337 0.0305139
internal_weight=192.158 147.081 123.199 104.484 45.0767 14.1168 7.22157
internal_count=3200 1796 1209 955 1404 217 81
is_linear=0
shrinkage=0.1


Tree=64
num_leaves=8
num_cat=0
split_feature=1 0 11 5 2 6 2
split_gain=17.5623 14.728 11.7843 11.5627 7.74568 7.53171 7.18446
threshold=3.5000000000000004 7.4147647039544742 0.99270154744239936 2.4701993603035164 1.7379089392495715 2.5000000000000004 1.4889255073677694
decision_type=2 2 2 2 2 2 2
left_child=6 2 -2 5 -4 -3 -1
right_child=1 3 4 -5 -6 -7 -8
leaf_value=-0.017153828028169001 0.022549317163616397 0.035297520987142339 -0.095777381189266653 -0.054165706529423964 -0.038712822306615852 -0.035298826669459986 0.014332968775319891
leaf_weight=83.387798473238945 25.002304449677467 78.461476385593414 31.285822004079819 25.324537768959999 99.229016952216625 18.717357575893402 553.30732238292694
leaf_count=284 87 297 117 75 343 58 1939
internal_value=0.00105286 -0.019916 -0.0403436 0.00601676 -0.0523918 0.0217001 0.0102092
internal_weight=914.716 278.021 155.517 122.503 130.515 97.1788 636.695
internal_count=3200 977 547 430 460 355 2223
is_linear=0
shrinkage=0.1


Tree=65
num_leaves=8
num_cat=0
split_feature=1 4 7 11 11 2 5
split_gain=37.2496 24.8713 15.149 14.3883 13.674 11.7095 11.8921
threshold=3.5000000000000004 1.5000000000000002 0.49885618854686931 0.99270154744239936 0.99270154744239936 1.5931802431101374 2.0000484954321047
decision_type=2 2 2 2 2 2 2
left_child=1 4 -3 -2 -1 -5 -7
right_child=3 2 -4 5 -6 6 -8
leaf_value=-0.053617744963977122 -0.024836297281313105 -0.0040742080761126459 -0.047658127937389973 0.092906839907729077 0.023237268689491698 0.0067668681974822134 0.057812017861444104
leaf_weight=27.035096690058708 42.068411864340305 121.05757242441177 233.71730607002974 34.050480157136917 161.09087007492781 104.28041504323483 81.163506522774696
leaf_count=106 161 448 1097 131 572 404 281
internal_value=-0.00226414 -0.0172002 -0.0327863 0.0287372 0.0121926 0.0390051 0.0291079
internal_weight=804.464 542.901 354.775 261.563 188.126 219.494 185.444
internal_count=3200 2223 1545 977 678 816 685
is_linear=0
shrinkage=0.1


Tree=66
num_leaves=8
num_cat=0
split_feature=0 1 2 10 11 10 11
split_gain=16.9923 13.8178 14.3239 14.9637 3.46829 3.54364 2.76007
threshold=7.4333301429597727 3.5000000000000004 1.5322700981394595 10.023309895975331 0.99270154744239936 7.9087129939073604 0.82898943933265568
decision_type=2 2 2 2 2 2 2
left_child=6 2 -2 -4 5 -3 -1
right_child=1 4 3 -5 -6 -7 -8
leaf_value=-0.010605649000804185 -0.062785558914892084 0.059550446169972265 0.062519976825358745 -0.044603936384008107 -0.070833958275382858 -0.059873326000325591 -0.067567468700069008
leaf_weight=11.846236484125255 13.287069870159028 5.2689202725887316 91.787269152700901 15.19886884652078 17.275679796002805 4.7019772361963987 30.173372933641076
leaf_count=255 135 33 617 166 352 38 1604
internal_value=0.0045929 0.0205729 0.0351398 0.0473015 -0.0437288 0.00323376 -0.0515087
internal_weight=189.539 147.52 120.273 106.986 27.2466 9.9709 42.0196
internal_count=3200 1341 918 783 423 71 1859
is_linear=0
shrinkage=0.1


Tree=67
num_leaves=8
num_cat=0
split_feature=7 5 3 11 0 5 0
split_gain=16.4446 13.4874 12.6616 9.38817 8.52116 8.43155 9.77419
threshold=0.50930754827664593 2.0000484954321047 60.201014294899743 0.82898943933265568 6.4310849859160859 2.5176479064829391 7.5165000198740062
decision_type=2 2 2 2 2 2 2
left_child=1 2 -1 -3 -4 -2 -7
right_child=5 3 4 -5 -6 6 -8
leaf_value=-0.049088930142885893 0.015430330496146916 0.022853028596295566 -0.024226259328618008 -0.055537650568588684 0.030840301240060753 -0.045857451599544213 0.019062294702755087
leaf_weight=41.111705757677555 516.51435965299606 17.930194452404976 40.109915092587471 103.26386001706123 93.858380764722824 52.407975643873215 41.600192755460739
leaf_count=144 1827 60 118 380 354 189 128
internal_value=0.00103572 -0.0182955 -0.000543878 -0.0439401 0.0143535 0.0104168 -0.0171294
internal_weight=906.797 296.274 175.08 121.194 133.968 610.523 94.0082
internal_count=3200 1056 616 440 472 2144 317
is_linear=0
shrinkage=0.1


Tree=68
num_leaves=8
num_cat=0
split_feature=10 0 6 5 11 3 6
split_gain=32.9505 26.3661 19.7718 15.1219 14.8892 11.4504 10.4337
threshold=10.023309895975331 6.4995459286319752 2.5000000000000004 2.5017166779461557 0.99270154744239936 59.518825958162374 2.5000000000000004
decision_type=2 2 2 2 2 2 2
left_child=1 4 3 -3 -1 -6 -2
right_child=6 2 -4 -5 5 -7 -8
leaf_value=-0.046464655426652894 0.026465891754563577 -0.048957884107589542 0.017647349288668967 0.003069851327931741 0.074111573500892633 0.013551338565489497 0.098484555504021659
leaf_weight=31.844974488019943 152.33024880290031 266.77645801007748 78.531165942549706 70.661755636334419 40.978069417178631 131.1213416159153 23.177106641232967
leaf_count=105 577 1326 281 228 143 457 83
internal_value=-0.00227518 -0.0131048 -0.0275454 -0.0380629 0.0163483 0.0279712 0.0359765
internal_weight=795.421 619.914 415.969 337.438 203.944 172.099 175.507
internal_count=3200 2540 1835 1554 705 600 660
is_linear=0
shrinkage=0.1


Tree=69
num_leaves=8
num_cat=0
split_feature=5 4 2 7 11 11 10
split_gain=16.2098 15.3945 15.3226 15.6457 4.56265 2.89292 2.86585
threshold=1.9771269929954973 1.5000000000000002 1.5547736549055824 0.50498409578820069 0.99270154744239936 0.95066812101378251 4.9874994005299564
decision_type=2 2 2 2 2 2 2
left_child=1 4 -3 -4 6 -2 -1
right_child=5 2 3 -5 -6 -7 -8
leaf_value=0.094990945274920163 -0.012537996469500429 -0.060265651704559955 -0.043800320575027397 0.067890629794925869 -0.072953670921609495 -0.068237050368060589 -0.020791373253972567
leaf_weight=2.7831417098641422 13.960553205572067 13.994708581827579 14.705465263687072 85.239851836115122 18.690649443306029 28.08179095806554 9.2198067456483823
leaf_count=14 217 186 357 730 431 1187 78
internal_value=0.00491416 0.0208016 0.0377346 0.051457 -0.0420567 -0.0497417 0.00605525
internal_weight=186.676 144.634 113.94 99.9453 30.6936 42.0423 12.0029
internal_count=3200 1796 1273 1087 523 1404 92
is_linear=0
shrinkage=0.1


Tree=70
num_leaves=8
num_cat=0
split_feature=7 4 5 0 0 5 11
split_gain=14.982 13.5521 12.4853 9.27157 7.98063 7.12202 9.44621
threshold=0.50930754827664593 1.5000000000000002 2.0000484954321047 7.2736874573731409 6.4310849859160859 2.5176479064829391 0.32528513546339261
decision_type=2 2 2 2 2 2 2
left_child=1 -1 4 -4 -3 -2 -7
right_child=5 2 3 -5 -6 6 -8
leaf_value=-0.050073906255418146 0.01463269144454377 -0.021804153812371121 -0.067560253912504017 -0.0012171111365132229 0.034933988629990489 0.080085757014817904 -0.026145031029153856
leaf_weight=89.238232851028442 510.35079435259104 35.525040939450264 39.97797342389822 44.526847369968891 82.043148294091225 9.3037985116243345 83.453470081090927
leaf_count=322 1827 110 162 138 324 29 288
internal_value=0.001005 -0.0176173 -0.00328404 -0.0326031 0.0177897 0.00999989 -0.0154898
internal_weight=894.419 291.311 202.073 84.5048 117.568 603.108 92.7573
internal_count=3200 1056 734 300 434 2144 317
is_linear=0
shrinkage=0.1


Tree=71
num_leaves=8
num_cat=0
split_feature=4 5 0 11 1 11 0
split_gain=32.8877 22.9464 16.3947 14.9391 13.8226 11.7735 11.2081
threshold=1.5000000000000002 1.9771269929954973 7.4955344668592083 0.99270154744239936 3.5000000000000004 20.975593140737654 6.4310849859160859
decision_type=2 2 2 2 2 2 2
left_child=4 6 3 -3 5 -1 -2
right_child=1 2 -4 -5 -6 -7 -8
leaf_value=-0.033811097443203875 -0.010483952222837796 -0.044616756394204794 -0.027404174323981841 0.037368017302709763 0.06397878261180652 0.026257086738400916 -0.05334362934293399
leaf_weight=42.368169285356998 96.51198486238718 26.586826421320438 101.03481696546078 135.4972440674901 72.548604443669319 141.96267302334309 165.89185379445553
leaf_count=168 328 91 410 483 265 510 945
internal_value=-0.00232137 -0.0166555 0.00421205 0.02392 0.0270033 0.0124505 -0.0375799
internal_weight=782.402 525.523 263.119 162.084 256.879 184.331 262.404
internal_count=3200 2257 984 574 943 678 1273
is_linear=0
shrinkage=0.1


Tree=72
num_leaves=8
num_cat=0
split_feature=0 6 10 3 11 11 5
split_gain=14.8925 13.0276 13.1173 14.7454 2.9897 2.68614 3.61227
threshold=7.4333301429597727 2.5000000000000004 10.023309895975331 60.201014294899743 0.95066812101378251 0.82898943933265568 1.653610716255876
decision_type=2 2 2 2 2 2 2
left_child=5 2 3 -2 -4 6 -1
right_child=1 -3 4 -5 -6 -7 -8
leaf_value=0.042625270900103172 -0.037592551284183845 -0.06252134579361715 0.018599189240658797 0.06007261496176565 -0.073175079108136226 -0.067477633223164135 -0.068313254520098579
leaf_weight=6.1642572712153179 18.594573923386633 16.98505877982825 4.8606614246964481 91.668242015875876 13.160511673428116 26.907229010015726 5.6027489248663187
leaf_count=86 221 197 33 675 215 1604 169
internal_value=0.00509702 0.0197784 0.030675 0.0436025 -0.0484218 -0.0500495 -0.0101971
internal_weight=183.943 145.269 128.284 110.263 18.0212 38.6742 11.767
internal_count=3200 1341 1144 896 248 1859 255
is_linear=0
shrinkage=0.1


Tree=73
num_leaves=8
num_cat=0
split_feature=3 0 1 10 7 0 6
split_gain=14.9291 12.2758 8.00105 7.987 9.19769 6.91438 6.87674
threshold=74.068950307731569 7.4955344668592083 3.5000000000000004 9.6068424898978844 0.51379722854601895 6.5471247677544371 1.5000000000000002
decision_type=2 2 2 2 2 2 2
left_child=1 6 -3 -2 -5 -6 -1
right_child=3 2 -4 4 5 -7 -8
leaf_value=-0.019634442708766069 0.01645145196078877 0.024406835367279063 -0.032723834628442541 -0.041989002906281048 -0.032557377526288352 0.024476275958547865 -0.062398217388794988
leaf_weight=94.220286093652248 451.98237673193216 77.995044440031052 35.749765127897263 56.513756901025772 29.794550731778145 74.176497250795364 62.579317651689053
leaf_count=337 1671 266 124 210 98 267 227
internal_value=0.00100484 -0.0185591 0.00645078 0.00964679 -0.00951756 0.00813238 -0.0367016
internal_weight=883.012 270.544 113.745 612.467 160.485 103.971 156.8
internal_count=3200 954 390 2246 575 365 564
is_linear=0
shrinkage=0.1


Tree=74
num_leaves=8
num_cat=0
split_feature=3 2 10 0 7 5 0
split_gain=31.3462 23.2578 21.6343 14.5938 10.1492 10.0231 9.99528
threshold=60.201014294899743 1.5000216059225264 10.023309895975331 6.4658779849990777 0.49885618854686931 2.0052380963768948 7.4710417129703481
decision_type=2 2 2 2 2 2 2
left_child=4 -2 3 -3 -1 -6 -4
right_child=1 2 6 -5 5 -7 -8
leaf_value=0.064982449404422132 0.036816669668965657 -0.0069463942441461111 0.037371829969901148 -0.048708422699916536 -0.0085264401875065881 0.043286718242376919 -0.025316419317064479
leaf_weight=60.826171807944775 75.678274758160114 127.20547240972519 73.432606764137745 244.5344182997942 77.197563841938972 72.304685220122337 38.912306405603886
leaf_count=228 305 447 254 1222 298 260 186
internal_value=-0.00236965 -0.0147368 -0.0227962 -0.0344179 0.0305439 0.0165323 0.0156588
internal_weight=770.091 559.763 484.085 371.74 210.328 149.502 112.345
internal_count=3200 2414 2109 1669 786 558 440
is_linear=0
shrinkage=0.1


Tree=75
num_leaves=8
num_cat=0
split_feature=5 4 11 1 0 11 11
split_gain=14.4091 13.8002 13.4583 12.5606 7.22177 4.18599 2.87566
threshold=1.9771269929954973 1.5000000000000002 0.99270154744239936 3.5000000000000004 6.4995459286319752 0.99270154744239936 0.95066812101378251
decision_type=2 2 2 2 2 2 2
left_child=1 5 4 -4 -3 -1 -2
right_child=6 2 3 -5 -6 -7 -8
leaf_value=0.004124387534492114 -0.011302400333158113 -0.069393398458205843 0.032835856934556477 -0.07116635416886638 0.10960833390930169 -0.072796579012137971 -0.068174772620919019
leaf_weight=12.019274933263661 13.645222159102557 2.461791621521118 70.266157959587872 13.911590053699909 26.685986312106252 17.197263234294951 25.515685797668993
leaf_count=92 217 52 761 333 127 431 1187
internal_value=0.00536759 0.0201278 0.0359265 0.015648 0.09449 -0.0411524 -0.0483582
internal_weight=181.703 142.542 113.326 84.1777 29.1478 29.2165 39.1609
internal_count=3200 1796 1273 1094 179 523 1404
is_linear=0
shrinkage=0.1


Tree=76
num_leaves=8
num_cat=0
split_feature=6 2 5 0 0 11 5
split_gain=15.2287 10.6344 9.7093 11.4894 9.52817 8.23637 7.03643
threshold=2.5000000000000004 1.4889255073677694 2.1075199693398963 7.4710417129703481 7.4601620251490344 0.55314992350647973 2.4701993603035164
decision_type=2 2 2 2 2 2 2
left_child=1 4 3 -2 5 -1 -3
right_child=2 6 -4 -5 -6 -7 -8
leaf_value=0.052271511773341987 -0.039006802173961914 0.015839261747823609 -0.066228787703351263 0.034657786138131939 0.013974816210754099 -0.066279174678133865 -0.012117898241686617
leaf_weight=6.6768280416727057 54.185300171375275 538.75157182663679 47.477691750973463 34.752424404025078 36.942918419837952 47.927370674908161 108.08708458766341
leaf_count=24 181 2010 180 114 135 171 385
internal_value=0.000981695 0.0066528 -0.0297147 -0.0102224 -0.0252472 -0.0517832 0.0111676
internal_weight=874.801 738.386 136.415 88.9377 91.5471 54.6042 646.839
internal_count=3200 2725 475 295 330 195 2395
is_linear=0
shrinkage=0.1


Tree=77
num_leaves=8
num_cat=0
split_feature=1 4 2 5 4 6 5
split_gain=31.1008 21.2322 13.5831 11.7055 11.2615 11.2288 10.4681
threshold=3.5000000000000004 1.5000000000000002 1.4889255073677694 2.0052380963768948 1.5000000000000002 2.5000000000000004 2.0000484954321047
decision_type=2 2 2 2 2 2 2
left_child=1 3 -3 -1 -2 -4 -6
right_child=4 2 5 -5 6 -7 -8
leaf_value=-0.012404322820216994 0.060202672234590818 0.015798788307652328 -0.049070623105385291 0.038560414901511048 -0.0094864928494150791 0.0047549817133400217 0.039379479183766414
leaf_weight=97.925104346126318 71.375136595219374 51.326019279658794 233.98227834701538 83.487827062606812 94.74515900015831 46.452027298510075 81.590438708662987
leaf_count=378 265 208 1154 300 411 183 301
internal_value=-0.00241048 -0.0164569 -0.0314983 0.0110501 0.026689 -0.0401548 0.0131238
internal_weight=760.884 513.173 331.76 181.413 247.711 280.434 176.336
internal_count=3200 2223 1545 678 977 1337 712
is_linear=0
shrinkage=0.1


Tree=78
num_leaves=8
num_cat=0
split_feature=7 3 4 10 11 11 1
split_gain=13.8971 13.4972 13.2274 14.387 4.5978 2.86192 1.91243
threshold=0.50498409578820069 60.201014294899743 1.5000000000000002 10.023309895975331 0.99270154744239936 0.90829916485292028 1.0000000180025095e-35
decision_type=2 2 2 2 2 2 2
left_child=-1 5 4 -4 -3 6 -2
right_child=1 2 3 -5 -6 -7 -8
leaf_value=-0.056698650832042986 0.05581123073191821 0.015146910252142036 0.064046692746560094 -0.043023197072839005 -0.072690577082462446 -0.07272413359197108 -0.03813411625374627
leaf_weight=29.771151350345463 3.4433897752314824 10.578496506437661 84.274877338670194 14.745550378225742 13.647112981881945 16.470963350031525 5.845209214836359
leaf_count=1030 21 75 925 234 389 452 74
internal_value=0.00567635 0.0181388 0.0318983 0.0481025 -0.0343349 -0.0476933 -0.0033075
internal_weight=178.777 149.006 123.246 99.0204 24.2256 25.7596 9.2886
internal_count=3200 2170 1623 1159 464 547 95
is_linear=0
shrinkage=0.1


Tree=79
num_leaves=8
num_cat=0
split_feature=7 1 5 0 11 5 0
split_gain=14.0417 12.2163 10.925 7.29806 7.02504 5.93638 8.36944
threshold=0.50930754827664593 3.5000000000000004 2.0191942913340166 6.4995459286319752 1.1006630792856298 2.5176479064829391 6.6114300995739885
decision_type=2 2 2 2 2 2 2
left_child=1 2 3 -1 -3 -2 -7
right_child=5 4 -4 -5 -6 6 -8
leaf_value=-0.019569129346100542 0.01403934291567609 0.0087211394696143155 -0.033912942237172297 0.032564200121255021 -0.062914169032531289 -0.068572619117904229 0.003136910334648314
leaf_weight=40.461415342986584 495.94157646596432 17.061831288039684 73.464567482471466 79.832088604569435 69.265764608979225 21.344483368098736 68.538446292281151
leaf_count=127 1827 62 273 315 279 100 217
internal_value=0.000948736 -0.017468 -0.00352773 0.0150289 -0.0487561 0.00975385 -0.0138919
internal_weight=865.91 280.086 193.758 120.294 86.3276 585.825 89.8829
internal_count=3200 1056 715 442 341 2144 317
is_linear=0
shrinkage=0.1


Tree=80
num_leaves=8
num_cat=0
split_feature=7 3 10 1 6 5 5
split_gain=29.1267 19.6839 12.7403 11.4448 9.71121 9.3913 8.74001
threshold=0.5011997598043535 59.518825958162374 9.9856842391505527 3.5000000000000004 2.5000000000000004 2.0191942913340166 2.1568336967129667
decision_type=2 2 2 2 2 2 2
left_child=3 -2 4 5 -3 -1 -4
right_child=1 2 6 -5 -6 -7 -8
leaf_value=-0.0084813564901444743 0.014565866733793585 -0.048940646322054242 -0.017300210036073221 0.056112811990699819 -0.00034318741942474798 0.03865338429412829 0.05256546563059538
leaf_weight=104.38523255288601 143.93861032277346 219.20350750349462 55.66750880330801 80.684826537966728 50.613758958876133 71.038191400468349 26.395481497049332
leaf_count=419 549 1124 239 324 192 261 92
internal_value=-0.00244215 -0.0165873 -0.0293307 0.0249425 -0.0398245 0.010606 0.00517202
internal_weight=751.927 495.819 351.88 256.108 269.817 175.423 82.063
internal_count=3200 2196 1647 1004 1316 680 331
is_linear=0
shrinkage=0.1


Tree=81
num_leaves=8
num_cat=0
split_feature=5 1 2 6 11 11 7
split_gain=13.2341 12.6921 13.7261 13.3721 3.05285 2.82164 2.61411
threshold=1.9771269929954973 3.5000000000000004 1.5547736549055824 2.5000000000000004 0.99270154744239936 0.95066812101378251 0.82143580168134767
decision_type=2 2 2 2 2 2 2
left_child=1 2 -1 -4 6 -2 -3
right_child=5 4 3 -5 -6 -7 -8
leaf_value=-0.061425295562035201 -0.010714609322374976 -0.030551395236089199 0.060037529028156282 -0.05535265028417248 -0.070567591642280811 -0.068131648351217211 0.086821356130720256
leaf_weight=13.207690439186988 13.45395901147276 7.1635492816567439 89.024113616906106 11.319963547401128 15.872329375706611 23.52428431622684 2.5812762938439846
leaf_count=186 217 69 914 145 463 1187 19
internal_value=0.00593362 0.0200626 0.0344064 0.0470202 -0.0435184 -0.0472414 0.000539105
internal_weight=176.147 139.169 113.552 100.344 25.6172 36.9782 9.74483
internal_count=3200 1796 1245 1059 551 1404 88
is_linear=0
shrinkage=0.1


Tree=82
num_leaves=8
num_cat=0
split_feature=10 6 3 0 0 11 5
split_gain=13.1209 8.8337 9.47018 9.3138 7.93516 14.5628 10.2063
threshold=9.9856842391505527 2.5000000000000004 61.195655702033065 7.4710417129703481 6.4995459286319752 0.99270154744239936 1.9608774299271925
decision_type=2 2 2 2 2 2 2
left_child=4 2 -2 -4 5 -1 -7
right_child=1 -3 3 -5 -6 6 -8
leaf_value=0.052651115429253798 -0.057235307307724172 -0.081101816396570159 -0.023564279628942572 0.033598840359938043 0.014147563276893073 -0.0011884078854883893 -0.052496378172360227
leaf_weight=31.187906570732594 39.165226731449366 22.879001554101706 70.67981405928731 47.766101151704788 483.33520928025246 95.509239785373211 65.262480366975069
leaf_count=105 147 86 252 187 1829 328 266
internal_value=0.000914657 -0.0230361 -0.0146073 -0.000511907 0.00731613 -0.00988473 -0.022016
internal_weight=855.785 180.49 157.611 118.446 675.295 191.96 160.772
internal_count=3200 672 586 439 2528 699 594
is_linear=0
shrinkage=0.1


Tree=83
num_leaves=8
num_cat=0
split_feature=10 4 1 2 0 5 0
split_gain=26.2937 21.8803 14.4238 11.3731 11.6899 9.84 9.20052
threshold=10.023309895975331 1.5000000000000002 3.5000000000000004 1.5000216059225264 6.2541870912858313 2.0000484954321047 7.2736874573731409
decision_type=2 2 2 2 2 2 2
left_child=1 3 6 -1 -5 -4 -3
right_child=-2 2 5 4 -6 -7 -8
leaf_value=0.080069414343254972 0.032635342768635799 -0.027230507734024308 -0.026015611839714362 0.050220680452193002 -0.0094377172254868896 0.027919691039660983 -0.068285043013660285
leaf_weight=23.301516018807888 165.73230309039354 160.55233853310347 71.490857802331448 43.980938162654638 129.71875914931297 64.203845508396626 82.70721129886806
leaf_count=88 660 649 327 161 500 237 578
internal_value=-0.00246457 -0.0125646 -0.0266178 0.0144681 0.00566785 -0.000496164 -0.0411889
internal_weight=741.688 575.955 378.954 197.001 173.7 135.695 243.26
internal_count=3200 2540 1791 749 661 564 1227
is_linear=0
shrinkage=0.1


Tree=84
num_leaves=8
num_cat=0
split_feature=0 11 3 1 1 3 10
split_gain=12.9102 11.2971 9.14935 10.0332 5.31565 3.04189 2.66531
threshold=7.3654491202329089 0.99270154744239936 68.524451314651884 3.5000000000000004 3.5000000000000004 60.201014294899743 7.9087129939073604
decision_type=2 2 2 2 2 2 2
left_child=-1 4 -3 -4 5 -2 -6
right_child=1 2 3 -5 6 -7 -8
leaf_value=-0.050117485529675654 0.021822842140381216 -0.067900142630509253 0.028658217909215453 -0.070884403916705155 0.044891897470865319 0.097258933460038111 -0.059126902258820307
leaf_weight=33.03956714970991 6.7289153905585399 16.244418637827039 70.002712049987167 11.8379212715663 5.5023021697998029 25.999438079074025 4.4600951243191957
leaf_count=1768 37 328 609 270 35 112 41
internal_value=0.00613864 0.0193417 0.000652807 0.0142598 0.0622809 0.0817494 -0.00167659
internal_weight=173.815 140.776 98.0851 81.8406 42.6908 32.7284 9.9624
internal_count=3200 1432 1207 879 225 149 76
is_linear=0
shrinkage=0.1


Tree=85
num_leaves=8
num_cat=0
split_feature=6 2 0 5 0 11 5
split_gain=12.5057 9.09103 8.31479 8.00019 9.95017 6.98034 5.94769
threshold=2.5000000000000004 1.4889255073677694 7.4601620251490344 2.1075199693398963 7.4710417129703481 0.55314992350647973 2.9283756406846275
decision_type=2 2 2 2 2 2 2
left_child=1 2 5 4 -2 -1 -3
right_child=3 6 -4 -5 -6 -7 -8
leaf_value=0.048511105948764295 -0.036563305031475077 0.012457578468911662 0.013345398972151177 -0.061441756109040228 0.03282303720455533 -0.06250328049418212 -0.035446283718115999
leaf_weight=6.44923111796379 53.200048811733723 598.01376392692327 35.913108140230179 45.271880738437176 33.79660439491272 46.514896925538778 27.092570904642344
leaf_count=24 181 2296 135 180 114 171 99
internal_value=0.000894328 0.00612657 -0.0237991 -0.0273493 -0.00960798 -0.0489855 0.0103814
internal_weight=846.252 713.984 88.8772 132.269 86.9967 52.9641 625.106
internal_count=3200 2725 330 475 295 195 2395
is_linear=0
shrinkage=0.1


Tree=86
num_leaves=8
num_cat=0
split_feature=6 2 7 5 0 11 10
split_gain=26.3356 21.3244 18.9953 14.2671 10.9642 6.79932 5.92553
threshold=2.5000000000000004 1.4889255073677694 0.49885618854686931 2.491318782546962 7.0484198615778366 1.9919197354721005 9.8787065830019909
decision_type=2 2 2 2 2 2 2
left_child=1 5 4 -4 -3 -1 -2
right_child=6 2 3 -5 -6 -7 -8
leaf_value=-0.018247975946984556 0.029211991982949815 0.03239059644202056 -0.042568573049735894 0.007062106351930348 -0.016786145442377703 0.052104537006508016 0.085516108724956158
leaf_weight=17.547893024981022 99.747473560273647 91.010285019874573 273.23566099256277 73.502118926495314 90.34227829426527 63.263872366398573 23.001914393156767
leaf_count=74 385 346 1396 265 388 256 90
internal_value=-0.00249274 -0.0110111 -0.0183317 -0.0320478 0.0078928 0.0368278 0.0397628
internal_weight=731.651 608.902 528.09 346.738 181.353 80.8118 122.749
internal_count=3200 2725 2395 1661 734 330 475
is_linear=0
shrinkage=0.1


Tree=87
num_leaves=8
num_cat=0
split_feature=7 5 4 2 11 11 7
split_gain=12.2785 11.6955 12.4409 12.7806 3.67674 1.79599 2.59169
threshold=0.50498409578820069 2.1773756745968034 1.5000000000000002 1.5322700981394595 0.99270154744239936 0.49957186544062365 0.44244406443006573
decision_type=2 2 2 2 2 2 2
left_child=5 2 4 -4 -2 6 -1
right_child=1 -3 3 -5 -6 -7 -8
leaf_value=-0.071164695336078429 0.0057641121614219071 -0.057959975282167911 -0.057695431689906422 0.056082108337876718 -0.073003888298763309 -0.069165907766547102 0.060330168366637307
leaf_weight=3.0791554562747505 11.061569247394802 17.785856063477695 11.068553259596227 91.383293928112835 12.764175750315188 21.083271661307663 2.9205493526533246
leaf_count=65 78 696 155 898 343 936 29
internal_value=0.00634689 0.0179603 0.0286534 0.04379 -0.0364343 -0.0554287 -0.00715534
internal_weight=171.146 144.063 126.278 102.452 23.8257 27.083 5.9997
internal_count=3200 2170 1474 1053 421 1030 94
is_linear=0
shrinkage=0.1


Tree=88
num_leaves=8
num_cat=0
split_feature=3 7 0 0 11 4 5
split_gain=11.9341 9.43679 8.66788 6.61419 11.5877 8.50257 5.92147
threshold=68.524451314651884 0.49885618854686931 7.4955344668592083 6.4658779849990777 1.5202282806495531 1.5000000000000002 2.6588370606562259
decision_type=2 2 2 2 2 2 2
left_child=1 -1 -3 4 -2 -6 -4
right_child=3 2 6 -5 5 -7 -8
leaf_value=-0.051186478120015401 0.046585607059577976 -0.02458712731022605 0.033072933523883567 0.014854466876421455 -0.05993398287347125 -0.0049843375028462006 -0.047274714328133495
leaf_weight=63.302134789526463 30.945413753390312 103.30114290863276 60.108123689889908 434.15615832805634 40.003786478191614 95.104856688529253 10.824143826961516
leaf_count=249 109 381 219 1703 155 351 33
internal_value=0.000853839 -0.0181188 -0.00610465 0.00836232 -0.00861171 -0.0212542 0.020812
internal_weight=837.746 237.536 174.233 600.21 166.054 135.109 70.9323
internal_count=3200 882 633 2318 615 506 252
is_linear=0
shrinkage=0.1


Tree=89
num_leaves=8
num_cat=0
split_feature=1 4 3 11 11 0 0
split_gain=25.2381 18.4016 10.8703 10.8149 10.5008 10.4572 8.83008
threshold=3.5000000000000004 1.5000000000000002 60.201014294899743 0.99270154744239936 0.90829916485292028 7.4955344668592083 7.4955344668592083
decision_type=2 2 2 2 2 2 2
left_child=1 4 -3 -2 -1 -6 -5
right_child=3 2 -4 6 5 -7 -8
leaf_value=-0.050911664290552994 -0.024247855344802352 -0.0010623006985117905 -0.042100198986875309 0.050389954111359651 0.039925508385491845 -0.015192799691560467 0.0071313123817729049
leaf_weight=24.012157134711742 38.538340453058481 91.254612922668457 220.53846960514784 121.81379587948322 96.717969313263893 53.439913619309664 77.022702634334564
leaf_count=102 161 368 1177 481 368 208 335
internal_value=-0.0024906 -0.0155455 -0.0300894 0.0242359 0.0104904 0.0203094 0.033633
internal_weight=723.338 485.963 311.793 237.375 174.17 150.158 198.836
internal_count=3200 2223 1545 977 678 576 816
is_linear=0
shrinkage=0.1


Tree=90
num_leaves=8
num_cat=0
split_feature=0 6 10 1 11 11 1
split_gain=11.6058 10.8918 10.9811 11.2206 2.56259 2.09846 3.84153
threshold=7.3654491202329089 2.5000000000000004 10.023309895975331 3.5000000000000004 0.95066812101378251 0.82898943933265568 1.0000000180025095e-35
decision_type=2 2 2 2 2 2 2
left_child=5 2 3 -2 -4 6 -1
right_child=1 -3 4 -5 -6 -7 -8
leaf_value=0.10146690328937349 0.055157686820661633 -0.061089320970042008 0.012436046324923412 -0.03198325572711188 -0.073187098620087529 -0.067371282470912008 -0.044747771555337448
leaf_weight=2.311544367112222 88.59650747757405 15.123334689065812 5.0289351828396347 17.734357245266438 11.462448817212133 20.506345899077132 8.0707496153190714
leaf_count=43 658 212 36 294 232 1525 200
internal_value=0.00658158 0.0189882 0.0288483 0.0406239 -0.0470769 -0.0488251 -0.0121941
internal_weight=168.834 137.946 122.822 106.331 16.4914 30.8886 10.3823
internal_count=3200 1432 1220 952 268 1768 243
is_linear=0
shrinkage=0.1


Tree=91
num_leaves=8
num_cat=0
split_feature=7 0 5 3 10 5 1
split_gain=10.4498 9.28443 8.67645 7.4637 5.97098 5.6541 5.482
threshold=0.50930754827664593 7.7169078330252239 2.0392468406228241 60.201014294899743 8.4375784532464255 2.5551652843652395 3.5000000000000004
decision_type=2 2 2 2 2 2 2
left_child=1 2 3 -1 5 -3 -6
right_child=-2 4 -4 -5 6 -7 -8
leaf_value=-0.061851612773023805 0.0085925838992195608 0.049491726753709719 -0.058652216749513791 7.252952764247047e-05 0.0096846573955212435 -0.039739206634056827 -0.071570426376961191
leaf_weight=24.441152293235064 562.15335688367486 41.232361830770969 61.811553832143545 95.583697751164436 23.328313522040844 8.5786647349596006 12.891385301947592
leaf_count=91 2144 170 287 348 87 27 46
internal_value=0.000847219 -0.0154074 -0.0282131 -0.0125373 0.011659 0.034124 -0.0192358
internal_weight=830.02 267.867 181.836 120.025 86.0307 49.811 36.2197
internal_count=3200 1056 726 439 330 197 133
is_linear=0
shrinkage=0.1


Tree=92
num_leaves=8
num_cat=0
split_feature=1 5 0 11 7 4 2
split_gain=22.5457 18.0195 14.0197 11.5392 10.722 10.2283 8.18124
threshold=3.5000000000000004 2.0052380963768948 7.7169078330252239 0.90829916485292028 0.5011997598043535 1.5000000000000002 1.4749605050482142
decision_type=2 2 2 2 2 2 2
left_child=1 4 3 -3 6 -2 -1
right_child=5 2 -4 -5 -6 -7 -8
leaf_value=0.062149588471883378 0.055612788148811557 -0.042186403177712856 -0.033760896632168365 0.031272713727688521 -0.050997957518702036 0.0095666314985962814 -0.020173980385401996
leaf_weight=14.127339854836462 67.674553617835045 25.156645622104406 67.337921176105738 142.58268737047911 147.3327948693186 167.99460707604885 82.965604424476624
leaf_count=49 265 87 302 556 870 712 359
internal_value=-0.00253702 -0.0149845 0.00478264 0.0202557 -0.0339956 0.0227892 -0.00819563
internal_weight=715.172 479.503 235.077 167.739 244.426 235.669 97.0929
internal_count=3200 2223 945 643 1278 977 408
is_linear=0
shrinkage=0.1


Tree=93
num_leaves=8
num_cat=0
split_feature=5 4 6 10 11 11 5
split_gain=11.184 10.4099 10.9676 11.365 3.40012 2.59234 2.39285
threshold=1.9771269929954973 1.5000000000000002 2.5000000000000004 10.023309895975331 0.99270154744239936 0.95066812101378251 2.385961459695594
decision_type=2 2 2 2 2 2 2
left_child=1 4 3 -3 -1 6 -2
right_child=5 2 -4 -5 -6 -7 -8
leaf_value=0.0012814444886834837 0.020045219017902179 0.05828426027606453 -0.055689797951617062 -0.040493251739085273 -0.072312910634643943 -0.068071960911294513 -0.069747922706083723
leaf_weight=11.649719230830671 8.6073739910498244 82.434718438889831 12.377559807151554 13.564778477884827 13.614126608707009 20.039588771061972 4.5294894883409134
leaf_count=92 104 856 188 229 431 1187 113
internal_value=0.00652805 0.019429 0.0329042 0.0443269 -0.0383769 -0.0454395 -0.0109148
internal_weight=166.817 133.641 108.377 95.9995 25.2638 33.1765 13.1369
internal_count=3200 1796 1273 1085 523 1404 217
is_linear=0
shrinkage=0.1


Tree=94
num_leaves=8
num_cat=0
split_feature=10 5 0 7 2 0 5
split_gain=10.9158 8.21685 8.98668 9.28259 6.63898 8.56948 5.40029
threshold=9.9856842391505527 2.0857142232634316 6.4118064104967951 0.52027898336099365 1.604118800152418 7.4601620251490344 2.491318782546962
decision_type=2 2 2 2 2 2 2
left_child=4 2 -2 -4 5 -1 -6
right_child=1 -3 3 -5 6 -7 -8
leaf_value=-0.03818306638622606 -0.053539929781212685 -0.05299266007183704 -0.032140748388885858 0.034954103737282853 0.015822811429904438 0.018862971191686985 -0.01130440754539299
leaf_weight=66.418672755360603 30.169696968048811 55.894633166491985 33.052679240703583 54.819637306034565 449.51558323204517 43.632138796150684 87.702536920085549
leaf_count=263 107 239 116 210 1772 167 326
internal_value=0.000833753 -0.021407 -0.00645067 0.00971675 0.00681037 -0.0155659 0.0113942
internal_weight=821.206 173.937 118.042 87.8723 647.269 110.051 537.218
internal_count=3200 672 433 326 2528 430 2098
is_linear=0
shrinkage=0.1


Tree=95
num_leaves=8
num_cat=0
split_feature=10 6 0 5 5 11 5
split_gain=22.63 18.8062 16.7689 10.8925 10.4993 6.7681 6.13236
threshold=10.023309895975331 2.5000000000000004 6.4995459286319752 2.5017166779461557 1.9916183403524281 20.566913181428259 2.0857142232634316
decision_type=2 2 2 2 2 2 2
left_child=1 2 4 -4 -1 -3 -2
right_child=6 5 3 -5 -6 -7 -8
leaf_value=-0.016054977066960515 0.016238240324508633 -0.024999004069093556 -0.045409235662354185 0.0010116366410747337 0.036598189626955609 0.040493657154456311 0.057361846239109761
leaf_weight=92.410102240741253 103.37817591428757 19.729698196053505 226.48598736152053 65.069987338036299 64.168986991047859 78.801551377400756 55.852567002177238
leaf_count=337 424 80 1326 228 257 312 236
internal_value=-0.00251265 -0.0121759 -0.020873 -0.0350489 0.00552326 0.0273795 0.030663
internal_weight=705.897 546.666 448.135 291.556 156.579 98.5312 159.231
internal_count=3200 2540 2148 1554 594 392 660
is_linear=0
shrinkage=0.1


Tree=96
num_leaves=8
num_cat=0
split_feature=7 3 2 1 11 11 7
split_gain=11.1803 11.2693 10.2026 11.0702 2.53785 1.70492 2.30665
threshold=0.50498409578820069 60.201014294899743 1.5322700981394595 3.5000000000000004 0.90829916485292028 0.49957186544062365 0.44244406443006573
decision_type=2 2 2 2 2 2 2
left_child=5 4 -3 -4 -2 6 -1
right_child=1 2 3 -5 -6 -7 -8
leaf_value=-0.071223418989644557 -0.0045589246983092956 -0.058814821559307888 0.054915213585740509 -0.031666746283704139 -0.073011602519910151 -0.06916694970927699 0.052611569798568306
leaf_weight=2.9527805298566845 8.8579657543450612 11.533930114004759 87.276313872542232 17.774784658104181 13.93873112183064 19.124555508606136 3.0660049496218562
leaf_count=65 95 224 990 409 452 936 29
internal_value=0.00681782 0.0178896 0.0304633 0.0402654 -0.0464134 -0.0545587 -0.00814114
internal_weight=164.525 139.382 116.585 105.051 22.7967 25.1433 6.01879
internal_count=3200 2170 1623 1399 547 1030 94
is_linear=0
shrinkage=0.1


Tree=97
num_leaves=8
num_cat=0
split_feature=3 0 11 0 5 7 5
split_gain=10.6518 8.92037 6.18212 5.7438 8.75019 7.26035 5.50079
threshold=74.068950307731569 7.4955344668592083 1.1509870052539599 6.4810084088750717 1.9608774299271925 0.49885618854686931 2.6588370606562259
decision_type=2 2 2 2 2 2 2
left_child=1 2 -1 4 5 -2 -3
right_child=3 6 -4 -5 -6 -7 -8
leaf_value=0.0072814184144657478 -0.02711181248546593 0.014828700736170148 -0.043381503814380544 0.014750567708491626 -0.037673356403637615 0.030642003707107408 -0.051405051878654975
leaf_weight=30.59862656891346 33.103254973888397 90.925149269402027 113.15492524951696 404.46873201429844 60.318928390741348 63.561214029788971 14.544918566942213
leaf_count=110 103 342 454 1641 264 238 48
internal_value=0.000812249 -0.0163925 -0.0325977 0.00844931 -0.00778594 0.0108639 0.00569469
internal_weight=810.676 249.224 143.754 561.452 156.983 96.6645 105.47
internal_count=3200 954 564 2246 605 341 390
is_linear=0
shrinkage=0.1


Tree=98
num_leaves=8
num_cat=0
split_feature=4 1 0 3 7 0 11
split_gain=23.1993 15.8001 10.0937 9.95957 8.50827 8.34178 7.90479
threshold=1.5000000000000002 3.5000000000000004 6.5680912693492166 63.016288722345131 0.49654612724452585 6.09150278247074 0.99270154744239936
decision_type=2 2 2 2 2 2 2
left_child=3 2 -2 -1 -5 -6 -3
right_child=1 6 -4 4 5 -7 -8
leaf_value=0.056455885750289626 -0.0064092492592620204 -0.042380847410675063 -0.044126493869266536 0.042409202486833879 0.045559331733085753 -0.019888388619401634 0.018614233206456127
leaf_weight=64.813299790024757 116.91536947339773 25.065780155360699 180.48442971892655 55.461647529155016 25.006310917437077 88.036702636629343 139.46752594783902
leaf_count=254 446 113 1099 224 94 371 599
internal_value=-0.00256048 -0.0155428 -0.0292989 0.0231424 0.0103288 -0.00541066 0.00932195
internal_weight=695.251 461.933 297.4 233.318 168.505 113.043 164.533
internal_count=3200 2257 1545 943 689 465 712
is_linear=0
shrinkage=0.1


Tree=99
num_leaves=8
num_cat=0
split_feature=5 11 3 4 0 4 11
split_gain=10.2828 9.78374 8.4563 8.99158 6.31394 5.72788 2.52076
threshold=1.9771269929954973 0.99270154744239936 68.524451314651884 1.5000000000000002 6.4995459286319752 1.5000000000000002 0.95066812101378251
decision_type=2 2 2 2 2 2 2
left_child=1 4 -3 -4 -1 -6 -2
right_child=6 2 3 -5 5 -7 -8
leaf_value=-0.06928718844164479 -0.010469291248342193 -0.066942523564591114 -0.072933131349590216 0.028293249608425827 0.010079044761059143 0.098398804516795557 -0.068032602283725652
leaf_weight=3.4008337976410976 12.920458324253561 15.116374183911828 10.11196630541235 66.37003334145993 10.266297921538351 25.788839735090733 18.500337438192219
leaf_count=81 217 406 310 809 63 127 1187
internal_value=0.00701606 0.0193342 0.00140175 0.0149097 0.0609649 0.0732507 -0.0443622
internal_weight=162.475 131.054 91.5984 76.482 39.456 36.0551 31.4208
internal_count=3200 1796 1525 1119 271 190 1404
is_linear=0
shrinkage=0.1


Tree=100
num_leaves=8
num_cat=0
split_feature=2 11 6 0 5 1 0
split_gain=10.1861 7.69081 7.63506 6.568 6.60209 4.61441 5.1227
threshold=1.4889255073677694 1.9919197354721005 2.5000000000000004 7.4710417129703481 2.009913538580606 3.5000000000000004 7.5165000198740062
decision_type=2 2 2 2 2 2 2
left_child=1 -1 -2 -4 -5 6 -3
right_child=2 5 3 4 -6 -7 -8
leaf_value=0.023370067153640331 0.0095322943793607739 -0.054218192236059719 -0.039598840197684525 0.044255730273864577 -0.032322435197418439 -0.085152095601455494 0.0063537781258440305
leaf_weight=21.797781378030777 591.95514334738255 34.198031339794397 64.727211127057672 25.146969690918922 20.38427996635437 20.062124192714691 23.595902182161808
leaf_count=82 2395 128 252 88 72 88 95
internal_value=0.000786224 -0.0291323 0.00503208 -0.0191286 0.00997179 -0.0438317 -0.0294881
internal_weight=801.867 99.6538 702.214 110.258 45.5312 77.8561 57.7939
internal_count=3200 393 2807 412 160 311 223
is_linear=0
shrinkage=0.1


Tree=101
num_leaves=8
num_cat=0
split_feature=11 4 5 0 0 0 3
split_gain=21.0156 19.9517 16.028 11.3633 9.29603 7.80538 8.46607
threshold=0.99270154744239936 1.5000000000000002 1.9771269929954973 7.4955344668592083 6.4310849859160859 7.4710417129703481 59.518825958162374
decision_type=2 2 2 2 2 2 2
left_child=-1 5 4 -4 -3 -2 -7
right_child=1 2 3 -5 -6 6 -8
leaf_value=-0.044676511572890702 0.046897679966624493 -0.00073409349730423632 0.031145201058753194 -0.018721175198658128 -0.045496123927629473 0.054081705956805906 -0.017025080873974332
leaf_weight=101.11698801536113 118.44431208632886 74.920328512787819 119.5131421238184 73.987062752246857 121.85900527611375 24.727727562189102 51.860837362706661
leaf_count=494 488 278 483 340 816 84 217
internal_value=-0.00257912 0.00469351 -0.00835805 0.0120782 -0.0284538 0.0308109 0.00593278
internal_weight=686.429 585.312 390.28 193.5 196.779 195.033 76.5886
internal_count=3200 2706 1917 823 1094 789 301
is_linear=0
shrinkage=0.1


Tree=102
num_leaves=8
num_cat=0
split_feature=7 6 10 3 11 11 11
split_gain=10.2233 9.6886 10.2237 11.0526 2.17528 1.57627 2.07117
threshold=0.50498409578820069 2.5000000000000004 10.023309895975331 60.201014294899743 0.95066812101378251 0.49957186544062365 0.23764380505877017
decision_type=2 2 2 2 2 2 2
left_child=5 2 3 -2 -4 6 -1
right_child=1 -3 4 -5 -6 -7 -8
leaf_value=-0.072040340564126365 -0.036647194363242729 -0.058934669095056305 0.005016124932795068 0.052153803050540321 -0.072358153941798328 -0.069055380091635074 0.044599406985402573
leaf_weight=2.8654848085716393 16.63946764706634 14.801331912400199 5.4343744851648834 88.905466589611024 10.964364162413402 17.500771983293816 3.2479491457343102
leaf_count=51 366 302 51 1112 339 936 43
internal_value=0.00697471 0.0174672 0.0267408 0.0381541 -0.0467171 -0.0537853 -0.0100719
internal_weight=160.359 136.745 121.944 105.545 16.3987 23.6142 6.11343
internal_count=3200 2170 1868 1478 390 1030 94
is_linear=0
shrinkage=0.1


Tree=103
num_leaves=8
num_cat=0
split_feature=3 10 0 11 2 7 5
split_gain=9.85345 8.40656 6.67693 7.40569 5.31108 5.36439 5.54313
threshold=61.195655702033065 10.132174807232758 7.6166241856582966 1.1509870052539599 1.5000216059225264 0.49276985163102244 1.8521586998417712
decision_type=2 2 2 2 2 2 2
left_child=1 2 3 -1 5 -2 -7
right_child=4 -3 -4 -5 -6 6 -8
leaf_value=0.027753919354898779 -0.057040894384437595 -0.060434947394908137 0.017093587531899709 -0.037950977495168507 0.011022405946401624 0.03249571716520424 -0.032205375737979915
leaf_weight=21.730369076132774 23.462829181924462 38.174136443063617 63.527852348983288 81.458063235506415 512.55057897418737 26.690259948372841 26.278280846774578
leaf_count=75 94 159 243 321 2098 100 110
internal_value=0.000784476 -0.0181045 -0.00841184 -0.0241142 0.00735543 -0.0172354 0.000396787
internal_weight=793.872 204.89 166.716 103.188 588.982 76.4314 52.9685
internal_count=3200 798 639 396 2402 304 210
is_linear=0
shrinkage=0.1


Tree=104
num_leaves=8
num_cat=0
split_feature=3 7 10 10 11 5 0
split_gain=21.0935 16.6984 10.2589 7.65801 7.68625 7.58055 8.18719
threshold=60.201014294899743 0.49654612724452585 9.9856842391505527 10.198449443953892 1.1509870052539599 2.2273036865574194 7.4955344668592083
decision_type=2 2 2 2 2 2 2
left_child=3 5 -3 4 -1 6 -2
right_child=1 2 -4 -5 -6 -7 -8
leaf_value=-0.032138839606343513 0.015188225439366232 -0.037357401576799426 0.0046733760058546838 0.067412193429427558 0.026527279918201141 0.046593586844912049 -0.040508485392658132
leaf_weight=27.170587867498398 90.792463272809982 239.74639378767461 76.634883902966976 35.902390263974667 125.4223599806428 45.307809192687273 37.208139412105083
leaf_count=114 348 1325 333 151 521 202 206
internal_value=-0.00256749 -0.0135093 -0.0271766 0.0258582 0.0160812 0.0114408 -0.0010021
internal_weight=678.185 489.69 316.381 188.495 152.593 173.308 128.001
internal_count=3200 2414 1658 786 635 756 554
is_linear=0
shrinkage=0.1


Tree=105
num_leaves=8
num_cat=0
split_feature=0 2 1 5 11 11 1
split_gain=9.82751 8.63956 9.33941 8.58792 2.75558 1.9593 2.91676
threshold=7.3654491202329089 1.5322700981394595 3.5000000000000004 2.1773756745968034 0.99270154744239936 0.82898943933265568 1.0000000180025095e-35
decision_type=2 2 2 2 2 2 2
left_child=5 -2 3 -3 -4 6 -1
right_child=1 2 4 -5 -6 -7 -8
leaf_value=0.07829906926466465 -0.060549448695151213 0.049084681062267224 0.0049273194847998204 -0.049699157728194256 -0.070748833664799601 -0.067330854475193117 -0.04356741744186083
leaf_weight=2.6395212328061479 12.498804648872463 89.100374636473134 8.7851725751534122 9.7652141286525858 10.638301342725752 17.491898307576776 7.6734908199869096
leaf_count=43 202 565 68 266 331 1525 200
internal_value=0.00704066 0.0185184 0.026873 0.0393275 -0.0365208 -0.0469481 -0.0123768
internal_weight=158.593 130.788 118.289 98.8656 19.4235 27.8049 10.313
internal_count=3200 1432 1230 831 399 1768 243
is_linear=0
shrinkage=0.1


Tree=106
num_leaves=8
num_cat=0
split_feature=6 2 5 7 0 0 5
split_gain=9.64052 6.47441 6.14053 6.86256 7.60322 5.4684 4.69116
threshold=2.5000000000000004 1.4889255073677694 2.1075199693398963 0.50498409578820069 6.4995459286319752 7.377109380993037 2.4701993603035164
decision_type=2 2 2 2 2 2 2
left_child=1 5 3 -2 -5 -1 -3
right_child=2 6 -4 4 -6 -7 -8
leaf_value=-0.043878956546732462 -0.047521394709370092 0.013269699218386825 -0.056385723351386308 -0.04472060852843867 0.038328258788020625 0.0079496109252336095 -0.010714344510349536
leaf_weight=45.581515634432435 29.548484247177839 483.49702122062445 41.337973972782493 15.899321448057888 35.948878422379494 36.78699186258018 98.098637491464615
leaf_count=182 110 2010 180 59 126 148 385
internal_value=0.000748627 0.00550808 -0.0249989 -0.00905878 0.0128612 -0.0207316 0.00922427
internal_weight=786.699 663.964 122.735 81.3967 51.8482 82.3685 581.596
internal_count=3200 2725 475 295 185 330 2395
is_linear=0
shrinkage=0.1


Tree=107
num_leaves=8
num_cat=0
split_feature=1 4 2 5 4 5 5
split_gain=21.3647 14.3628 9.49594 8.70998 8.53909 7.53149 6.98844
threshold=3.5000000000000004 1.5000000000000002 1.4889255073677694 2.0052380963768948 1.5000000000000002 2.491318782546962 2.0000484954321047
decision_type=2 2 2 2 2 2 2
left_child=1 3 -3 -1 -2 -4 -6
right_child=4 2 5 -5 6 -7 -8
leaf_value=-0.012337759281381186 0.053499635712534438 0.013055357569302754 -0.045910169007785273 0.034212512768134452 -0.0089760765830109879 -0.0026558751964633771 0.033061234047947578
leaf_weight=89.438710935413837 64.197251306846738 45.779742196202278 188.11671142466366 73.004235096275806 86.244793076068163 51.214688859879971 73.037254510447383
leaf_count=378 265 208 1139 300 411 198 301
internal_value=-0.00254167 -0.0151504 -0.0286724 0.00858261 0.0227094 -0.0366542 0.0102997
internal_weight=671.033 447.554 285.111 162.443 223.479 239.331 159.282
internal_count=3200 2223 1545 678 977 1337 712
is_linear=0
shrinkage=0.1


Tree=108
num_leaves=8
num_cat=0
split_feature=7 4 2 5 11 10 11
split_gain=9.30216 9.01861 8.91403 9.27865 2.78207 2.80223 1.53765
threshold=0.50498409578820069 1.5000000000000002 1.5322700981394595 2.1773756745968034 0.99270154744239936 6.80504391820861 0.49957186544062365
decision_type=2 2 2 2 2 2 2
left_child=6 4 -3 -4 5 -2 -1
right_child=1 2 3 -5 -6 -7 -8
leaf_value=-0.009849896927000017 0.057763986953126012 -0.05570970657528429 0.049210881734862433 -0.050454735137305175 -0.072185519647930352 -0.04219101217100444 -0.069012322210884575
leaf_weight=6.0424956437200334 4.5324826035648602 11.118774645263327 88.705995583441108 10.440420721890403 12.109977043466641 7.3579158680513501 16.093253922299482
leaf_count=94 32 230 898 413 522 75 936
internal_value=0.00720051 0.0171028 0.0291942 0.0387158 -0.0384489 -0.00408932 -0.0528625
internal_weight=156.401 134.266 110.265 99.1464 24.0004 11.8904 22.1357
internal_count=3200 2170 1541 1311 629 107 1030
is_linear=0
shrinkage=0.1


Tree=109
num_leaves=8
num_cat=0
split_feature=7 3 10 0 11 5 0
split_gain=9.03504 7.85518 6.72356 6.43435 4.45483 4.188 6.88739
threshold=0.50930754827664593 59.518825958162374 10.023309895975331 7.7888432112715744 0.64030526868148041 2.5176479064829391 7.5165000198740062
decision_type=2 2 2 2 2 2 2
left_child=1 -1 3 -3 -4 -2 -7
right_child=5 2 4 -5 -6 6 -8
leaf_value=-0.047861200175863899 0.011942682983387791 -0.0077673641671731786 0.05543203107137077 0.039292217737900231 -0.052070488132022391 -0.039315390281982804 0.018750124201062437
leaf_weight=56.207492981106043 446.88820398971438 112.5667036511004 4.2982548624277106 39.162147998809814 37.356943273916841 44.41988774202764 37.820221319794655
leaf_count=242 1827 465 17 170 162 189 128
internal_value=0.000728275 -0.0149551 -0.00539089 0.004379 -0.0409777 0.00812618 -0.0126125
internal_weight=778.72 249.592 193.384 151.729 41.6552 529.128 82.2401
internal_count=3200 1056 814 635 179 2144 317
is_linear=0
shrinkage=0.1


Tree=110
num_leaves=8
num_cat=0
split_feature=1 7 5 0 0 3 6
split_gain=19.0031 13.5614 10.4461 11.6801 8.05839 8.75988 7.03253
threshold=3.5000000000000004 0.49654612724452585 1.9018888179409379 7.4203697166452693 6.4810084088750717 46.247587755461211 2.5000000000000004
decision_type=2 2 2 2 2 2 2
left_child=1 -1 -3 -4 -2 -6 -7
right_child=4 2 3 -5 5 6 -8
leaf_value=0.0097242417141360366 0.053952092459231618 -0.050285126490968779 0.0070588162762570258 -0.047707905130240549 0.052918057256530954 -0.013885390209653388 0.0448526381675768
leaf_weight=151.35261588729918 56.46151951700449 116.99010181147605 114.22859986498952 59.083303418010473 37.185986995697021 102.60502003878355 25.436342468485236
leaf_count=665 259 772 448 338 141 483 94
internal_value=-0.00255266 -0.0145442 -0.0271968 -0.0116116 0.0213371 0.0101919 -0.00221666
internal_weight=663.343 441.655 290.302 173.312 221.689 165.227 128.041
internal_count=3200 2223 1558 786 977 718 577
is_linear=0
shrinkage=0.1


Tree=111
num_leaves=8
num_cat=0
split_feature=0 6 10 3 11 11 1
split_gain=8.82654 8.03998 8.49288 8.54002 2.24275 1.94768 2.5009
threshold=7.3654491202329089 2.5000000000000004 10.023309895975331 60.201014294899743 0.95066812101378251 0.82898943933265568 1.0000000180025095e-35
decision_type=2 2 2 2 2 2 2
left_child=5 2 3 -2 -4 6 -1
right_child=1 -3 4 -5 -6 -7 -8
leaf_value=0.069185485396273602 -0.033383135893775055 -0.0567943585410896 0.0094426411418586931 0.048919543222132156 -0.073035177754494626 -0.067299856827366444 -0.042073146334165805
leaf_weight=2.7958743097260612 14.777754666749386 12.889291271101682 5.0202384870499364 85.849861151538789 9.6042616686318052 16.049999024602585 7.2837900072336197
leaf_count=43 233 212 36 719 232 1525 200
internal_value=0.00730626 0.0181075 0.0264842 0.0368329 -0.0447225 -0.0456638 -0.0112125
internal_weight=154.271 128.141 115.252 100.628 14.6245 26.1297 10.0797
internal_count=3200 1432 1220 952 268 1768 243
is_linear=0
shrinkage=0.1


Tree=112
num_leaves=8
num_cat=0
split_feature=6 2 10 5 4 0 0
split_gain=8.51568 6.16265 5.48797 5.58894 5.28843 5.72454 4.94267
threshold=2.5000000000000004 1.4889255073677694 9.8787065830019909 2.1075199693398963 2.5000000000000004 6.4658779849990777 7.4333301429597727
decision_type=2 2 2 2 2 2 2
left_child=1 4 3 6 -1 -6 -2
right_child=2 -3 -4 -5 5 -7 -8
leaf_value=-0.046541018358383576 -0.019296159327084172 0.0088869035974457472 -0.070849449600094233 -0.047868674641340939 -0.056886372162902536 0.027604771596924343 0.036596498569398082
leaf_weight=39.877343928441405 40.34120374917984 569.78950061090291 20.537306422367692 32.731244783848524 10.996554674580691 29.614856850355864 26.030900970101357
leaf_count=157 147 2395 90 142 49 124 96
internal_value=0.000717012 0.00522805 -0.0238017 -0.0140519 -0.0206734 0.00472668 0.00262474
internal_weight=769.919 650.278 119.641 99.1033 80.4888 40.6114 66.3721
internal_count=3200 2725 475 385 330 173 243
is_linear=0
shrinkage=0.1


Tree=113
num_leaves=8
num_cat=0
split_feature=11 4 5 0 0 0 3
split_gain=18.4327 17.2329 13.0526 9.60966 8.47467 6.8458 6.20878
threshold=0.99270154744239936 1.5000000000000002 1.9771269929954973 7.4955344668592083 6.4310849859160859 7.4710417129703481 59.518825958162374
decision_type=2 2 2 2 2 2 2
left_child=-1 5 4 -4 -3 -2 -7
right_child=1 2 3 -5 -6 6 -8
leaf_value=-0.043039276132176507 0.044469750846851924 4.5410590190299275e-05 0.028541687676761868 -0.018336983542903394 -0.043814392843712441 0.047031588144070713 -0.014847723784705925
leaf_weight=96.017334144562483 113.83939347229898 71.879579860717058 114.7287283539772 70.658690195530653 113.80404583737254 24.076494693756104 49.659234263002872
leaf_count=494 488 278 483 340 816 84 217
internal_value=-0.00256496 0.00439157 -0.00809577 0.0106743 -0.0268359 0.0290947 0.00535736
internal_weight=654.664 558.646 371.071 185.387 185.684 187.575 73.7357
internal_count=3200 2706 1917 823 1094 789 301
is_linear=0
shrinkage=0.1


Tree=114
num_leaves=8
num_cat=0
split_feature=7 4 11 1 5 11 10
split_gain=8.4048 8.21177 8.968 8.00678 4.49001 2.59205 2.47526
threshold=0.50498409578820069 1.5000000000000002 0.99270154744239936 3.5000000000000004 2.2569242413339459 0.99270154744239936 5.222085004826968
decision_type=2 2 2 2 2 2 2
left_child=-1 5 4 -4 -3 6 -2
right_child=1 2 3 -5 -6 -7 -8
leaf_value=-0.051816665595746096 0.085744343968680428 0.085619671276336337 0.022510573488626409 -0.070711267968708788 -0.039332944052151236 -0.072134771081254864 -0.028241432393541356
leaf_weight=20.863051575724967 2.3951352043077376 28.305042498745028 66.750848013907671 10.688808889361097 3.2010097028687587 11.252268147538414 9.3117399057373387
leaf_count=1030 14 168 906 394 73 522 93
internal_value=0.00716121 0.0164896 0.0279437 0.00964339 0.0729245 -0.0378624 -0.00492083
internal_weight=152.768 131.905 108.946 77.4397 31.5061 22.9591 11.7069
internal_count=3200 2170 1541 1300 241 629 107
is_linear=0
shrinkage=0.1


Tree=115
num_leaves=8
num_cat=0
split_feature=10 0 6 5 3 2 1
split_gain=8.92938 6.4755 5.18475 5.3167 5.00659 4.77304 4.5181
threshold=9.9856842391505527 7.4955344668592083 2.5000000000000004 1.3842969013847626 59.518825958162374 1.5000216059225264 2.5000000000000004
decision_type=2 2 2 2 2 2 2
left_child=2 6 -1 -4 -5 -3 -2
right_child=1 5 3 4 -6 -7 -8
leaf_value=0.010407049495288635 -0.015739136201181 -0.06351357595289453 0.038219636191252071 -0.068397008309490318 -0.010950783826832363 0.013959359968300739 -0.059798828664970417
leaf_weight=503.40157666243613 47.497891491279006 9.2115693017840368 15.931078314781187 20.024609851650894 62.594172175973654 58.173155136406422 45.635797441005707
leaf_count=2139 199 36 61 90 238 240 197
internal_value=0.0007124 -0.020244 0.00630072 -0.0146748 -0.0248742 0.00336872 -0.0373285
internal_weight=762.47 160.518 601.951 98.5499 82.6188 67.3847 93.1337
internal_count=3200 672 2528 389 328 276 396
is_linear=0
shrinkage=0.1


Tree=116
num_leaves=8
num_cat=0
split_feature=10 6 7 5 0 11 6
split_gain=18.5221 14.9676 12.8559 8.77582 6.39205 5.34759 4.89824
threshold=10.023309895975331 2.5000000000000004 0.49885618854686931 2.0052380963768948 6.4995459286319752 20.566913181428259 2.5000000000000004
decision_type=2 2 2 2 2 2 2
left_child=1 2 4 -4 -1 -3 -2
right_child=6 5 3 -5 -6 -7 -8
leaf_value=0.035075010253308593 0.021901687338997718 -0.023214706336649772 -0.053094724919769243 -0.01648599572517102 -0.010098325736467094 0.037324411615598165 0.077497556222001884
leaf_weight=45.656313139945269 128.18434870615602 18.279040977358818 118.86012840922922 145.80990117415786 99.783120565116405 72.318371437489986 18.082839746028185
leaf_count=185 577 80 852 651 460 312 83
internal_value=-0.00253053 -0.0116755 -0.0198018 -0.0329265 0.00408248 0.02511 0.0287749
internal_weight=646.974 500.707 410.109 264.67 145.439 90.5974 146.267
internal_count=3200 2540 2148 1503 645 392 660
is_linear=0
shrinkage=0.1


Tree=117
num_leaves=8
num_cat=0
split_feature=5 2 10 1 11 5 3
split_gain=8.13307 8.41244 9.05695 8.63733 2.26903 2.03246 2.20948
threshold=1.9771269929954973 1.5547736549055824 10.023309895975331 3.5000000000000004 0.95066812101378251 2.385961459695594 174.40157570446567
decision_type=2 2 2 2 2 2 2
left_child=1 -1 3 -3 5 6 -2
right_child=4 2 -4 -5 -6 -7 -8
leaf_value=-0.059147630372837323 -0.016740984368178034 0.051513035022932696 -0.045567537878972664 -0.02974755999667697 -0.068050965121528972 -0.069469039851778158 0.094143761513427321
leaf_weight=12.64304370980244 5.8259965744800883 80.108919932506979 14.899973650462924 15.632927594473584 15.101061762426978 3.9509705579839638 2.5984764518216252
leaf_count=258 79 843 314 381 1187 113 25
internal_value=0.00716255 0.0181275 0.0269578 0.0382446 -0.0420364 -0.0102924 0.0174607
internal_weight=150.761 123.285 110.642 95.7418 27.4765 12.3754 8.42447
internal_count=3200 1796 1538 1224 1404 217 104
is_linear=0
shrinkage=0.1


Tree=118
num_leaves=8
num_cat=0
split_feature=1 0 11 5 5 2 3
split_gain=8.32358 8.54249 6.74492 6.20923 4.69903 4.4908 4.40864
threshold=3.5000000000000004 7.4955344668592083 0.99270154744239936 2.6315267654387999 2.2809968807248997 1.5000216059225264 50.486380263069819
decision_type=2 2 2 2 2 2 2
left_child=-1 2 4 5 -2 -3 -4
right_child=1 3 6 -5 -6 -7 -8
leaf_value=0.0076123442860806211 0.040770929101064224 -0.04850035381810331 -0.088589410926444401 -0.052447419849691805 -0.07200898959266662 0.025994142984060845 -0.033462406151708951
leaf_weight=526.06081927753985 18.073181837797168 9.0882956534624082 17.234567891806364 14.818021409213541 4.6436326801776877 73.846091873943806 91.662820709869266
leaf_count=2223 71 36 88 50 22 317 393
internal_value=0.000681188 -0.0152157 -0.0318475 0.00717745 0.0177171 0.0178307 -0.042187
internal_weight=755.427 229.367 131.614 97.7524 22.7168 82.9344 108.897
internal_count=3200 977 574 403 93 353 481
is_linear=0
shrinkage=0.1


Tree=119
num_leaves=8
num_cat=0
split_feature=1 4 3 2 5 7 5
split_gain=18.472 12.6571 8.11426 7.37724 7.1811 6.87346 7.13025
threshold=3.5000000000000004 1.5000000000000002 60.201014294899743 1.5931802431101374 2.0052380963768948 0.5011997598043535 2.267309492608844
decision_type=2 2 2 2 2 2 2
left_child=1 4 -3 -2 -1 -5 -7
right_child=3 2 -4 5 -6 6 -8
leaf_value=-0.011235312464919591 0.066500853243527877 -0.0011753272709013822 -0.038999102946749679 0.041244548445296236 0.031847386326475914 -0.015708942846339894 0.037010012866167945
leaf_weight=86.150413494557142 31.101211087778211 81.059536177664995 188.87361018918455 60.960530057549477 70.226345321163535 85.40273792296648 36.670889869332314
leaf_count=378 154 368 1177 271 300 405 147
internal_value=-0.00248956 -0.014526 -0.0276408 0.0214731 0.00811245 0.013822 0.000127819
internal_weight=640.445 426.31 269.933 214.135 156.377 183.034 122.074
internal_count=3200 2223 1545 977 678 823 552
is_linear=0
shrinkage=0.1


Tree=120
num_leaves=8
num_cat=0
split_feature=3 10 4 2 11 11 11
split_gain=8.1583 7.77452 8.38481 8.15988 3.14758 1.74008 1.64742
threshold=60.201014294899743 10.023309895975331 1.5000000000000002 1.5322700981394595 0.99270154744239936 0.90829916485292028 0.95066812101378251
decision_type=2 2 2 2 2 2 2
left_child=5 2 4 -4 -2 -1 -3
right_child=1 6 3 -5 -6 -7 -8
leaf_value=-0.01628149995962648 0.00764872556169564 -0.0064005458301642521 -0.050918879791985998 0.049743928393607653 -0.072303981602418951 -0.072105839984963602 -0.071627441118940913
leaf_weight=9.8476371928118187 9.8493346413597482 6.2303013023920384 8.9430035901023057 80.896389066823758 9.8463409119285625 12.895728903473353 10.230272440589031
leaf_count=130 91 65 198 1162 472 656 426
internal_value=0.00718913 0.0171395 0.026769 0.0397235 -0.0323216 -0.0479345 -0.0469392
internal_weight=148.739 125.996 109.535 89.8394 19.6957 22.7434 16.4606
internal_count=3200 2414 1923 1360 563 786 491
is_linear=0
shrinkage=0.1


Tree=121
num_leaves=8
num_cat=0
split_feature=0 11 3 4 5 11 4
split_gain=8.08659 9.52161 7.15904 7.16027 4.87108 5.83056 4.47463
threshold=6.4995459286319752 0.99270154744239936 59.518825958162374 1.5000000000000002 2.5017166779461557 20.566913181428259 1.5000000000000002
decision_type=2 2 2 2 2 2 2
left_child=1 -1 -3 -4 -2 -6 -7
right_child=4 2 3 -5 5 6 -8
leaf_value=0.030878131259356473 0.011289614220086784 -0.066130109029571657 -0.052318913532011804 -0.001132985607586353 0.027781598473257618 -0.069928645329927708 -0.012778933986345557
leaf_weight=35.510974563658237 452.20525624230504 35.31733282469213 38.05577527731657 96.959808122366667 24.276898719370365 19.374464822933078 46.77930660918355
leaf_count=137 1969 179 171 397 86 77 184
internal_value=0.000650835 -0.0162255 -0.0260456 -0.0155604 0.00705271 -0.0141342 -0.0295164
internal_weight=748.48 205.844 170.333 135.016 542.636 90.4307 66.1538
internal_count=3200 884 747 568 2316 347 261
is_linear=0
shrinkage=0.1


Tree=122
num_leaves=8
num_cat=0
split_feature=3 7 0 5 5 0 5
split_gain=16.5193 12.9339 8.90846 6.63081 6.20933 5.8832 5.72872
threshold=60.201014294899743 0.5011997598043535 6.4658779849990777 2.0000484954321047 2.5176479064829391 7.9843868224188883 2.0138694309368339
decision_type=2 2 2 2 2 2 2
left_child=-1 3 6 5 -4 -2 -3
right_child=1 2 4 -5 -6 -7 -8
leaf_value=0.023484663417128987 0.0030696860066007931 -0.02142939852529073 -0.049110407431167832 0.032762101576514012 -0.0066994680669975257 -0.065270870092322825 0.026135400831169421
leaf_weight=176.97502482496202 81.664390720427036 62.095109656453133 138.47698498517275 71.141998216509819 45.985291711986065 14.894103068858383 42.7567466981709
leaf_count=786 341 262 1039 323 170 109 170
internal_value=-0.00245499 -0.0124999 -0.0253079 0.00959624 -0.0385376 -0.00747181 -0.00203331
internal_weight=633.99 457.015 289.314 167.7 184.462 96.5585 104.852
internal_count=3200 2414 1641 773 1209 450 432
is_linear=0
shrinkage=0.1


Tree=123
num_leaves=8
num_cat=0
split_feature=0 6 1 11 11 11 0
split_gain=7.77898 7.46587 7.25829 7.18797 2.49659 1.83372 2.37207
threshold=7.3654491202329089 2.5000000000000004 3.5000000000000004 0.99270154744239936 0.99270154744239936 0.82898943933265568 6.4995459286319752
decision_type=2 2 2 2 2 2 2
left_child=5 2 3 -2 -4 6 -1
right_child=1 -3 4 -5 -6 -7 -8
leaf_value=-0.068995069514066212 0.080878367497361187 -0.056652477505274468 0.0054491102452904746 0.019298036507913001 -0.070639607690113723 -0.06728488350770194 0.029651951822860775
leaf_weight=4.1836735918186623 26.480798271019012 12.206261887680737 8.3620870811864751 66.695465507451445 8.90404842677526 14.320249776937997 5.8404864394105971
leaf_count=127 132 212 66 713 309 1525 116
internal_value=0.00731246 0.0175614 0.0257637 0.0367992 -0.0337894 -0.0443226 -0.0115193
internal_weight=146.993 122.649 110.442 93.1763 17.2661 24.3444 10.0242
internal_count=3200 1432 1220 845 375 1768 243
is_linear=0
shrinkage=0.1


Tree=124
num_leaves=8
num_cat=0
split_feature=2 10 0 11 5 3 0
split_gain=8.64079 6.10733 6.03698 5.78494 5.07428 3.88051 3.59271
threshold=1.4889255073677694 9.9856842391505527 7.4955344668592083 1.9919197354721005 2.151844609998403 75.755368385831019 7.4601620251490344
decision_type=2 2 2 2 2 2 2
left_child=3 -2 4 -1 -3 -5 -7
right_child=1 2 -4 5 -6 6 -8
leaf_value=0.018915726934652058 0.0097140986366575262 -0.017477153996241751 0.011083381303454739 -0.077490868782222236 -0.076102624745812086 -0.049299213604498904 0.005229928467791042
leaf_weight=20.245922081172466 510.65214373636991 61.805599620565772 56.509166307747364 21.21678776666522 19.397527834400535 28.758354691788554 20.837574768811464
leaf_count=82 2211 237 242 96 117 124 91
internal_value=0.000622814 0.00467399 -0.0140153 -0.0282228 -0.0314814 -0.0417 -0.026389
internal_weight=739.423 648.364 137.712 91.0586 81.2031 70.8127 49.5959
internal_count=3200 2807 596 393 354 311 215
is_linear=0
shrinkage=0.1


Tree=125
num_leaves=8
num_cat=0
split_feature=2 1 10 5 0 7 5
split_gain=17.1283 14.9693 10.4596 8.80604 7.35235 7.4904 5.61659
threshold=1.5000216059225264 3.5000000000000004 10.132174807232758 2.491318782546962 6.4995459286319752 0.51379722854601895 2.0191942913340166
decision_type=2 2 2 2 2 2 2
left_child=-1 2 3 -2 -3 -6 -4
right_child=1 4 6 -5 5 -7 -8
leaf_value=0.039355938973284321 -0.039821791190369604 0.047620480358749627 -0.01273034017747756 0.0039840179293900678 0.031257441640609597 -0.016494168811983911 0.040158034105094019
leaf_weight=84.703321069478989 214.56091431993991 48.128944695927203 46.024591498076916 58.375084891915321 54.023624768480659 83.812137747183442 35.619449326768517
leaf_count=405 1312 228 221 235 231 405 163
internal_value=-0.00245567 -0.00900755 -0.0210591 -0.0304527 0.0139712 0.00222169 0.0103437
internal_weight=625.248 540.545 354.58 272.936 185.965 137.836 81.644
internal_count=3200 2795 1931 1547 864 636 384
is_linear=0
shrinkage=0.1


Tree=126
num_leaves=8
num_cat=0
split_feature=5 3 10 2 11 11 11
split_gain=7.49192 7.15847 7.31789 7.46111 2.34883 2.05509 1.87091
threshold=1.9771269929954973 60.201014294899743 10.023309895975331 1.5547736549055824 0.95066812101378251 0.95066812101378251 0.99270154744239936
decision_type=2 2 2 2 2 2 2
left_child=1 4 3 -3 -1 -2 -4
right_child=5 2 6 -5 -6 -7 -8
leaf_value=0.0019116415308641325 -0.011615754589955755 -0.050783002603694394 0.0049153617785764429 0.047746781251522735 -0.072672657611621241 -0.068054989835336518 -0.072129794965881275
leaf_weight=7.2598195662722018 12.212737041292714 8.4983103354461473 5.2251891968771798 80.347715993179008 10.091901059960945 13.676428805221802 7.943083225749433
leaf_count=59 217 156 41 940 362 1187 238
internal_value=0.0073346 0.0179113 0.028011 0.0383222 -0.0414672 -0.0414308 -0.0415582
internal_weight=145.255 119.366 102.014 88.846 17.3517 25.8892 13.1683
internal_count=3200 1796 1375 1096 421 1404 279
is_linear=0
shrinkage=0.1


Tree=127
num_leaves=8
num_cat=0
split_feature=4 11 0 1 5 6 0
split_gain=7.41876 7.66457 6.35819 6.16114 3.33943 3.24339 4.86296
threshold=1.5000000000000002 21.5841480456025 7.4710417129703481 3.5000000000000004 2.0984493751216049 2.5000000000000004 7.4710417129703481
decision_type=2 2 2 2 2 2 2
left_child=1 -1 4 -4 -3 -2 -7
right_child=5 2 3 -5 -6 6 -8
leaf_value=0.010766443893848886 0.010779406990668171 -0.032740824087016458 0.019295604569723949 -0.050788583003686744 -0.076020009027922414 -0.031876686326637586 0.01834580819972766
leaf_weight=78.632657481357455 426.58615954220295 64.330704627558589 40.613003239035606 18.148990318179131 24.66369488183409 46.847343607805669 32.763684317469597
leaf_count=313 1935 252 159 69 150 192 130
internal_value=0.000591595 -0.014456 -0.0278789 -0.00235031 -0.0447351 0.00732142 -0.0112078
internal_weight=732.586 226.389 147.756 58.762 88.9944 506.197 79.611
internal_count=3200 943 630 228 402 2257 322
is_linear=0
shrinkage=0.1


Tree=128
num_leaves=8
num_cat=0
split_feature=4 6 3 0 1 7 11
split_gain=16.7558 11.4273 10.9154 7.51875 7.21336 6.19741 6.17221
threshold=1.5000000000000002 2.5000000000000004 60.201014294899743 6.4995459286319752 3.5000000000000004 0.3818571672952355 0.90829916485292028
decision_type=2 2 2 2 2 2 2
left_child=4 2 5 -4 6 -2 -1
right_child=1 -3 3 -5 -6 -7 -8
leaf_value=-0.041905010362439057 0.068662696691657962 0.022126272408381747 -0.011694703759757067 -0.048265408127170728 0.050189140959252844 -0.0042133122509307825 0.01696354081125942
leaf_weight=20.6149493586272 13.44128108024597 71.329368659295142 93.070826459676027 141.98004932561889 58.921209710650146 88.511139089241624 130.91602255776525
leaf_count=102 55 322 399 1071 265 410 576
internal_value=-0.00242214 -0.0142357 -0.021932 -0.0337849 0.0204994 0.00539457 0.0089548
internal_weight=618.785 408.333 337.003 235.051 210.452 101.952 151.531
internal_count=3200 2257 1935 1470 943 465 678
is_linear=0
shrinkage=0.1


Tree=129
num_leaves=8
num_cat=0
split_feature=7 6 4 11 11 11 10
split_gain=7.49963 7.53637 7.64733 7.02501 2.5647 1.52602 1.89357
threshold=0.50498409578820069 2.5000000000000004 1.5000000000000002 0.99270154744239936 0.99270154744239936 0.49957186544062365 7.7164279508395248
decision_type=2 2 2 2 2 2 2
left_child=5 2 4 -4 -2 6 -1
right_child=1 -3 3 -5 -6 -7 -8
leaf_value=-0.072105216548976142 0.00138886133620602 -0.056039653114398937 0.080107970720249222 0.019166252272091688 -0.072461180190691976 -0.069209297807070733 0.043440828926011935
leaf_weight=2.5423480384051826 10.048605210613461 12.861415424384175 26.530434002168477 65.901624695048667 8.8390908282599394 13.4290449275868 3.2079454977065325
leaf_count=43 91 302 208 1126 443 936 51
internal_value=0.00744784 0.0164365 0.0248101 0.0366581 -0.0331716 -0.0507513 -0.00764496
internal_weight=143.361 124.181 111.32 92.4321 18.8877 19.1793 5.75029
internal_count=3200 2170 1868 1334 534 1030 94
is_linear=0
shrinkage=0.1


Tree=130
num_leaves=8
num_cat=0
split_feature=7 2 0 11 10 5 0
split_gain=7.29121 6.22829 5.99439 6.32285 3.97355 3.5289 5.60838
threshold=0.50930754827664593 1.6555939172525684 7.6233225051195275 0.99270154744239936 8.463506030524039 2.5017166779461557 7.5165000198740062
decision_type=2 2 2 2 2 2 2
left_child=1 -1 3 -3 -4 -2 -7
right_child=5 2 4 -5 -6 6 -8
leaf_value=-0.048686347022158592 0.011241917783243646 0.031633005316147926 0.039354991070854391 -0.029277186740951824 -0.0093449908761241603 -0.036157012842878401 0.016748889629159176
leaf_weight=42.270091994665563 411.34084454365075 20.374664448201656 37.562425322830677 104.20613378006965 30.243885241448879 43.243578201159835 37.336816787719727
leaf_count=199 1814 83 176 473 125 196 134
internal_value=0.000574425 -0.0139296 -0.0062931 -0.0193156 0.0176332 0.00749317 -0.0116431
internal_weight=726.578 234.657 192.387 124.581 67.8063 491.921 80.5804
internal_count=3200 1056 857 556 301 2144 330
is_linear=0
shrinkage=0.1


Tree=131
num_leaves=8
num_cat=0
split_feature=7 5 0 11 0 11 0
split_gain=15.3512 10.9636 9.39503 7.26422 7.22805 6.85477 5.88185
threshold=0.5011997598043535 2.0138694309368339 7.4203697166452693 1.9919197354721005 6.4995459286319752 0.90829916485292028 6.4310849859160859
decision_type=2 2 2 2 2 2 2
left_child=3 4 5 -1 -2 -3 -5
right_child=1 2 -4 6 -6 -7 -8
leaf_value=-0.017765520372435385 -0.0085490347092933641 -0.032022714446423253 -0.024170661183671546 0.061742928871377882 -0.047048454691474728 0.030919890856372263 0.018104726632982997
leaf_weight=42.480472408235073 85.170773822814226 20.912140630185604 79.593781262636185 40.475808140821755 114.08779072249308 100.23361210152507 130.3841213863343
leaf_count=191 353 76 404 208 922 441 605
internal_value=-0.00242132 -0.0139752 0.00251926 0.0192414 -0.0305923 0.0200548 0.0284424
internal_weight=613.339 399.998 200.74 213.34 199.259 121.146 170.86
internal_count=3200 2196 921 1004 1275 517 813
is_linear=0
shrinkage=0.1


Tree=132
num_leaves=8
num_cat=0
split_feature=0 1 3 2 11 8 11
split_gain=7.10086 6.21224 6.32606 6.0222 2.56867 2.14845 2.12804
threshold=7.4333301429597727 3.5000000000000004 60.201014294899743 1.5322700981394595 0.90829916485292028 2.8902516471389021 0.82898943933265568
decision_type=2 2 2 2 2 2 2
left_child=6 2 4 -4 -2 -3 -1
right_child=1 5 3 -5 -6 -7 -8
leaf_value=-0.008201338228307568 0.01313223726360932 -0.046941087401975411 -0.048025936951760183 0.04591639926100357 -0.073367876016012676 0.079854493449511163 -0.067275666011784169
leaf_weight=10.914742748253049 6.1666398625820857 16.37362921086606 7.4783939658664158 77.97045491845347 7.744345681509003 1.4550996579928313 13.817666926421223
leaf_count=255 35 403 103 592 188 20 1604
internal_value=0.00748482 0.0177608 0.0275137 0.0376947 -0.035023 -0.0365926 -0.0412054
internal_weight=141.921 117.189 99.3598 85.4488 13.911 17.8287 24.7324
internal_count=3200 1341 918 695 223 423 1859
is_linear=0
shrinkage=0.1


Tree=133
num_leaves=8
num_cat=0
split_feature=10 5 0 1 3 0 7
split_gain=7.49385 4.93642 5.88177 5.60405 4.54458 6.01146 3.81427
threshold=9.9856842391505527 2.2731231886005898 6.5471247677544371 3.5000000000000004 74.068950307731569 7.5872839878658214 0.47680282281616654
decision_type=2 2 2 2 2 2 2
left_child=4 2 -2 -4 5 6 -1
right_child=1 -3 3 -5 -6 -7 -8
leaf_value=-0.054476951232947692 -0.04569189456719281 -0.053570186835229461 0.022135585868622729 -0.032526240841963129 0.01188526409283569 0.015842898601261726 -0.011240199978941275
leaf_weight=27.017675114795566 32.793985048308969 32.822501095943153 57.046787191182375 27.942637965083122 388.94992615841329 68.768101036548615 83.344689569436014
leaf_count=122 142 173 243 114 1773 292 341
internal_value=0.00055765 -0.0192744 -0.00971719 0.00416399 0.00581539 -0.00736427 -0.0218249
internal_weight=718.686 150.606 117.783 84.9894 568.08 179.13 110.362
internal_count=3200 672 499 357 2528 755 463
is_linear=0
shrinkage=0.1


Tree=134
num_leaves=8
num_cat=0
split_feature=10 3 2 6 11 5 1
split_gain=15.3328 12.913 10.4901 7.55115 5.3319 5.00002 4.34333
threshold=10.023309895975331 59.518825958162374 1.6931294204734544 2.5000000000000004 21.029401817046701 1.9916183403524281 3.5000000000000004
decision_type=2 2 2 2 2 2 2
left_child=1 4 -3 -4 -1 -6 -2
right_child=6 2 3 -5 5 -7 -8
leaf_value=-0.018621774828809549 0.015100031777177237 0.01115685931740861 -0.039532518748829563 0.0036700414058389247 0.0073181914411667159 0.052542008662710915 0.053620905093983963
leaf_weight=34.617599284276366 94.879430093802512 75.84373851120472 208.25058821728453 50.211723860353231 56.344369532540441 43.185861372388899 42.329248189926147
leaf_count=162 456 392 1318 219 247 202 204
internal_value=-0.00241558 -0.0110266 -0.0215438 -0.0311395 0.015183 0.0269407 0.0269838
internal_weight=605.663 468.454 334.306 258.462 134.148 99.5302 137.209
internal_count=3200 2540 1929 1537 611 449 660
is_linear=0
shrinkage=0.1


Tree=135
num_leaves=8
num_cat=0
split_feature=5 4 11 0 0 11 11
split_gain=6.9878 6.54965 6.99075 6.39911 3.58399 2.26575 1.86182
threshold=1.9771269929954973 1.5000000000000002 0.99270154744239936 7.5165000198740062 6.6362532788529665 0.99270154744239936 0.95066812101378251
decision_type=2 2 2 2 2 2 2
left_child=1 5 4 -4 -3 -1 -2
right_child=6 2 3 -5 -6 -7 -8
leaf_value=-0.0036191049068386334 -0.013048594395576369 -0.03553097998338315 -0.067472894218021925 0.023630963966147434 0.084949271382092864 -0.072121326222148799 -0.0680431064936243
leaf_weight=10.569341507274659 12.246722644893454 2.7556965788826373 8.8334274688968417 60.614279669709504 23.738984288647771 8.8892656418029201 12.377934428805018
leaf_count=92 217 58 660 434 121 431 1187
internal_value=0.0076676 0.0179868 0.0287157 0.012043 0.0724182 -0.0349129 -0.0406924
internal_weight=140.026 115.401 95.9424 69.4477 26.4947 19.4586 24.6247
internal_count=3200 1796 1273 1094 179 523 1404
is_linear=0
shrinkage=0.1


Tree=136
num_leaves=8
num_cat=0
split_feature=2 1 0 5 11 1 0
split_gain=6.54447 5.07047 6.67209 5.7318 4.99026 4.74159 4.18963
threshold=1.5000216059225264 2.5000000000000004 6.4995459286319752 2.457494011897964 0.55314992350647973 3.5000000000000004 7.7328142431118119
decision_type=2 2 2 2 2 2 2
left_child=4 -2 -3 -4 -1 6 -6
right_child=1 2 3 -5 5 -7 -8
leaf_value=0.043754727883360045 0.013242156410599809 -0.029629152643895068 0.011437943481309346 -0.02868540482203253 -0.037113893614713449 -0.076121769117735119 0.018581085325969467
leaf_weight=9.5587906017899495 310.14194377791137 80.41959650721401 187.28243277221918 43.961149157956243 41.952303312718868 19.152711506932974 19.91961408406496
leaf_count=40 1417 367 838 173 177 99 89
internal_value=0.000531571 0.00418984 -0.00481828 0.00381019 -0.0245805 -0.0326422 -0.0191829
internal_weight=712.389 621.805 311.663 231.244 90.5834 81.0246 61.8719
internal_count=3200 2795 1378 1011 405 365 266
is_linear=0
shrinkage=0.1


Tree=137
num_leaves=8
num_cat=0
split_feature=4 1 0 2 0 5 5
split_gain=14.9277 10.994 6.88526 6.53108 6.59051 6.52942 6.34807
threshold=1.5000000000000002 3.5000000000000004 6.4995459286319752 1.4749605050482142 6.4995459286319752 2.3605703962532414 1.9608774299271925
decision_type=2 2 2 2 2 2 2
left_child=3 2 6 -1 -5 -6 -2
right_child=1 -3 -4 4 5 -7 -8
leaf_value=0.07058209414469141 -0.028679976103961335 0.0083431216760585392 -0.039520773550022287 0.043306243559187309 -0.011511810525580944 0.040607294071421621 0.022445405951644681
leaf_weight=22.308389908634126 53.859503984451294 143.41748124174774 154.05904370732605 52.124480756931007 98.348888080567122 31.812076613306999 44.232196614146233
leaf_count=100 239 712 1130 253 462 128 176
internal_value=-0.00241992 -0.0137621 -0.0263351 0.0195095 0.0132591 0.00122639 -0.00562616
internal_weight=600.162 395.568 252.151 204.594 182.285 130.161 98.0917
internal_count=3200 2257 1545 943 843 590 415
is_linear=0
shrinkage=0.1


Tree=138
num_leaves=8
num_cat=0
split_feature=7 6 1 10 11 11 7
split_gain=6.83289 6.98659 7.13406 7.3418 2.16828 1.41108 1.65853
threshold=0.50498409578820069 2.5000000000000004 3.5000000000000004 10.023309895975331 0.99270154744239936 0.49957186544062365 0.44244406443006573
decision_type=2 2 2 2 2 2 2
left_child=5 2 3 -2 -4 6 -1
right_child=1 -3 4 -5 -6 -7 -8
leaf_value=-0.070594316195679754 0.046436288296304071 -0.055423384897743455 0.0013396637538559222 -0.038662014108248925 -0.070178302084137154 -0.069204862979304449 0.03797819035741927
leaf_weight=2.479858907870951 79.481732471962459 12.170864669024011 8.3312498414888996 11.620430865674278 8.6308539716410433 12.128632344945798 3.2520262440666556
leaf_count=65 1048 302 87 275 458 936 29
internal_value=0.00783197 0.0164052 0.024495 0.0355817 -0.0350509 -0.049882 -0.00899492
internal_weight=138.096 120.235 108.064 91.1022 16.9621 17.8605 5.73189
internal_count=3200 2170 1868 1323 545 1030 94
is_linear=0
shrinkage=0.1


Tree=139
num_leaves=8
num_cat=0
split_feature=6 7 5 5 0 7 1
split_gain=6.64101 4.43319 4.87841 4.37015 5.79638 5.04864 3.74879
threshold=2.5000000000000004 0.4903838084916482 1.8408332821253026 2.5017166779461557 6.9160935141082662 0.4878097083800001 3.5000000000000004
decision_type=2 2 2 2 2 2 2
left_child=3 -2 6 -1 -5 -6 -3
right_child=1 2 -4 4 5 -7 -8
leaf_value=0.0083161833149595823 -0.054011404127787946 0.04031086157606395 -0.033361625899663315 -0.053476120726418386 -0.053633350366941661 0.016059407960872317 -0.02490291933985149
leaf_weight=504.79431694094092 31.121178855188191 24.030812472105026 41.002626838162541 27.882550582289696 13.172833019867538 49.280745012685657 13.921293690800665
leaf_count=2322 155 95 174 167 57 179 51
internal_value=0.000517631 -0.0220465 -0.00944709 0.00469112 -0.0155656 0.00135967 0.0163897
internal_weight=705.206 110.076 78.9547 595.13 90.3361 62.4536 37.9521
internal_count=3200 475 320 2725 403 236 146
is_linear=0
shrinkage=0.1


Tree=140
num_leaves=8
num_cat=0
split_feature=6 3 5 0 10 0 0
split_gain=14.3835 11.9967 10.2353 9.97087 6.42139 5.32803 4.67349
threshold=2.5000000000000004 60.201014294899743 1.9608774299271925 7.4955344668592083 10.198449443953892 6.4995459286319752 6.4995459286319752
decision_type=2 2 2 2 2 2 2
left_child=1 4 6 -4 5 -1 -3
right_child=-2 2 3 -5 -6 -7 -8
leaf_value=0.038833242478196923 0.031927904739164258 -0.019552402038523965 0.013751325107409002 -0.034650341493005769 0.057593547992948128 -0.0091303232252703207 -0.053413273343509905
leaf_weight=32.258110404014587 101.06197763606906 76.149035595357418 120.10032900422812 65.922654568217695 28.307245382107794 82.119429301470518 87.710775282699615
leaf_count=141 475 316 549 365 132 382 840
internal_value=-0.00243687 -0.00948762 -0.0194537 -0.00340121 0.0149506 0.00439693 -0.0376774
internal_weight=593.63 492.568 349.883 186.023 142.685 114.378 163.86
internal_count=3200 2725 2070 914 655 523 1156
is_linear=0
shrinkage=0.1


Tree=141
num_leaves=8
num_cat=0
split_feature=3 7 4 10 11 11 10
split_gain=6.5784 6.46537 6.34467 6.35324 2.41274 1.75541 1.46924
threshold=60.201014294899743 0.50498409578820069 1.5000000000000002 10.023309895975331 0.99270154744239936 0.49957186544062365 7.7164279508395248
decision_type=2 2 2 2 2 2 2
left_child=-1 5 4 -4 -3 6 -2
right_child=1 2 3 -5 -6 -7 -8
leaf_value=-0.046248289879852723 -0.071251098903202303 0.0033780810601609134 0.047081988065921336 -0.035112088161736214 -0.072407797885233119 -0.069259424382743351 0.046613287303054363
leaf_weight=19.30176486709388 1.6299792565405358 9.5086381454020756 74.693170668091625 10.758565103169529 7.5254928373615249 9.9382792907999811 3.0118858320638537
leaf_count=786 32 75 925 234 389 719 40
internal_value=0.00784223 0.0167606 0.0256246 0.0367336 -0.0301033 -0.0455457 0.0052255
internal_weight=136.368 117.066 102.486 85.4517 17.0341 14.5801 4.64187
internal_count=3200 2414 1623 1159 464 791 72
is_linear=0
shrinkage=0.1


Tree=142
num_leaves=8
num_cat=0
split_feature=7 5 11 4 1 10 5
split_gain=6.4917 5.88516 6.2914 5.53257 4.60762 4.16165 2.86001
threshold=0.50930754827664593 2.0000484954321047 0.95066812101378251 1.5000000000000002 3.5000000000000004 9.6068424898978844 2.2809968807248997
decision_type=2 2 2 2 2 2 2
left_child=1 3 6 4 -1 -5 -3
right_child=-2 2 -4 5 -6 -7 -8
leaf_value=-0.011082155775552124 0.0071653205774723037 0.07007889274182201 -0.046099388834583699 0.026686798904113958 -0.085419948114185934 -0.021291921182455948 -0.015739713554156227
leaf_weight=34.689295535907149 471.96077627036721 7.2128123193979254 72.315809273160994 66.640656810253859 10.976141301915048 24.809170503169298 8.4126783460378629
leaf_count=137 2144 25 375 329 45 105 40
internal_value=0.000501086 -0.0134743 -0.0336663 -0.000523813 -0.02895 0.0136708 0.0238746
internal_weight=697.017 225.057 87.9413 137.115 45.6654 91.4498 15.6255
internal_count=3200 1056 440 616 182 434 65
is_linear=0
shrinkage=0.1


Tree=143
num_leaves=8
num_cat=0
split_feature=4 1 10 1 5 11 7
split_gain=14.1015 9.62736 6.92076 6.61908 5.55508 5.04918 5.02802
threshold=1.5000000000000002 3.5000000000000004 9.8787065830019909 3.5000000000000004 2.0000484954321047 0.90829916485292028 0.46576239115058993
decision_type=2 2 2 2 2 2 2
left_child=3 2 6 5 -3 -1 -2
right_child=1 4 -4 -5 -6 -7 -8
leaf_value=-0.039370783062407738 -0.010862102930530479 -0.010917815189076963 0.0021381154400969275 0.048363591263952427 0.028943661220246143 0.015229867959691765 -0.047031785819861345
leaf_weight=19.60009856428951 55.836727604269981 76.769084883853793 65.923479912802577 55.825514605734497 64.196173750795424 124.63120716810226 123.30873179854825
leaf_count=102 278 411 339 265 301 576 928
internal_value=-0.0024206 -0.013587 -0.0255642 0.0191264 0.00723527 0.00780999 -0.0357583
internal_weight=586.091 386.034 245.069 200.057 140.965 144.231 179.145
internal_count=3200 2257 1545 943 712 678 1206
is_linear=0
shrinkage=0.1


Tree=144
num_leaves=8
num_cat=0
split_feature=5 2 1 6 11 11 5
split_gain=6.45424 6.41192 6.21192 6.26988 2.21662 1.81589 1.8514
threshold=1.9771269929954973 1.5547736549055824 3.5000000000000004 2.5000000000000004 1.0509214359361982 0.95066812101378251 2.385961459695594
decision_type=2 2 2 2 2 2 2
left_child=1 -1 3 -3 -4 6 -2
right_child=5 2 4 -5 -6 -7 -8
leaf_value=-0.055716054175983354 0.014444678130370397 0.045301325704262457 0.005160930236556018 -0.045502718611938275 -0.070198698764873724 -0.068091663634966007 -0.06985397497216754
leaf_weight=10.722136916534508 8.1403549204114842 76.550553990760818 7.8424323885701579 8.4427703527035174 7.7704343515797518 11.567900584515881 3.83159370208159
leaf_count=258 104 914 79 145 400 1187 113
internal_value=0.00773743 0.0177967 0.0256313 0.0362814 -0.0323451 -0.0398365 -0.0125349
internal_weight=134.868 111.328 100.606 84.9933 15.6129 23.5398 11.9719
internal_count=3200 1796 1538 1059 479 1404 217
is_linear=0
shrinkage=0.1


Tree=145
num_leaves=8
num_cat=0
split_feature=2 11 3 5 11 0 10
split_gain=6.05163 4.61267 4.56849 4.7515 5.84061 4.5251 3.704
threshold=1.5000216059225264 1.9919197354721005 68.524451314651884 2.0052380963768948 1.1509870052539599 7.0484198615778366 9.8787065830019909
decision_type=2 2 2 2 2 2 2
left_child=1 -1 3 5 -5 -2 -3
right_child=2 6 -4 4 -6 -7 -8
leaf_value=0.0189460038490285 -0.017830618431506757 -0.024379975086175315 0.0095698308511069762 0.023677686429484764 -0.045311427493653245 0.024292352234202147 -0.08189623769476638
leaf_weight=19.473557766526937 49.061502047814429 54.466984869912267 430.63112051784992 15.851921398192642 54.330287891905755 53.110719688236713 14.093969092704354
leaf_count=84 200 257 2032 63 271 229 64
internal_value=0.000487406 -0.0240042 0.00406313 -0.00969548 -0.029729 0.00406556 -0.0362035
internal_weight=691.02 88.0345 602.986 172.354 70.1822 102.172 68.561
internal_count=3200 405 2795 763 334 429 321
is_linear=0
shrinkage=0.1


Tree=146
num_leaves=8
num_cat=0
split_feature=11 5 0 3 0 2 4
split_gain=13.4512 11.976 9.75407 8.12588 8.27317 6.16828 4.82473
threshold=0.99270154744239936 2.0000484954321047 6.4995459286319752 59.518825958162374 7.4832713567626712 1.5000216059225264 1.5000000000000002
decision_type=2 2 2 2 2 2 2
left_child=-1 2 6 -3 -5 -4 -2
right_child=1 3 5 4 -6 -7 -8
leaf_value=-0.039255382705268911 0.046888847598981348 0.05455752006044659 0.016674215575174459 0.027788079064761925 -0.016612591062737488 -0.034276200948869025 -0.00053672671995437765
leaf_weight=84.510855693137273 30.931156311184168 54.038185602054 28.749006006866693 105.99193223007023 69.471521630883217 136.95689458679408 69.98904070071876
leaf_count=494 124 279 141 514 352 998 298
internal_value=-0.00237728 0.00390457 -0.01051 0.0206508 0.0102085 -0.0254366 0.0139988
internal_weight=580.639 496.128 266.626 229.502 175.463 165.706 100.92
internal_count=3200 2706 1561 1145 866 1139 422
is_linear=0
shrinkage=0.1


Tree=147
num_leaves=8
num_cat=0
split_feature=0 3 10 5 11 11 11
split_gain=5.92917 5.18707 5.43928 5.41255 1.86895 1.76589 1.52311
threshold=7.3654491202329089 60.201014294899743 10.023309895975331 2.385961459695594 0.90829916485292028 0.95066812101378251 0.82898943933265568
decision_type=2 2 2 2 2 2 2
left_child=6 4 3 -3 -2 -4 -1
right_child=1 2 5 -5 -6 -7 -8
leaf_value=-0.013191575083953303 -0.0014031384003585045 0.039954402006039752 0.0067614838789354509 -0.069485155776991187 -0.072600158901282755 -0.072051295904389231 -0.067220719407576596
leaf_weight=10.069856794783847 7.0931929983198625 81.207208839710802 4.9067030781880003 4.7854188578203312 7.677997010468971 6.7593063577078283 10.828305963397723
leaf_count=243 52 679 31 164 301 205 1525
internal_value=0.00772628 0.0168181 0.0251717 0.0338642 -0.038411 -0.0389028 -0.0411866
internal_weight=133.328 112.43 97.6586 85.9926 14.7712 11.666 20.8982
internal_count=3200 1432 1079 843 353 236 1768
is_linear=0
shrinkage=0.1


Tree=148
num_leaves=8
num_cat=0
split_feature=7 1 6 0 0 2 5
split_gain=6.26098 5.52894 4.678 4.83973 3.35391 4.37941 2.99459
threshold=0.50930754827664593 3.5000000000000004 2.5000000000000004 6.5680912693492166 7.4040312851196664 1.9600843080016224 2.5176479064829391
decision_type=2 2 2 2 2 2 2
left_child=1 2 3 -1 -3 -6 -2
right_child=6 4 -4 -5 5 -7 -8
leaf_value=-0.023086205707496213 0.010520765515626897 -0.060965837300824333 -0.043952019791890652 0.018143991833864798 -0.072319368476369744 0.0055109582171127209 -0.011623648491178484
leaf_weight=42.39733081497252 391.88143467251211 31.646351690404117 23.45009114779532 86.669806007295847 10.043734648264943 25.803489323705435 72.340121903456748
leaf_count=190 1827 184 111 414 42 115 317
internal_value=0.00048463 -0.0134104 -0.00286483 0.00460026 -0.0372406 -0.0162957 0.00706998
internal_weight=684.232 220.011 152.517 129.067 67.4936 35.8472 464.222
internal_count=3200 1056 715 604 341 157 2144
is_linear=0
shrinkage=0.1


Tree=149
num_leaves=8
num_cat=0
split_feature=7 1 5 0 3 5 0
split_gain=12.945 8.96579 6.9477 7.21468 5.11798 5.15028 5.82318
threshold=0.49885618854686931 3.5000000000000004 1.8408332821253026 7.6478072771402994 60.201014294899743 2.2273036865574194 7.4955344668592083
decision_type=2 2 2 2 2 2 2
left_child=4 2 -2 -4 -1 6 -6
right_child=1 -3 3 -5 5 -7 -8
leaf_value=0.047335793478018286 -0.047631619292917496 0.0078891129938081644 2.8153444571353526e-05 -0.048732458864574925 0.012986849354785099 0.041050177713442083 -0.037412532893190929
leaf_weight=46.591892451047897 84.978776924777776 130.98213195241988 120.2039971742779 40.591318710707128 80.490626944229007 38.387405303306878 32.054708564653993
leaf_count=228 702 658 547 302 351 203 209
internal_value=-0.00237119 -0.0132422 -0.0245038 -0.012281 0.018364 0.00942063 -0.0013677
internal_weight=574.281 376.756 245.774 160.795 197.525 150.933 112.545
internal_count=3200 2209 1551 849 991 763 560
is_linear=0
shrinkage=0.1


Tree=150
num_leaves=8
num_cat=0
split_feature=4 11 0 1 0 1 11
split_gain=5.98445 5.85763 5.40467 5.17714 4.29698 3.54684 1.57006
threshold=1.5000000000000002 0.99270154744239936 7.5165000198740062 3.5000000000000004 6.4995459286319752 2.5000000000000004 0.99270154744239936
decision_type=2 2 2 2 2 2 2
left_child=6 4 -3 -4 -2 -6 -1
right_child=1 2 3 -5 5 -7 -8
leaf_value=-0.017081677301939473 -0.068941805901449424 -0.06735848066051961 0.021656746840509538 -0.070446406616214818 0.089429402511550155 0.02287912405862208 -0.071391499899923203
leaf_weight=12.558671206235887 2.7670294768176964 9.9299903606297431 57.601985404500738 6.826208237791433 18.643501619109884 14.038631272967903 9.2390125165984482
leaf_count=154 90 1148 524 245 123 127 789
internal_value=0.00776046 0.0172614 0.00131419 0.0118984 0.0507122 0.0608427 -0.0401011
internal_weight=131.605 109.807 74.3582 64.4282 35.4492 32.6821 21.7977
internal_count=3200 2257 1917 769 340 250 943
is_linear=0
shrinkage=0.1


Tree=151
num_leaves=8
num_cat=0
split_feature=10 11 4 0 5 0 7
split_gain=6.60961 4.72111 4.66417 4.3722 3.76831 4.8174 4.31869
threshold=9.9856842391505527 0.64030526868148041 1.5000000000000002 7.4710417129703481 2.5447302893091477 6.6114300995739885 0.4878097083800001
decision_type=2 2 2 2 2 2 2
left_child=4 -2 -3 -4 -1 -6 -7
right_child=1 2 3 -5 5 6 -8
leaf_value=0.0089877235366178955 0.031048150073002434 -0.05636791770303913 -0.032175910217938281 0.01248684534929366 -0.063332769753654775 -0.053761755159197559 0.011837746889533315
leaf_weight=458.77442592661828 16.797317076474428 35.037981364876032 52.016409437637776 37.880202863365412 16.232497267890722 12.711229221895335 47.68057844042778
leaf_count=2177 66 178 239 189 111 62 178
internal_value=0.000475799 -0.0187266 -0.0254188 -0.0133561 0.00555911 -0.0149691 -0.00196959
internal_weight=677.131 141.732 124.935 89.8966 535.399 76.6243 60.3918
internal_count=3200 672 606 428 2528 351 240
is_linear=0
shrinkage=0.1


Tree=152
num_leaves=8
num_cat=0
split_feature=10 4 1 7 3 5 2
split_gain=13.3448 10.8297 6.8871 4.97633 5.16774 4.86842 4.85919
threshold=10.023309895975331 1.5000000000000002 3.5000000000000004 0.5011997598043535 42.87082473344023 2.0000484954321047 1.4889255073677694
decision_type=2 2 2 2 2 2 2
left_child=1 3 6 -1 -5 -4 -3
right_child=-2 2 5 4 -6 -7 -8
leaf_value=0.036127603589451683 0.025924925520811833 0.0013886231806970357 -0.022811461291654293 0.039503477194647717 -0.013781239085832002 0.019791136723746938 -0.04229529779261957
leaf_weight=50.897793841082603 128.88371677743271 30.923392053693533 56.062780160456896 23.395303962752223 81.978268533013761 51.430881737731397 144.22373113175854
leaf_count=238 660 169 327 100 411 237 1058
internal_value=-0.00236616 -0.0106736 -0.0223536 0.0104514 -0.00195083 -0.00242803 -0.0345826
internal_weight=567.796 438.912 282.641 156.271 105.374 107.494 175.147
internal_count=3200 2540 1791 749 511 564 1227
is_linear=0
shrinkage=0.1


Tree=153
num_leaves=8
num_cat=0
split_feature=5 2 10 6 11 7 7
split_gain=5.79213 5.94601 5.80574 6.18692 1.62307 1.66735 2.36407
threshold=1.9771269929954973 1.5547736549055824 10.023309895975331 2.5000000000000004 0.95066812101378251 0.66732712351024248 0.65327615067389189
decision_type=2 2 2 2 2 2 2
left_child=1 -1 3 -3 5 6 -2
right_child=4 2 -4 -5 -6 -7 -8
leaf_value=-0.055006421155684965 -0.0084249499073850865 0.043122637022758148 -0.039951208026269502 -0.046379426835158 -0.068047265198685786 -0.059398087323029806 0.14779397843219313
leaf_weight=10.268692034238482 5.9388310816139001 76.997751118382439 12.065474896109661 8.5844842861988564 10.217710983095456 4.7696822821162641 1.1575161702930925
leaf_count=258 120 1041 314 183 1187 91 6
internal_value=0.007829 0.0173776 0.0249895 0.034145 -0.0388321 -0.0136752 0.0170566
internal_weight=130 107.916 97.6477 85.5822 22.0837 11.866 7.09635
internal_count=3200 1796 1538 1224 1404 217 126
is_linear=0
shrinkage=0.1


Tree=154
num_leaves=8
num_cat=0
split_feature=6 0 5 2 0 4 7
split_gain=6.06947 4.27309 4.10525 4.06103 4.11357 4.55881 4.0401
threshold=2.5000000000000004 6.4995459286319752 1.9679297250397481 1.4889255073677694 6.4658779849990777 1.5000000000000002 0.50498409578820069
decision_type=2 2 2 2 2 2 2
left_child=3 -2 6 4 -1 -6 -3
right_child=1 2 -4 -5 5 -7 -8
leaf_value=-0.060434758638779756 -0.059480217988116479 -0.028064035141854394 -0.037289071924259516 0.0077721888245484098 -0.045746393680060005 0.015976296218402075 0.031594374879406771
leaf_weight=17.145004151389003 23.222656721249223 18.711804270744324 34.220497049856931 494.62504451954737 17.799368496052921 36.515194730833173 28.857675813138485
leaf_count=90 132 75 155 2395 69 171 113
internal_value=0.000456801 -0.0216234 -0.0108747 0.00455283 -0.0177308 -0.00425078 0.0081273
internal_weight=671.097 105.013 81.79 566.085 71.4596 54.3146 47.5695
internal_count=3200 475 343 2725 330 240 188
is_linear=0
shrinkage=0.1


Tree=155
num_leaves=8
num_cat=0
split_feature=6 3 4 0 5 10 0
split_gain=12.8822 10.4744 8.97944 5.93382 5.21362 4.94791 5.09813
threshold=2.5000000000000004 60.201014294899743 1.5000000000000002 6.4995459286319752 1.9608774299271925 10.198449443953892 7.3415857625121221
decision_type=2 2 2 2 2 2 2
left_child=1 5 4 -4 -3 6 -1
right_child=-2 2 3 -5 -6 -7 -8
leaf_value=0.022745244724941438 0.030960640673435087 -0.016798301038695479 -0.011213119508356068 -0.045418198750141782 0.02474191895698722 0.052732621411327056 -0.021273634364522183
leaf_weight=64.229513520374894 96.212336997035891 63.915656190365553 86.113544773310423 123.38497883616947 57.299648300744593 26.730302334297448 44.567039104178548
leaf_count=277 475 332 399 1071 268 132 246
internal_value=-0.00235456 -0.00922941 -0.0188244 -0.0313583 0.00283816 0.0141844 0.00471351
internal_weight=562.453 466.241 330.714 209.499 121.215 135.527 108.797
internal_count=3200 2725 2070 1470 600 655 523
is_linear=0
shrinkage=0.1


Tree=156
num_leaves=8
num_cat=0
split_feature=7 3 4 5 11 11 11
split_gain=5.84535 5.7066 5.4467 5.29719 2.20156 1.51079 1.21756
threshold=0.50498409578820069 60.201014294899743 1.5000000000000002 2.1773756745968034 0.99270154744239936 0.90829916485292028 0.49957186544062365
decision_type=2 2 2 2 2 2 2
left_child=6 5 4 -4 -3 -2 -1
right_child=1 2 3 -5 -6 -7 -8
leaf_value=-0.011532214934469804 -0.0093854959070579207 0.00298554545047236 0.04345519788155372 -0.044504692953335888 -0.072448244505226106 -0.072185698963042416 -0.069211374035545004
leaf_weight=5.6723211687058201 7.6478088847361487 9.1950871767476183 73.723655764712021 7.5475531553383908 6.6795434705563812 7.6751372519647703 10.314854686817851
leaf_count=94 95 75 809 350 389 452 936
internal_value=0.00783282 0.0158754 0.0248215 0.0352865 -0.0287546 -0.0408416 -0.0487466
internal_weight=128.456 112.469 97.1458 81.2712 15.8746 15.3229 15.9872
internal_count=3200 2170 1623 1159 464 547 1030
is_linear=0
shrinkage=0.1


Tree=157
num_leaves=8
num_cat=0
split_feature=5 11 6 2 0 0 3
split_gain=5.32338 4.88566 4.18727 5.32779 4.56625 3.81434 3.53129
threshold=2.5017166779461557 0.40181076061804971 1.5000000000000002 1.5000216059225264 6.4995459286319752 7.5165000198740062 57.065279745553589
decision_type=2 2 2 2 2 2 2
left_child=2 -2 -1 -4 -5 -3 -7
right_child=1 5 3 4 -6 6 -8
leaf_value=0.010939492401326564 0.032704276448263729 -0.052683807558173382 -0.045752464009101684 -0.024674837650778245 0.009486387885724399 -0.053385458911554509 0.00944350601515518
leaf_weight=348.84228786826134 14.303990714251993 40.146303323097527 30.12385578174144 55.238252088427544 134.16637296043336 12.850568834692238 29.4393658824265
leaf_count=1704 53 258 133 255 628 51 118
internal_value=0.000439619 -0.0212454 0.00413054 -0.00668925 -0.000476444 -0.0306065 -0.00964822
internal_weight=665.111 96.7402 568.371 219.528 189.405 82.4362 42.2899
internal_count=3200 480 2720 1016 883 427 169
is_linear=0
shrinkage=0.1


Tree=158
num_leaves=8
num_cat=0
split_feature=11 1 0 5 3 0 5
split_gain=12.2361 11.416 8.75171 7.41455 5.43362 4.86437 4.02234
threshold=0.99270154744239936 3.5000000000000004 6.5680912693492166 2.0191942913340166 59.518825958162374 7.4955344668592083 2.2809968807248997
decision_type=2 2 2 2 2 2 2
left_child=6 2 4 -4 -2 -3 -1
right_child=1 5 3 -5 -6 -7 -8
leaf_value=-0.055952059560635148 0.054675305141330455 0.040210309252733729 -0.040803561602263713 -0.0021699302833408131 0.0030338376200914775 0.0043877375691612885 -0.010088809375920701
leaf_weight=49.724271426908672 26.127206545788795 94.154189944732934 91.690586624667048 108.414471199736 92.539963200688362 63.452265560626984 31.072347525507212
leaf_count=356 133 481 774 551 432 335 138
internal_value=-0.00233063 0.0037724 -0.00711257 -0.0198723 0.0144039 0.0257882 -0.0383142
internal_weight=557.175 476.379 318.772 200.105 118.667 157.606 80.7966
internal_count=3200 2706 1890 1325 565 816 494
is_linear=0
shrinkage=0.1


Tree=159
num_leaves=8
num_cat=0
split_feature=1 7 2 6 8 4 7
split_gain=5.47926 5.48864 5.79735 5.9891 1.53112 1.30369 1.15538
threshold=3.5000000000000004 0.44244406443006573 1.5322700981394595 2.5000000000000004 2.8902516471389021 3.5000000000000004 0.85183582925192824
decision_type=2 2 2 2 2 2 2
left_child=1 -1 5 -4 6 -3 -2
right_child=4 2 3 -5 -6 -7 -8
leaf_value=-0.069605395788388966 -0.062411939541211263 -0.078258935314707442 0.038618347476701134 -0.047021048763307406 0.054369646821950113 0.0029193146930075291 0.00078902514917289642
leaf_weight=6.9132861283724187 14.164481495390651 6.3616551558370684 82.386725703632692 9.0645584863377717 1.5419313253951248 2.8711882173083723 3.6347884466813403
leaf_count=462 833 193 1306 204 46 58 98
internal_value=0.00777862 0.0165872 0.0225054 0.0301299 -0.0412245 -0.0530145 -0.0495057
internal_weight=126.939 107.597 100.684 91.4513 19.3412 9.23284 17.7993
internal_count=3200 2223 1761 1510 977 251 931
is_linear=0
shrinkage=0.1


Tree=160
num_leaves=8
num_cat=0
split_feature=7 10 0 5 5 11 7
split_gain=5.41891 4.79761 4.97497 5.27769 3.1636 2.8703 4.28422
threshold=0.50930754827664593 10.023309895975331 7.6233225051195275 2.0392468406228241 2.6315267654387999 22.795522397287815 0.37493032492098327
decision_type=2 2 2 2 2 2 2
left_child=1 2 3 -1 -4 6 -3
right_child=-2 5 4 -5 -6 -7 -8
leaf_value=-0.002452357250081306 0.0066787074610596305 -0.064821237196095172 0.029971455985599346 -0.049137649438505737 -0.034708800994904247 -0.072674989481979188 0.017277137957134897
leaf_weight=76.784772931598127 447.0110931461677 11.819906748365613 46.433715503662825 35.36898086592555 9.0331115797162038 18.145579802803695 13.751001365948467
leaf_count=339 2144 69 241 205 34 92 76
internal_value=0.00044054 -0.0127542 -0.00505961 -0.0171751 0.0194379 -0.0422571 -0.020672
internal_weight=658.348 211.337 167.621 112.154 55.4668 43.7165 25.5709
internal_count=3200 1056 819 544 275 237 145
is_linear=0
shrinkage=0.1


Tree=161
num_leaves=8
num_cat=0
split_feature=4 10 5 0 1 0 3
split_gain=11.6454 8.08297 6.56361 5.83022 5.31402 4.15392 4.22277
threshold=1.5000000000000002 10.023309895975331 2.0052380963768948 7.6166241856582966 3.5000000000000004 7.7169078330252239 74.068950307731569
decision_type=2 2 2 2 2 2 2
left_child=4 2 -2 -4 5 6 -1
right_child=1 -3 3 -5 -6 -7 -8
leaf_value=0.050783608123341407 -0.037909469534180555 0.01341529353686826 0.0063655521298390701 -0.037229614545608525 0.0446079884772696 -0.021312933886334685 0.0050213148630422026
leaf_weight=28.105105498805642 127.6138289317023 88.510016633663327 101.3488425440155 43.992497918196023 53.075715524144471 36.954329706728458 71.367150804027915
leaf_count=141 1044 466 471 276 265 198 339
internal_value=-0.00231853 -0.0128451 -0.0213605 -0.00683001 0.0177604 0.00731551 0.0179511
internal_weight=550.967 361.465 272.955 145.341 189.502 136.427 99.4723
internal_count=3200 2257 1791 747 943 678 480
is_linear=0
shrinkage=0.1


Tree=162
num_leaves=8
num_cat=0
split_feature=3 10 7 2 0 14 11
split_gain=5.00919 5.11437 5.17577 5.26284 1.32609 1.5512 1.25346
threshold=60.201014294899743 10.023309895975331 0.44244406443006573 1.5322700981394595 8.4765959620919222 21.915207001190598 0.90829916485292028
decision_type=2 2 2 2 2 2 2
left_child=6 2 -2 -4 -3 -6 -1
right_child=1 4 3 -5 5 -7 -8
leaf_value=-0.016760152088810799 -0.069084081052334073 -0.063543440218645969 -0.04870256305045479 0.036996949195759361 0.05192958665466893 -0.076735123286413923 -0.07149853852686068
leaf_weight=8.6759015017887595 5.6600531408039378 9.2192057234642544 7.8519190918887025 82.001681007444859 2.5753314342582589 1.4729354189475996 8.0788728581974265
leaf_count=130 417 413 213 1293 54 24 656
internal_value=0.00774469 0.0155843 0.0236656 0.029508 -0.0425936 0.00511577 -0.0431541
internal_weight=125.536 108.781 95.5137 89.8536 13.2675 4.04827 16.7548
internal_count=3200 2414 1923 1506 491 78 786
is_linear=0
shrinkage=0.1


Tree=163
num_leaves=8
num_cat=0
split_feature=2 3 1 0 11 1 0
split_gain=5.69259 3.91479 4.47257 3.95647 3.53609 3.42124 3.46836
threshold=1.5000216059225264 68.524451314651884 3.5000000000000004 8.4531891530512144 0.55314992350647973 3.5000000000000004 7.7328142431118119
decision_type=2 2 2 2 2 2 2
left_child=4 2 3 -2 -1 6 -6
right_child=1 -3 -4 -5 5 -7 -8
leaf_value=0.037137461930282112 -0.0058483267840769848 0.0092258315025922286 -0.034698256533813802 0.047994585738104951 -0.036110103909564865 -0.069817054353442751 0.016600104990051778
leaf_weight=8.488144673407076 97.927247640676796 406.89802902378142 48.169167815009132 15.857332706451414 38.858287775889039 17.39448284637183 18.391946770250797
leaf_count=40 455 2032 235 73 177 99 89
internal_value=0.000420056 0.00399215 -0.00915712 0.00165537 -0.0240227 -0.0309774 -0.0191767
internal_weight=651.985 568.852 161.954 113.785 83.1329 74.6447 57.2502
internal_count=3200 2795 763 528 405 365 266
is_linear=0
shrinkage=0.1


Tree=164
num_leaves=8
num_cat=0
split_feature=2 1 4 0 7 5 7
split_gain=11.5376 10.6629 7.35095 5.46196 5.53758 4.94984 4.76692
threshold=1.5000216059225264 3.5000000000000004 1.5000000000000002 6.4995459286319752 0.51379722854601895 2.0984493751216049 0.49654612724452585
decision_type=2 2 2 2 2 2 2
left_child=-1 2 5 -3 -5 -2 -4
right_child=1 3 6 4 -6 -7 -8
leaf_value=0.034061381404134256 -0.016272500283765808 0.043421825103952733 -0.01113372241902064 0.028319505822645807 -0.015166498352447372 0.025575630165932391 -0.044080139033720059
leaf_weight=75.278788030147552 71.327687844634056 42.120101778302342 70.794380540028214 47.859032731503248 75.446622124873102 46.815531346481293 115.66826350847259
leaf_count=405 365 228 384 231 405 234 948
internal_value=-0.00228513 -0.00810628 -0.0192059 0.0123319 0.00171187 0.000310275 -0.0315714
internal_weight=545.31 470.032 304.606 165.426 123.306 118.143 186.463
internal_count=3200 2795 1931 864 636 599 1332
is_linear=0
shrinkage=0.1


Tree=165
num_leaves=8
num_cat=0
split_feature=5 0 11 4 4 11 5
split_gain=5.04848 4.86236 5.87049 4.42538 3.52269 1.58143 1.55687
threshold=1.9771269929954973 6.4995459286319752 0.99270154744239936 1.5000000000000002 1.5000000000000002 0.95066812101378251 2.385961459695594
decision_type=2 2 2 2 2 2 2
left_child=1 -1 4 -4 -3 6 -2
right_child=5 2 3 -5 -6 -7 -8
leaf_value=-0.068208449011478572 0.011846487441560645 0.0037092839787890922 -0.072358203505593063 0.013807176998076476 0.077776557112570949 -0.068062664895077313 -0.069556069651492344
leaf_weight=6.3258792741689822 7.9153330652043241 8.8771146326325816 6.6356790378340511 58.58353182009887 23.21098371502012 9.2873603311745665 3.3413091344991699
leaf_count=496 104 63 309 801 127 1187 113
internal_value=0.00776862 0.0167461 0.0222689 0.00504035 0.057286 -0.0375176 -0.0123162
internal_weight=124.177 103.633 97.3073 65.2192 32.0881 20.544 11.2566
internal_count=3200 1796 1300 1110 190 1404 217
is_linear=0
shrinkage=0.1


Tree=166
num_leaves=8
num_cat=0
split_feature=3 0 11 5 10 0 5
split_gain=5.2998 4.23206 3.63347 3.34682 3.26681 3.59851 3.55905
threshold=61.195655702033065 7.4955344668592083 1.2505835731946233 2.6249719991171694 9.6068424898978844 6.5471247677544371 2.267309492608844
decision_type=2 2 2 2 2 2 2
left_child=1 2 -1 -3 -2 -6 -7
right_child=4 3 -4 -5 5 6 -8
leaf_value=0.0060395465097854741 0.010673203042512441 0.012691952872855718 -0.039923907359569563 -0.045711242256461206 -0.035194059765472602 0.013869801169578717 -0.031626001577185946
leaf_weight=22.620392300188541 353.47443710081279 60.630120806396008 71.756660390645266 11.706563279032705 35.239512383006513 68.352029412984848 22.973860541824251
leaf_count=97 1792 278 374 49 169 332 109
internal_value=0.000402231 -0.0149586 -0.0289073 0.00324031 0.0057369 -0.00804931 0.00242492
internal_weight=646.754 166.714 94.3771 72.3367 480.04 126.565 91.3259
internal_count=3200 798 471 327 2402 610 441
is_linear=0
shrinkage=0.1


Tree=167
num_leaves=8
num_cat=0
split_feature=11 6 10 7 5 5 4
split_gain=11.1188 10.1055 9.62791 8.86057 4.37236 3.62748 2.75008
threshold=0.99270154744239936 2.5000000000000004 10.023309895975331 0.49885618854686931 2.0000484954321047 2.2809968807248997 1.5000000000000002
decision_type=2 2 2 2 2 2 2
left_child=5 2 3 -2 -4 -1 -3
right_child=1 6 4 -5 -6 -7 -8
leaf_value=-0.054422885068793836 0.011084065426555281 0.064455867956133561 0.0074119286427161259 -0.025231885849844204 0.051745145260233771 -0.010162418044981731 0.023875228473328517
leaf_weight=47.621712043648586 105.43462621280923 23.955853979568928 56.441156887449324 185.18790541868657 36.719097144436091 30.298154704272747 55.132936779409647
leaf_count=356 556 130 284 1254 210 138 272
internal_value=-0.00226488 0.00361825 -0.00308931 -0.0120569 0.0248859 -0.0372128 0.036167
internal_weight=540.791 462.872 383.783 290.623 93.1603 77.9199 79.0888
internal_count=3200 2706 2304 1810 494 494 402
is_linear=0
shrinkage=0.1


Tree=168
num_leaves=8
num_cat=0
split_feature=1 6 10 5 11 8 11
split_gain=5.21663 4.98252 5.12489 5.21454 1.5758 1.30884 1.10671
threshold=3.5000000000000004 2.5000000000000004 10.023309895975331 2.385961459695594 0.95066812101378251 2.8902516471389021 0.43407023002560058
decision_type=2 2 2 2 2 2 2
left_child=1 2 3 -1 -4 6 -2
right_child=5 -3 4 -5 -6 -7 -8
leaf_value=0.038687464278258463 -0.012071211778068426 -0.049912153577672785 0.0032548132288945119 -0.068868033993739156 -0.071188861705779857 0.047659506757617334 -0.066737218444743215
leaf_weight=77.73494235202088 5.4658179720863762 10.186106506269423 5.0511659488547576 4.7851320036570533 6.5057023207191378 1.523271929094334 11.48539151783916
leaf_count=1198 79 312 54 309 350 46 852
internal_value=0.00784469 0.0165228 0.023716 0.0324506 -0.0386517 -0.0411315 -0.0491105
internal_weight=122.738 104.263 94.0769 82.5201 11.5569 18.4745 16.9512
internal_count=3200 2223 1911 1507 404 977 931
is_linear=0
shrinkage=0.1


Tree=169
num_leaves=8
num_cat=0
split_feature=5 11 0 11 4 0 0
split_gain=4.95955 4.11493 3.96418 6.79249 5.70175 3.62771 3.53812
threshold=2.5017166779461557 0.40181076061804971 6.4995459286319752 0.99270154744239936 1.5000000000000002 6.6114300995739885 6.8552399053425495
decision_type=2 2 2 2 2 2 2
left_child=2 -2 3 -1 -5 -3 -4
right_child=1 5 6 4 -6 -7 -8
leaf_value=0.037809558245940754 0.028877829198081701 -0.07480685806694834 0.033481435718524487 -0.051686101532814693 -0.0055834781599591069 -0.019608081094514986 0.005704491519878176
leaf_weight=25.903434526175261 14.076210916042326 14.604698517592622 53.169903140515089 36.787356050219387 99.069217662326992 64.438908891752362 333.39914843067527
leaf_count=112 53 138 283 196 443 289 1686
internal_value=0.000401223 -0.0209361 0.00402483 -0.00911936 -0.0180672 -0.029807 0.00952502
internal_weight=641.449 93.1198 548.329 161.76 135.857 79.0436 386.569
internal_count=3200 480 2720 751 639 427 1969
is_linear=0
shrinkage=0.1


Tree=170
num_leaves=8
num_cat=0
split_feature=4 1 0 5 1 0 5
split_gain=10.3643 7.29958 5.44041 4.90415 4.68202 4.06396 4.02111
threshold=1.5000000000000002 3.5000000000000004 6.4995459286319752 1.9608774299271925 3.5000000000000004 7.4955344668592083 2.0138694309368339
decision_type=2 2 2 2 2 2 2
left_child=4 2 3 -2 -1 6 -3
right_child=1 5 -4 -5 -6 -7 -8
leaf_value=0.0069682699837895212 -0.025780042613941574 0.0040463215626833629 -0.036337797264010277 0.021358138912643043 0.042418639277913936 -0.01649562414296404 0.05082602044570908
leaf_weight=133.16032705456018 48.523821588605642 53.799267406575382 131.83384524146095 40.485284874215722 51.728186764288694 48.595111936330795 27.906696160789579
leaf_count=678 239 241 1130 176 265 299 172
internal_value=-0.00227636 -0.0123663 -0.0234411 -0.00433951 0.0168866 0.00640416 0.0200239
internal_weight=536.033 351.144 220.843 89.0091 184.889 130.301 81.706
internal_count=3200 2257 1545 415 943 712 413
is_linear=0
shrinkage=0.1


Tree=171
num_leaves=8
num_cat=0
split_feature=3 7 4 11 11 11 10
split_gain=4.74662 4.73564 4.53127 4.72694 2.0455 1.44624 1.1554
threshold=60.201014294899743 0.50498409578820069 1.5000000000000002 0.99270154744239936 0.99270154744239936 0.49957186544062365 7.7164279508395248
decision_type=2 2 2 2 2 2 2
left_child=-1 5 4 -4 -3 6 -2
right_child=1 2 3 -5 -6 -7 -8
leaf_value=-0.043054714616317907 -0.071079757255416653 0.0032179236201699763 0.071331195349685003 0.01708892305803365 -0.072265443258568776 -0.069271611512191134 0.037183685846839669
leaf_weight=15.973358293151248 1.4594367928802947 8.8376188403926772 22.588853238150477 55.635408714355435 6.0460400479787486 7.734952554688789 3.0371447782963514
leaf_count=786 32 75 174 985 389 719 40
internal_value=0.00774208 0.0154447 0.0231297 0.0327525 -0.0274449 -0.043054 0.00204507
internal_weight=121.313 105.339 93.1079 78.2243 14.8837 12.2315 4.49658
internal_count=3200 2414 1623 1159 464 791 72
is_linear=0
shrinkage=0.1


Tree=172
num_leaves=8
num_cat=0
split_feature=3 0 5 1 7 5 6
split_gain=5.19078 4.066 3.05406 3.01126 3.60434 3.24313 3.00365
threshold=61.195655702033065 7.4955344668592083 2.6249719991171694 1.5000000000000002 0.50930754827664593 2.4632898958410503 1.5000000000000002
decision_type=2 2 2 2 2 2 2
left_child=1 6 -3 -2 5 -5 -1
right_child=3 2 -4 4 -6 -7 -8
leaf_value=-0.015207847665421093 0.01798980363994129 0.01212572276091404 -0.044233694542966995 -0.007825348464913123 0.0077462113852410312 -0.059479733724623521 -0.052682119891670764
leaf_weight=59.147251531016082 140.28776187635958 59.612779472023249 11.463914502412079 93.542665296699852 223.44801892526448 13.970112385228274 33.504441998666152
leaf_count=288 733 278 49 472 1105 92 183
internal_value=0.000382457 -0.0149567 0.00303555 0.00571181 0.000507411 -0.0145373 -0.0287592
internal_weight=634.977 163.728 71.0767 471.249 330.961 107.513 92.6517
internal_count=3200 798 327 2402 1669 564 471
is_linear=0
shrinkage=0.1


Tree=173
num_leaves=8
num_cat=0
split_feature=3 7 10 6 0 5 7
split_gain=10.8929 9.03877 5.90847 4.65219 4.18539 4.15068 3.76092
threshold=60.201014294899743 0.49654612724452585 9.9856842391505527 2.5000000000000004 6.4995459286319752 2.0052380963768948 0.49885618854686931
decision_type=2 2 2 2 2 2 2
left_child=6 4 3 -3 -2 -6 -1
right_child=1 2 -4 -5 5 -7 -8
leaf_value=0.045634447977256208 0.035831344615031638 -0.04058028555062973 0.0037126830198664692 -0.0019837153980452192 -0.022220272273977618 0.01923649109609003 0.010577389440285237
leaf_weight=42.956504593137652 41.396247945725918 140.29985839221627 62.37655811663717 40.170676440000534 49.926758254878223 46.778292583767325 106.39703195914626
leaf_count=228 212 1130 333 195 325 219 558
internal_value=-0.00222904 -0.011203 -0.0228189 -0.0319891 0.00922328 -0.00216675 0.0206604
internal_weight=530.302 380.948 242.847 180.471 138.101 96.7051 149.354
internal_count=3200 2414 1658 1325 756 544 786
is_linear=0
shrinkage=0.1


Tree=174
num_leaves=8
num_cat=0
split_feature=1 0 2 6 8 4 7
split_gain=4.85129 4.71297 5.05516 4.92972 1.14904 1.12243 1.03069
threshold=3.5000000000000004 6.4995459286319752 1.5322700981394595 2.5000000000000004 2.8902516471389021 3.5000000000000004 0.85183582925192824
decision_type=2 2 2 2 2 2 2
left_child=1 -1 5 -4 6 -3 -2
right_child=4 2 3 -5 -6 -7 -8
leaf_value=-0.068073555624007881 -0.061498561389973116 -0.07764052967253561 0.036465031197679625 -0.044356687436184664 0.043435430185946047 -0.0012566729610295978 -0.00011732351321021859
leaf_weight=6.2370521282427935 12.704989918129291 5.6579914738831558 79.41367472091224 8.3393631476501451 1.4917821487470053 2.9148729343432933 3.4862787650054079
leaf_count=620 833 183 1181 185 46 54 98
internal_value=0.00782923 0.0161694 0.0216241 0.0287844 -0.0405446 -0.0516691 -0.048282
internal_weight=120.246 102.563 96.3259 87.753 17.6831 8.57286 16.1913
internal_count=3200 2223 1603 1366 977 237 931
is_linear=0
shrinkage=0.1


Tree=175
num_leaves=8
num_cat=0
split_feature=2 5 11 0 11 3 0
split_gain=4.96318 3.49622 4.36394 4.11202 3.0994 2.95471 2.93838
threshold=1.5000216059225264 2.5017166779461557 0.73514652556132465 7.4333301429597727 1.9919197354721005 75.755368385831019 7.9843868224188883
decision_type=2 2 2 2 2 2 2
left_child=4 -2 -3 -4 -1 -6 -7
right_child=1 2 3 -5 5 6 -8
leaf_value=0.014372111005683709 0.0071087668288981392 0.031076249562823566 -0.05374969158052724 -0.0035835240038228655 -0.06763555307733074 -0.034952869541232792 0.022552191525548784
leaf_weight=17.556903641670942 466.7767442013137 16.278338350355625 30.366550947772339 35.371729761362076 17.813202485442162 33.217726378468797 12.130766499787567
leaf_count=84 2376 65 206 148 97 164 60
internal_value=0.000357695 0.00376303 -0.0152783 -0.0267568 -0.0227947 -0.0331259 -0.0195702
internal_weight=629.512 548.793 82.0166 65.7383 80.7186 63.1617 45.3485
internal_count=3200 2795 419 354 405 321 224
is_linear=0
shrinkage=0.1


Tree=176
num_leaves=8
num_cat=0
split_feature=2 1 5 0 0 5 6
split_gain=10.2666 8.94032 6.53203 6.02422 4.98691 5.32002 4.59463
threshold=1.5000216059225264 3.5000000000000004 2.0052380963768948 6.5680912693492166 6.4995459286319752 2.4632898958410503 2.5000000000000004
decision_type=2 2 2 2 2 2 2
left_child=-1 2 6 -4 -3 -6 -2
right_child=1 4 3 -5 5 -7 -8
leaf_value=0.032572817395805552 -0.043165846531192084 0.041657784192928864 0.025451620618374193 -0.01736494376346652 -0.0090258107600917278 0.045529129543752142 0.0013074314782825327
leaf_weight=73.020879295188934 110.60552045726217 40.188156459247693 47.918086854275316 104.57510145846754 97.807799201458693 21.872260779608041 29.406253764405847
leaf_count=405 956 228 245 575 534 102 155
internal_value=-0.00222044 -0.00783668 -0.0182297 -0.00391065 0.0111791 0.000944437 -0.0338253
internal_weight=525.394 452.373 292.505 152.493 159.868 119.68 140.012
internal_count=3200 2795 1931 820 864 636 1111
is_linear=0
shrinkage=0.1


Tree=177
num_leaves=8
num_cat=0
split_feature=5 10 2 0 11 7 7
split_gain=4.54004 4.38319 4.65192 4.66941 1.48298 1.49839 1.8429
threshold=1.9771269929954973 10.023309895975331 1.5547736549055824 6.4995459286319752 0.95066812101378251 0.66732712351024248 0.52665444343785739
decision_type=2 2 2 2 2 2 2
left_child=1 2 -1 -4 5 6 -2
right_child=4 -3 3 -5 -6 -7 -8
leaf_value=-0.048932910396087152 -0.069254262449915727 -0.040843221181628052 -0.068206934206029912 0.037133788744363093 -0.068066780289578993 -0.058294653908552554 0.050503051741267541
leaf_weight=7.9512899192341129 1.7624556855298594 11.819383660709716 4.4561354031611691 75.550588645448443 8.4615697240660648 4.2487790016457438 4.7431209599599242
leaf_count=206 74 366 343 881 1187 91 52
internal_value=0.00776153 0.0163335 0.0240167 0.0312666 -0.0367481 -0.0121064 0.018059
internal_weight=118.993 99.7774 87.958 80.0067 19.2159 10.7544 6.50558
internal_count=3200 1796 1430 1224 1404 217 126
is_linear=0
shrinkage=0.1


Tree=178
num_leaves=8
num_cat=0
split_feature=6 10 5 3 10 7 5
split_gain=4.90875 3.50417 3.88594 3.52642 3.24196 4.48409 4.19673
threshold=2.5000000000000004 10.060621358099215 1.3842969013847626 59.518825958162374 10.023309895975331 0.40518615742579617 1.9608774299271925
decision_type=2 2 2 2 2 2 2
left_child=4 2 -2 -4 -1 -6 -7
right_child=1 -3 3 -5 5 6 -8
leaf_value=0.0083301734706484401 0.037639347074026969 -0.066409047917054154 -0.06372381870751416 -0.0098796324398219126 -0.057752294105465077 0.014453772076410893 -0.027933670362144742
leaf_weight=410.87697025295347 13.078094834461806 14.047786461887879 15.574145752238108 55.541687254328281 17.203423876781017 58.816816180944443 38.744952963432297
leaf_count=2148 62 80 91 242 97 275 205
internal_value=0.000344857 -0.0201729 -0.0124584 -0.0216713 0.0041796 -0.0106801 -0.00237966
internal_weight=623.884 98.2417 84.1939 71.1158 525.642 114.765 97.5618
internal_count=3200 475 395 333 2725 577 480
is_linear=0
shrinkage=0.1


Tree=179
num_leaves=8
num_cat=0
split_feature=4 6 3 0 10 0 7
split_gain=10.1066 7.35105 6.70863 4.58726 4.40979 4.39456 4.09337
threshold=1.5000000000000002 2.5000000000000004 60.201014294899743 7.4955344668592083 10.023309895975331 7.3415857625121221 0.3818571672952355
decision_type=2 2 2 2 2 2 2
left_child=4 2 6 -4 5 -1 -2
right_child=1 -3 3 -5 -6 -7 -8
leaf_value=0.023663172418768461 0.058605418000485757 0.018654154223760138 -0.021024021909343184 -0.057194803882132883 0.048703035174006114 -0.011758555994503147 -0.0048701555600779729
leaf_weight=86.064424028387293 11.745723057538269 62.475977090653032 144.28262317273766 46.31775878847111 35.198300126474351 59.059768993407488 75.223089213948697
leaf_count=433 55 322 869 601 194 316 410
internal_value=-0.0021883 -0.0123368 -0.0193124 -0.0298139 0.0169494 0.00924794 0.00370265
internal_weight=520.368 340.045 277.569 190.6 180.322 145.124 86.9688
internal_count=3200 2257 1935 1470 943 749 465
is_linear=0
shrinkage=0.1


Tree=180
num_leaves=8
num_cat=0
split_feature=1 7 11 0 0 11 10
split_gain=4.35687 4.33817 4.74411 4.38566 3.15893 1.17557 1.25481
threshold=3.5000000000000004 0.44244406443006573 0.99270154744239936 7.5165000198740062 6.4995459286319752 0.99270154744239936 7.7650576803820437
decision_type=2 2 2 2 2 2 2
left_child=1 -1 4 -4 -3 6 -2
right_child=5 2 3 -5 -6 -7 -8
leaf_value=-0.069386710220098319 0.015069064649344432 -0.068983628809074798 -0.067520511400478961 0.01427993207609432 0.059628554872272026 -0.069476101273087884 -0.058204385542945436
leaf_weight=5.6672358103387515 5.475297955505086 2.0370252975262693 7.4421277386427382 54.937434464343823 30.563861489063129 7.315594890882493 4.0777015327475965
leaf_count=462 75 66 900 590 205 816 86
internal_value=0.00772354 0.0156063 0.0206776 0.00452082 0.0515924 -0.0393092 -0.0162077
internal_weight=117.516 100.648 94.9804 62.3796 32.6009 16.8686 9.553
internal_count=3200 2223 1761 1490 271 977 161
is_linear=0
shrinkage=0.1


Tree=181
num_leaves=8
num_cat=0
split_feature=7 0 11 1 5 5 11
split_gain=4.68851 4.13382 3.8618 3.24016 3.05607 2.72704 3.54712
threshold=0.50930754827664593 7.4955344668592083 0.99270154744239936 3.5000000000000004 2.5887014831259756 2.5176479064829391 0.30600590797498489
decision_type=2 2 2 2 2 2 2
left_child=1 2 -1 -4 -3 -2 -7
right_child=5 4 3 -5 -6 6 -8
leaf_value=0.017086901881930561 0.0097557192424775514 0.013279626038330855 -0.021629034279030519 -0.063278376119813101 -0.043783012457165864 0.056709931220730717 -0.020350145138997824
leaf_weight=19.094447363168001 355.68256651307456 67.977107632905245 75.055454996414483 24.867552094627172 10.888970669358967 6.6518575996160498 58.559403878170997
leaf_count=92 1827 352 394 167 51 26 291
internal_value=0.000340577 -0.0123544 -0.0241199 -0.0319942 0.00540104 0.00630913 -0.0124897
internal_weight=618.777 197.884 119.017 99.923 78.8661 420.894 65.2113
internal_count=3200 1056 653 561 403 2144 317
is_linear=0
shrinkage=0.1


Tree=182
num_leaves=8
num_cat=0
split_feature=11 7 5 0 0 0 5
split_gain=9.81894 9.21607 7.48348 6.30591 4.68486 4.04234 5.27071
threshold=0.99270154744239936 0.5011997598043535 2.0052380963768948 7.4203697166452693 6.4995459286319752 6.4310849859160859 2.0000484954321047
decision_type=2 2 2 2 2 2 2
left_child=-1 5 4 -4 -3 -2 -7
right_child=1 2 3 -5 -6 6 -8
leaf_value=-0.035921591505430998 0.052805604217178982 -0.0025491219834789963 0.026324371486713113 -0.016118264072022749 -0.038845179108828704 -0.004198295757039121 0.038703527286974536
leaf_weight=73.847132324823178 35.73367909854278 62.852309043519199 86.027609006734565 59.023859905079007 81.899175641592592 66.184830905869603 50.475868564797565
leaf_count=494 223 292 442 344 767 382 256
internal_value=-0.00216722 0.00346977 -0.00699905 0.00905376 -0.0230851 0.023378 0.0143641
internal_weight=516.044 442.197 289.803 145.051 144.751 152.394 116.661
internal_count=3200 2706 1845 786 1059 861 638
is_linear=0
shrinkage=0.1


Tree=183
num_leaves=8
num_cat=0
split_feature=4 6 5 11 6 11 2
split_gain=4.4111 4.23199 4.27928 4.75846 1.43861 1.34864 1.57257
threshold=1.5000000000000002 2.5000000000000004 2.385961459695594 0.99270154744239936 4.5000000000000009 0.99270154744239936 2.7910844426188874
decision_type=2 2 2 2 2 2 2
left_child=5 2 3 -2 -3 6 -1
right_child=1 4 -4 -5 -6 -7 -8
leaf_value=-0.035673087116158603 0.063338542122526376 -0.060790703571891362 -0.068761401042255491 0.012041333910743685 0.064996380747650531 -0.071405330033867648 0.05486803602561046
leaf_weight=8.6729846395319345 26.462129491381347 8.4663765345467237 4.8050864076358257 57.111267110318295 1.0186140249716107 7.1058374259664552 2.4631054325727737
leaf_count=131 220 290 385 1330 32 789 23
internal_value=0.00777959 0.0161949 0.0230075 0.0282837 -0.0472822 -0.0373667 -0.015647
internal_weight=116.105 97.8635 88.3785 83.5734 9.48499 18.2419 11.1361
internal_count=3200 2257 1935 1550 322 943 154
is_linear=0
shrinkage=0.1


Tree=184
num_leaves=8
num_cat=0
split_feature=10 0 2 0 11 3 4
split_gain=4.5593 3.64027 2.95024 3.3418 2.83131 2.63499 2.35345
threshold=9.9856842391505527 7.4955344668592083 1.604118800152418 7.4601620251490344 0.95066812101378251 66.362674213026807 1.5000000000000002
decision_type=2 2 2 2 2 2 2
left_child=2 4 3 6 -2 -3 -1
right_child=1 5 -4 -5 -6 -7 -8
leaf_value=-0.063584715879892423 0.011984403130609288 -0.030857119422721097 0.0083228384150218077 0.012110629145843254 -0.039924839885727197 0.017137859723572187 -0.015151985368731935
leaf_weight=14.066139175090937 12.701732156798242 16.199105085805058 401.37623684294522 33.018519379198551 60.823984765913337 38.927693089470267 34.990694960346445
leaf_count=76 61 68 2098 167 335 208 187
internal_value=0.000338193 -0.0163921 0.00479033 -0.0124848 -0.0309574 0.00303445 -0.0290392
internal_weight=612.104 128.653 483.452 82.0754 73.5257 55.1268 49.0568
internal_count=3200 672 2528 430 396 276 263
is_linear=0
shrinkage=0.1


Tree=185
num_leaves=8
num_cat=0
split_feature=4 1 10 1 0 3 10
split_gain=9.72901 6.90042 4.85379 4.31244 3.56058 3.53097 3.90251
threshold=1.5000000000000002 3.5000000000000004 9.8787065830019909 3.5000000000000004 7.2736874573731409 63.016288722345131 8.7905650847060723
decision_type=2 2 2 2 2 2 2
left_child=3 2 4 5 -2 -1 -7
right_child=1 -3 -4 -5 -6 6 -8
leaf_value=0.03419175702749265 -0.023528314299740824 0.0064482696843447878 0.0013541176506889974 0.041721550819657782 -0.058280660594313465 -0.01924358462431866 0.023089722354775858
leaf_weight=34.733186809113249 111.28162002377212 123.95351493940689 57.682642397936434 49.774630479514599 40.107249171240255 57.46276026731357 35.0639000791125
leaf_count=177 635 712 339 265 571 313 188
internal_value=-0.00217673 -0.0122464 -0.02333 0.0167656 -0.0327352 0.00700468 -0.00320096
internal_weight=510.06 333.025 209.072 177.034 151.389 127.26 92.5267
internal_count=3200 2257 1545 943 1206 678 501
is_linear=0
shrinkage=0.1


Tree=186
num_leaves=8
num_cat=0
split_feature=3 10 1 2 11 0 3
split_gain=4.48093 4.26388 4.25947 4.50923 1.711 1.11672 1.45147
threshold=60.201014294899743 10.023309895975331 3.5000000000000004 1.4749605050482142 0.99270154744239936 8.4765959620919222 300.05008842437684
decision_type=2 2 2 2 2 2 2
left_child=-1 2 3 -2 -4 6 -3
right_child=1 5 4 -5 -6 -7 -8
leaf_value=-0.043128412343143518 -0.05292113741336945 -0.072082843286970677 0.0034865898560525362 0.039124267942462945 -0.069630841551753447 0.0035065417828730149 0.12228970642461552
leaf_weight=15.022711681333019 5.7631184929341535 7.5870210650609788 6.9600621198769641 69.579302401951281 5.9248530685435981 3.8174537828890607 0.40467497346980952
leaf_count=786 170 403 91 1172 490 78 10
internal_value=0.00779631 0.0154438 0.022997 0.0320835 -0.0301349 -0.0409869 -0.0622404
internal_weight=115.059 100.036 88.2273 75.3424 12.8849 11.8091 7.9917
internal_count=3200 2414 1923 1342 581 491 413
is_linear=0
shrinkage=0.1


Tree=187
num_leaves=8
num_cat=0
split_feature=6 2 0 7 5 0 5
split_gain=4.5941 3.30109 3.06325 3.35835 3.56785 3.00541 3.39521
threshold=2.5000000000000004 1.4889255073677694 6.4995459286319752 0.50498409578820069 2.1075199693398963 6.4995459286319752 2.0191942913340166
decision_type=2 2 2 2 2 2 2
left_child=1 5 -2 -4 -5 -1 -7
right_child=2 -3 3 4 -6 6 -8
leaf_value=-0.055016528288257427 -0.054015473940744033 0.0071356995666891389 -0.040372462568565588 0.02687964972686584 -0.027162895829419755 0.018540702296960261 -0.034681812417197887
leaf_weight=15.766463859472422 20.522038414608687 447.50010157329962 25.025852053193375 29.438344210386276 20.881457224022597 27.351955000311136 21.335603881394491
leaf_count=92 132 2395 131 126 86 131 107
internal_value=0.000326092 0.00408821 -0.0197644 -0.0104354 0.00445335 -0.0170703 -0.00478219
internal_weight=607.822 511.954 95.8677 75.3457 50.3198 64.454 48.6876
internal_count=3200 2725 475 343 212 330 238
is_linear=0
shrinkage=0.1


Tree=188
num_leaves=8
num_cat=0
split_feature=6 3 4 5 0 10 0
split_gain=9.31261 8.07735 6.70192 4.43843 3.99484 3.7126 3.86107
threshold=2.5000000000000004 60.201014294899743 1.5000000000000002 1.9916183403524281 6.5232292804799972 10.198449443953892 6.4995459286319752
decision_type=2 2 2 2 2 2 2
left_child=1 5 4 -4 -3 6 -1
right_child=-2 2 3 -5 -6 -7 -8
leaf_value=0.036365103235929765 0.027408348372320188 0.030239049816846449 -0.046830360147927047 -0.015513364546852711 -0.010724112468013653 0.048324641017611795 -0.0077009367591810282
leaf_weight=27.553742002695799 87.987074743374251 34.644104602281004 79.620795650058426 104.85122979572043 76.110847659641877 24.11091521801427 71.431128651835024
leaf_count=141 475 174 848 622 426 132 382
internal_value=-0.00216319 -0.00838306 -0.0173557 -0.0290302 0.00208915 0.0131366 0.00456543
internal_weight=506.31 418.323 295.227 184.472 110.755 123.096 98.9849
internal_count=3200 2725 2070 1470 600 655 523
is_linear=0
shrinkage=0.1


Tree=189
num_leaves=8
num_cat=0
split_feature=5 7 2 4 4 11 11
split_gain=4.30103 4.02352 3.84317 4.06776 1.37267 1.36199 1.27708
threshold=1.9771269929954973 0.50498409578820069 1.5547736549055824 1.5000000000000002 3.5000000000000004 0.49957186544062365 0.95066812101378251
decision_type=2 2 2 2 2 2 2
left_child=1 5 4 -4 -3 -1 -2
right_child=6 2 3 -5 -6 -7 -8
leaf_value=0.0040867065276533922 -0.014237043749726206 -0.075939323814127047 -0.022221975122373661 0.040061287333977631 0.016935658999397668 -0.069450865987685462 -0.068050629178611252
leaf_weight=4.0591025268658978 10.467098871595228 4.9278309885703484 12.495274448228882 65.212514991813805 2.3503833614522591 6.6361848146480042 7.620682973174552
leaf_count=53 217 134 303 730 42 534 1187
internal_value=0.00780971 0.0162635 0.0235382 0.0300462 -0.0459468 -0.0415417 -0.0369096
internal_weight=113.769 95.6813 84.986 77.7078 7.27821 10.6953 18.0878
internal_count=3200 1796 1209 1033 176 587 1404
is_linear=0
shrinkage=0.1


Tree=190
num_leaves=8
num_cat=0
split_feature=5 7 0 1 11 2 0
split_gain=4.45451 3.29708 4.44182 3.98463 3.22073 2.66805 2.57161
threshold=2.5017166779461557 0.50930754827664593 7.4955344668592083 3.5000000000000004 20.566913181428259 1.9084687157616542 6.6793706378817328
decision_type=2 2 2 2 2 2 2
left_child=1 2 3 -1 -2 -4 -6
right_child=4 -3 5 -5 6 -7 -8
leaf_value=-0.0082243823609959386 0.0089101089236762864 0.0095096378276945375 -0.018226568399514271 -0.05156552418035492 -0.077592634259089743 0.026428015677165458 -0.02370302565198993
leaf_weight=79.519000022672117 25.834581948816776 342.99433567095548 18.927411684766412 28.929375188425183 10.75801884033717 45.653521796688437 50.062259665690362
leaf_count=391 113 1814 91 171 128 253 239
internal_value=0.000309233 0.00383228 -0.00742188 -0.0197859 -0.0206703 0.0133406 -0.0332351
internal_weight=602.679 516.024 173.029 108.448 86.6549 64.5809 60.8203
internal_count=3200 2720 906 562 480 344 367
is_linear=0
shrinkage=0.1


Tree=191
num_leaves=8
num_cat=0
split_feature=1 2 5 0 11 0 10
split_gain=8.76303 6.45578 5.89747 5.37485 4.29739 3.77753 3.6858
threshold=3.5000000000000004 1.5000216059225264 2.0052380963768948 6.4995459286319752 0.99270154744239936 7.0484198615778366 10.023309895975331
decision_type=2 2 2 2 2 2 2
left_child=1 -1 5 -4 -2 -3 -6
right_child=4 2 3 -5 6 -7 -8
leaf_value=0.020681811582824127 -0.019836855295495361 -0.021252139649067418 0.025884902881262592 -0.016224034764302099 0.015036298142100675 -0.057282625355232986 0.054731828262772744
leaf_weight=52.021124048624188 27.731444761157036 89.668673981912434 42.981927560409531 102.8342542652972 114.30812169634737 43.07726399297826 29.408928947057575
leaf_count=292 161 503 228 592 646 608 170
internal_value=-0.00214104 -0.0116556 -0.0176946 -0.00381167 0.0162047 -0.0329444 0.0231592
internal_weight=502.032 330.583 278.562 145.816 171.448 132.746 143.717
internal_count=3200 2223 1931 820 977 1111 816
is_linear=0
shrinkage=0.1


Tree=192
num_leaves=8
num_cat=0
split_feature=3 10 6 1 11 11 11
split_gain=4.05792 3.91522 4.01702 4.13999 1.1803 1.17588 1.08557
threshold=60.201014294899743 10.023309895975331 2.5000000000000004 3.5000000000000004 1.1006630792856298 0.90829916485292028 0.95066812101378251
decision_type=2 2 2 2 2 2 2
left_child=5 2 3 -2 -4 -1 -3
right_child=1 6 4 -5 -6 -7 -8
leaf_value=-0.014622551520981195 0.038995675711185673 -0.008873473380381745 -0.0029203715030277828 -0.025892596298374509 -0.078389816697475745 -0.071709654633365219 -0.070789950676615865
leaf_weight=7.6514769394416344 66.736198139406042 5.6126090304460359 3.8469864404760283 11.531572376283291 4.4920471587320208 6.8280785079623456 5.7150499371928163
leaf_count=130 1153 65 44 487 239 656 426
internal_value=0.00786895 0.0151745 0.0224056 0.0294354 -0.043574 -0.0415429 -0.0401117
internal_weight=112.414 97.9345 86.6068 78.2678 8.33903 14.4796 11.3277
internal_count=3200 2414 1923 1640 283 786 491
is_linear=0
shrinkage=0.1


Tree=193
num_leaves=8
num_cat=0
split_feature=3 0 11 5 10 1 10
split_gain=4.11684 3.42338 2.70891 2.52225 2.60155 2.51648 3.12837
threshold=61.195655702033065 7.4955344668592083 1.2505835731946233 2.5017166779461557 10.060621358099215 1.5000000000000002 10.023309895975331
decision_type=2 2 2 2 2 2 2
left_child=1 2 -1 4 -3 -2 -7
right_child=5 3 -4 -5 -6 6 -8
leaf_value=0.0041697894099116777 0.016818575912041223 0.025065631224570412 -0.036807639853250855 -0.036050161145050913 -0.02601988537046538 0.0056096627502582024 -0.018687200608895848
leaf_weight=21.349111966788769 131.42088469490409 41.19431084766984 66.024899988551624 13.18617515452206 13.151078857481478 243.08496405044571 67.765907644061372
leaf_count=97 733 215 374 59 53 1322 347
internal_value=0.000303746 -0.0137257 -0.0267951 0.00318382 0.0127034 0.00521757 0.000312914
internal_weight=597.177 154.906 87.374 67.5316 54.3454 442.272 310.851
internal_count=3200 798 471 327 268 2402 1669
is_linear=0
shrinkage=0.1


Tree=194
num_leaves=8
num_cat=0
split_feature=3 7 10 5 4 7 5
split_gain=8.85075 7.07433 5.08283 4.15249 3.61514 3.21087 3.17813
threshold=60.201014294899743 0.49654612724452585 9.9856842391505527 1.8897921015547581 2.5000000000000004 0.49885618854686931 2.0052380963768948
decision_type=2 2 2 2 2 2 2
left_child=5 4 3 -3 -2 -1 -7
right_child=1 2 -4 -5 -6 6 -8
leaf_value=0.042909349054270463 0.023891731264971395 -0.050757112061638125 0.0041377260042380131 -0.018116524190874044 -0.009631465483123958 -0.0071535164502358655 0.028441784856540378
leaf_weight=40.312432746519335 68.504619466606528 61.310987020784523 58.837420346215367 106.98881909879856 60.648307799361646 53.567234660498798 47.172215035185218
leaf_count=228 393 673 333 652 363 298 260
internal_value=-0.00214334 -0.010537 -0.0211625 -0.0300074 0.00814973 0.0190586 0.00951433
internal_weight=497.342 356.29 227.137 168.3 129.153 141.052 100.739
internal_count=3200 2414 1658 1325 756 786 558
is_linear=0
shrinkage=0.1


Tree=195
num_leaves=8
num_cat=0
split_feature=0 6 7 5 3 14 10
split_gain=4.06325 3.39879 3.46033 3.49799 2.05348 2.2856 1.50144
threshold=7.5165000198740062 2.5000000000000004 0.4903838084916482 2.385961459695594 103.84102436958894 23.346118456479775 9.6068424898978844
decision_type=2 2 2 2 2 2 2
left_child=4 2 6 -4 5 -1 -2
right_child=1 -3 3 -5 -6 -7 -8
leaf_value=-0.026943864752796715 -0.070389639308237384 -0.044168838979179614 0.034040910721635766 -0.069211388706665419 -0.06078133943385218 0.092569458099033011 0.025870273578532998
leaf_weight=6.0230277606970066 5.3371747663477427 8.3189322477555816 72.225693798653083 3.4372496656724243 11.418503070737641 2.1791166040784447 2.3268120561115211
leaf_count=716 209 185 626 163 1118 103 80
internal_value=0.0079378 0.0167799 0.0228647 0.0293503 -0.0333626 0.00480801 -0.0411648
internal_weight=111.267 91.6459 83.3269 75.6629 19.6206 8.20214 7.66399
internal_count=3200 1263 1078 789 1937 819 289
is_linear=0
shrinkage=0.1


Tree=196
num_leaves=8
num_cat=0
split_feature=2 0 11 4 6 0 5
split_gain=4.07605 2.91132 5.07295 4.86442 2.46437 2.73023 3.17454
threshold=1.5000216059225264 6.4995459286319752 0.99270154744239936 1.5000000000000002 1.5000000000000002 6.4995459286319752 2.0191942913340166
decision_type=2 2 2 2 2 2 2
left_child=4 2 -2 -4 5 -1 -7
right_child=1 -3 3 -5 -6 6 -8
leaf_value=-0.053521113821452339 0.031166647510666581 0.0082120149238978646 -0.049648819390239719 -0.0047248620501288054 -0.043563103120468551 0.032313536632794404 -0.027304704246593248
leaf_weight=9.822471547406165 26.527184179052711 369.39495886932127 33.304549273219891 87.242275796364993 30.095932393334806 20.17772551253438 16.024573623668402
leaf_count=64 122 2020 210 443 156 105 80
internal_value=0.000290566 0.00347456 -0.00842417 -0.0171364 -0.0213124 -0.00676249 0.00592414
internal_weight=592.59 516.469 147.074 120.547 76.1207 46.0248 36.2023
internal_count=3200 2795 775 653 405 249 185
is_linear=0
shrinkage=0.1


Tree=197
num_leaves=8
num_cat=0
split_feature=4 1 0 11 5 6 0
split_gain=9.04023 6.03544 4.27687 4.06048 3.84919 3.79156 3.78807
threshold=1.5000000000000002 3.5000000000000004 6.4995459286319752 21.5841480456025 2.5176479064829391 2.5000000000000004 6.4995459286319752
decision_type=2 2 2 2 2 2 2
left_child=3 2 4 -1 -2 -5 -3
right_child=1 6 -4 5 -6 -7 -8
leaf_value=-0.0059736063253554928 -0.012503240052493966 0.034590175920617937 -0.034752747422750356 0.019005315292927191 0.058085022964899341 0.067826445197312554 -0.0051922993957097437
leaf_weight=55.122508104075678 73.429556708782911 32.896772022824734 118.97502512123901 97.5731938960962 8.6333666788414103 19.00608857953921 87.861042652511969
leaf_count=313 358 189 1130 524 57 106 523
internal_value=-0.00213861 -0.0120252 -0.0226392 0.0163903 -0.00507706 0.0269647 0.00564522
internal_weight=493.498 321.796 201.038 171.702 82.0629 116.579 120.758
internal_count=3200 2257 1545 943 415 630 712
is_linear=0
shrinkage=0.1


Tree=198
num_leaves=8
num_cat=0
split_feature=5 11 0 4 4 1 11
split_gain=3.79792 3.6402 3.71498 3.95365 2.33824 1.80239 1.26161
threshold=1.9771269929954973 0.99270154744239936 7.5165000198740062 1.5000000000000002 1.5000000000000002 2.5000000000000004 0.95066812101378251
decision_type=2 2 2 2 2 2 2
left_child=1 4 -3 -4 -1 -6 -2
right_child=6 2 3 -5 5 -7 -8
leaf_value=-0.0012955269698711458 -0.012761887550740168 -0.067483712201693427 -0.072806218638531997 0.019238143999050758 0.082450200018674119 0.026221226582750768 -0.068025252584304793
leaf_weight=8.6870939547661674 10.090171272575391 6.9225249471201087 5.1646196838119058 48.397323917713948 13.90557864867151 9.6614887453615648 6.9945835692851679
leaf_count=92 217 935 156 434 89 90 1187
internal_value=0.00793931 0.0159211 0.00145328 0.0103629 0.0430518 0.0593987 -0.035387
internal_weight=109.823 92.7386 60.4845 53.5619 32.2542 23.5671 17.0848
internal_count=3200 1796 1525 590 271 179 1404
is_linear=0
shrinkage=0.1


Tree=199
num_leaves=8
num_cat=0
split_feature=5 6 2 0 13 0 11
split_gain=4.24864 3.25136 3.45433 3.12311 2.94982 2.75205 2.91978
threshold=2.5017166779461557 1.5000000000000002 1.5000216059225264 6.4995459286319752 1.5000000000000002 6.6114300995739885 21.557869499598677
decision_type=2 2 2 2 2 2 2
left_child=1 -1 -3 -4 -2 -6 -7
right_child=4 2 3 -5 5 6 -8
leaf_value=0.010168047940012826 0.016253000926153307 -0.039269879341519015 -0.022230184530115382 0.0077726796830285038 -0.074031261633285689 0.0085243938950356514 -0.038763722940386311
leaf_weight=307.78202452603728 17.355568652739748 27.367343389196321 48.938637040089816 119.20102242194116 11.716019578161648 21.145153112942353 34.136066089151427
leaf_count=1704 94 133 255 628 121 92 173
internal_value=0.000281062 0.00376211 -0.00632262 -0.000959938 -0.0204885 -0.0300064 -0.0206759
internal_weight=587.642 503.289 195.507 168.14 84.3528 66.9972 55.2812
internal_count=3200 2720 1016 883 480 386 265
is_linear=0
shrinkage=0.1


Tree=200
num_leaves=8
num_cat=0
split_feature=7 5 0 2 1 10 4
split_gain=8.1435 6.31606 5.91568 4.80125 4.47796 3.49975 3.56799
threshold=0.49885618854686931 2.491318782546962 6.4995459286319752 1.5000216059225264 3.5000000000000004 10.023309895975331 1.5000000000000002
decision_type=2 2 2 2 2 2 2
left_child=5 2 4 -4 -2 6 -1
right_child=1 -3 3 -5 -6 -7 -8
leaf_value=0.031550922108078597 -0.013476279662860434 0.01620526270080273 0.0041141422257910693 -0.040063489493550014 0.032316049928705896 0.043864658641728421 -0.0031896920607832886
leaf_weight=44.200131852179766 73.076562350615859 65.649459735956043 30.85783757083118 121.32419906626455 30.171624047216028 34.942325708456337 89.272153305122629
leaf_count=236 364 350 183 1167 145 221 534
internal_value=-0.00211869 -0.0114602 -0.0185706 -0.0311056 -9.46504e-05 0.0156907 0.00831487
internal_weight=489.494 321.08 255.43 152.182 103.248 168.415 133.472
internal_count=3200 2209 1859 1350 509 991 770
is_linear=0
shrinkage=0.1


Tree=201
num_leaves=8
num_cat=0
split_feature=3 10 2 1 3 11 0
split_gain=3.76078 3.75915 3.69692 4.00767 1.16326 1.09397 1.01195
threshold=60.201014294899743 10.023309895975331 1.4749605050482142 3.5000000000000004 187.36984717407657 0.90829916485292028 8.4765959620919222
decision_type=2 2 2 2 2 2 2
left_child=5 2 4 -4 -2 -1 -3
right_child=1 6 3 -5 -6 -7 -8
leaf_value=-0.014980745470148972 -0.076411555638642076 -0.061844815620672171 0.037439961808753822 -0.02641292525865532 0.033747711622748137 -0.071560849763565387 0.0024455985177375145
leaf_weight=7.4557332542026398 4.7123478379071448 7.2420226814647304 66.441851010880782 11.536158061455351 1.20338489417918 6.3088921287417179 3.6987404990359209
leaf_count=130 174 413 1172 514 63 656 78
internal_value=0.00793204 0.0150217 0.0222116 0.0279935 -0.0540028 -0.0409137 -0.0401102
internal_weight=108.599 94.8345 83.8937 77.978 5.91573 13.7646 10.9408
internal_count=3200 2414 1923 1686 237 786 491
is_linear=0
shrinkage=0.1


Tree=202
num_leaves=8
num_cat=0
split_feature=6 10 5 3 2 0 4
split_gain=3.98801 2.75425 3.17841 3.15972 2.64945 2.54558 2.90851
threshold=2.5000000000000004 10.060621358099215 1.3842969013847626 59.518825958162374 1.4889255073677694 6.4658779849990777 1.5000000000000002
decision_type=2 2 2 2 2 2 2
left_child=4 2 -2 -4 5 -1 -7
right_child=1 -3 3 -5 -6 6 -8
leaf_value=-0.052481126128216066 0.035462568304188202 -0.061839258304332748 -0.061997582018329736 -0.0090532271825900287 0.0066522740887313934 -0.039193378014092707 0.013150454518664737
leaf_weight=14.296533330343662 12.029664302244781 12.818111146567388 14.331317364354616 52.808473384939134 428.21429522207472 15.95694593945518 31.712409555912018
leaf_count=90 62 80 91 242 2395 69 171
internal_value=0.00027015 -0.0188357 -0.0118732 -0.0203545 0.00385558 -0.015471 -0.00437124
internal_weight=582.168 91.9876 79.1695 67.1398 490.18 61.9659 47.6694
internal_count=3200 475 395 333 2725 330 240
is_linear=0
shrinkage=0.1


Tree=203
num_leaves=8
num_cat=0
split_feature=11 5 0 4 0 3 5
split_gain=8.09623 7.78683 5.57818 5.40212 5.0871 4.0855 3.05665
threshold=0.99270154744239936 2.0000484954321047 7.4955344668592083 1.5000000000000002 7.4832713567626712 59.518825958162374 2.2809968807248997
decision_type=2 2 2 2 2 2 2
left_child=6 2 3 -2 -3 -6 -1
right_child=1 4 -4 -5 5 -7 -8
leaf_value=-0.050770757517964595 0.023784448413873709 0.03210655487892923 -0.037526725501523132 -0.013701599374675294 0.034011886824369529 -0.01490675079195806 -0.0079488456770804312
leaf_weight=41.782516466279048 59.112458259565756 109.29306839045603 53.945700987242162 109.9484647270292 24.035351486876607 58.933008933439851 27.733448620885611
leaf_count=356 280 676 609 672 117 352 138
internal_value=-0.00210132 0.00318612 -0.0095285 -0.000594535 0.017934 -0.000735365 -0.0336869
internal_weight=484.784 415.268 223.007 169.061 192.261 82.9684 69.516
internal_count=3200 2706 1561 952 1145 469 494
is_linear=0
shrinkage=0.1


Tree=204
num_leaves=8
num_cat=0
split_feature=7 4 0 11 11 10 11
split_gain=3.69569 3.55043 3.58986 3.8835 1.49938 1.42296 0.957742
threshold=0.50498409578820069 1.5000000000000002 6.4995459286319752 0.99270154744239936 0.99270154744239936 6.80504391820861 0.49957186544062365
decision_type=2 2 2 2 2 2 2
left_child=6 4 -3 -4 5 -2 -1
right_child=1 2 3 -5 -6 -7 -8
leaf_value=-0.011324852682656154 0.043300792830715022 -0.067996658718578767 0.059608612513889395 0.011695769592691696 -0.071891346368706185 -0.037524509207814361 -0.069086323998540033
leaf_weight=4.9192102535162103 3.5663656238466483 4.16219599424221 25.129358510486782 51.763496558487532 5.5599347632378331 5.5960422719363123 6.8929862919612788
leaf_count=94 32 407 181 953 522 75 936
internal_value=0.0077436 0.0142523 0.0224579 0.0273542 -0.030924 -0.00606416 -0.0450315
internal_weight=107.59 95.7774 81.0551 76.8929 14.7223 9.16241 11.8122
internal_count=3200 2170 1541 1134 629 107 1030
is_linear=0
shrinkage=0.1


Tree=205
num_leaves=8
num_cat=0
split_feature=10 0 3 0 5 1 7
split_gain=3.96278 3.30366 2.62105 3.14824 2.58454 3.01684 2.15159
threshold=9.9856842391505527 7.4955344668592083 74.068950307731569 7.4710417129703481 2.151844609998403 2.5000000000000004 0.47680282281616654
decision_type=2 2 2 2 2 2 2
left_child=2 4 3 6 5 -2 -1
right_child=1 -3 -4 -5 -6 -7 -8
leaf_value=-0.047624717043392072 0.0027139619282093488 0.0032543566445998057 0.0096952236706216947 0.011428213365023117 -0.06913297593626215 -0.043802780144041181 -0.010087849331797759
leaf_weight=19.86882688337937 27.897265831008554 52.079996490851045 311.83984905248508 57.708142075687647 13.613991281599736 27.871830274350941 65.975214956095442
leaf_count=114 129 276 1773 317 130 137 324
internal_value=0.00026735 -0.0157813 0.00454787 -0.00663379 -0.0300697 -0.0205338 -0.0187759
internal_weight=576.855 121.463 455.392 143.552 69.3831 55.7691 85.844
internal_count=3200 672 2528 755 396 266 438
is_linear=0
shrinkage=0.1


Tree=206
num_leaves=8
num_cat=0
split_feature=1 10 6 0 4 5 0
split_gain=8.24352 6.28867 5.24058 4.61951 3.86423 3.21115 3.13876
threshold=3.5000000000000004 10.132174807232758 2.5000000000000004 7.3415857625121221 1.5000000000000002 2.0000484954321047 7.7037368657270813
decision_type=2 2 2 2 2 2 2
left_child=1 2 3 -1 -2 -6 -3
right_child=4 6 -4 -5 5 -7 -8
leaf_value=-0.016919476419327669 0.040299697801120749 0.027234190459146532 0.010718721392426855 -0.051214454427266298 -0.0086433914281707006 0.024549211720027952 -0.019163548862525196
leaf_weight=141.42243394674733 47.049195552128367 52.341581387561746 47.067136010620743 54.379275360901374 64.349915279075503 53.276274503208697 20.209839555434883
leaf_count=844 265 286 264 679 411 301 150
internal_value=-0.00205658 -0.0115247 -0.0192421 -0.0264441 0.0160786 0.00639049 0.0143097
internal_weight=480.096 315.42 242.869 195.802 164.675 117.626 72.5514
internal_count=3200 2223 1787 1523 977 712 436
is_linear=0
shrinkage=0.1


Tree=207
num_leaves=8
num_cat=0
split_feature=5 10 2 0 11 7 11
split_gain=3.59201 3.48367 3.56486 3.56293 1.16368 1.31314 1.35068
threshold=1.9771269929954973 10.023309895975331 1.5547736549055824 6.4995459286319752 0.95066812101378251 0.66732712351024248 0.73514652556132465
decision_type=2 2 2 2 2 2 2
left_child=1 2 -1 -4 5 6 -2
right_child=4 -3 3 -5 -6 -7 -8
leaf_value=-0.046596912490197456 -0.012911570766808919 -0.038911305516788293 -0.068078968190811995 0.034220849596196687 -0.068008731125850194 -0.058489875955365866 0.093925816589877587
leaf_weight=6.7848373779270323 4.4308780644787493 10.361581883364122 3.58059873280581 69.235959523008205 6.5116718889330505 3.9549238635227084 1.614514739543665
leaf_count=206 107 366 343 881 1187 91 19
internal_value=0.00776216 0.015631 0.0227307 0.0291905 -0.0351102 -0.0136884 0.015621
internal_weight=106.475 89.963 79.6014 72.8166 16.512 10.0003 6.04539
internal_count=3200 1796 1430 1224 1404 217 126
is_linear=0
shrinkage=0.1


Tree=208
num_leaves=8
num_cat=0
split_feature=7 5 0 11 3 2 1
split_gain=3.99244 3.59324 3.6114 3.47712 3.30371 2.23515 1.88017
threshold=0.49885618854686931 2.0052380963768948 7.4601620251490344 0.95066812101378251 60.201014294899743 1.8238817520334194 2.5000000000000004
decision_type=2 2 2 2 2 2 2
left_child=1 2 4 -3 -1 -4 -5
right_child=-2 3 5 6 -6 -7 -8
leaf_value=-0.056668992809460583 0.0057470734810778764 0.016323150488549733 -0.014420954886721913 -0.024431908528509929 -0.003184917814189293 0.041757216816706411 -0.062188651878226177
leaf_weight=14.416969364276154 399.60678566386923 12.602173170074819 9.9652390889823419 28.152463802252896 58.06129440292716 24.480251913890243 24.813514841604047
leaf_count=75 2209 63 52 178 278 175 170
internal_value=0.000258596 -0.0124564 -0.00115406 -0.0308874 -0.0138237 0.0255046 -0.0421202
internal_weight=572.099 172.492 106.924 65.5682 72.4783 34.4455 52.966
internal_count=3200 991 580 411 353 227 348
is_linear=0
shrinkage=0.1


Tree=209
num_leaves=8
num_cat=0
split_feature=7 3 11 10 11 5 0
split_gain=8.10752 6.31352 4.19163 4.45686 3.56228 4.01872 4.22115
threshold=0.5011997598043535 59.518825958162374 0.99270154744239936 10.023309895975331 0.95066812101378251 2.0000484954321047 6.4310849859160859
decision_type=2 2 2 2 2 2 2
left_child=4 -2 -3 -4 -1 6 -6
right_child=1 2 3 -5 5 -7 -8
leaf_value=-0.019217726931572351 0.010034874220909998 -0.059228765404212541 -0.024883614152766298 0.010294636623954724 0.042450161823772078 0.043262741652798392 -0.0056014341931022067
leaf_weight=24.82515613315627 93.757029780303128 25.372185420943424 141.92712389444932 48.261388458311558 25.96733256126754 54.159338315017521 61.767234675586224
leaf_count=140 549 253 1116 278 127 355 382
internal_value=-0.00204694 -0.011628 -0.0210502 -0.0159569 0.015729 0.0218432 0.00862069
internal_weight=476.037 309.318 215.561 190.189 166.719 141.894 87.7346
internal_count=3200 2196 1647 1394 1004 864 509
is_linear=0
shrinkage=0.1


Tree=210
num_leaves=8
num_cat=0
split_feature=3 6 7 5 10 11 11
split_gain=3.51225 3.37717 3.50486 3.42751 1.34787 1.01096 0.919563
threshold=60.201014294899743 2.5000000000000004 0.4903838084916482 2.385961459695594 9.6068424898978844 0.90829916485292028 1.1006630792856298
decision_type=2 2 2 2 2 2 2
left_child=5 2 4 -4 -2 -1 -3
right_child=1 6 3 -5 -6 -7 -8
leaf_value=-0.01569187048706153 -0.069457834993435344 -0.011933737431584763 0.032129138821581221 -0.068815993534772732 0.020437930659124762 -0.071464064665148291 -0.077695424439356967
leaf_weight=7.275075138837563 5.5517355711126575 4.1818446326069516 71.9694892401385 3.5285421286243936 2.3841669436005759 5.8745141393192171 4.3260181308651227
leaf_count=130 458 53 1174 280 158 656 291
internal_value=0.00773251 0.0146462 0.0207663 0.0274113 -0.0424506 -0.0406078 -0.0453718
internal_weight=105.091 91.9418 83.4339 75.498 7.9359 13.1496 8.50786
internal_count=3200 2414 2070 1454 616 786 344
is_linear=0
shrinkage=0.1


Tree=211
num_leaves=8
num_cat=0
split_feature=4 3 0 5 11 11 2
split_gain=3.85288 3.65959 3.79758 3.6472 1.99738 1.89032 2.42752
threshold=1.5000000000000002 59.518825958162374 6.09150278247074 2.0429184203946051 21.238578193160745 0.90829916485292028 2.083455319831518
decision_type=2 2 2 2 2 2 2
left_child=1 5 4 -4 -3 -1 -7
right_child=-2 2 3 -5 -6 6 -8
leaf_value=0.0047226824355937336 0.0058210982363412662 0.0077621729416916772 0.019596468448153652 -0.01720403474372122 -0.056576596929543699 -0.081373393752363396 -0.026683307678848328
leaf_weight=8.4889863952994329 389.36668643471785 6.5849710255861309 63.697583509609103 46.657602624851279 18.055713563458994 13.304596714326179 20.811469742329791
leaf_count=42 2257 33 336 225 109 76 122
internal_value=0.000253639 -0.0119523 -0.00388803 0.00403741 -0.0393827 -0.0375042 -0.0480114
internal_weight=566.968 177.601 134.996 110.355 24.6407 42.6051 34.1161
internal_count=3200 943 703 561 142 240 198
is_linear=0
shrinkage=0.1


Tree=212
num_leaves=8
num_cat=0
split_feature=4 1 2 6 3 0 5
split_gain=8.38131 5.91287 3.97835 3.56836 3.51021 3.37423 3.58969
threshold=1.5000000000000002 3.5000000000000004 1.4889255073677694 2.5000000000000004 59.518825958162374 6.09150278247074 2.0429184203946051
decision_type=2 2 2 2 2 2 2
left_child=4 2 -2 -4 -1 -6 -7
right_child=1 -3 3 -5 5 6 -8
leaf_value=0.041265579573160009 0.0086238584975054638 0.0060687420620568165 -0.036706155544216655 0.00099765132213161479 0.040881257349978148 -0.018415860267149638 0.019865163141230088
leaf_weight=41.663300657703076 33.701000520028174 115.66851144633256 126.51172874378972 31.314583003520966 24.508171118563041 52.592624860815704 45.851672665798105
leaf_count=240 208 712 1154 183 142 336 225
internal_value=-0.00202713 -0.0117838 -0.0225654 -0.0292253 0.0161801 0.00767969 -0.000585991
internal_weight=471.812 307.196 191.527 157.826 164.616 122.952 98.4443
internal_count=3200 2257 1545 1337 943 703 561
is_linear=0
shrinkage=0.1


Tree=213
num_leaves=8
num_cat=0
split_feature=1 6 10 7 11 11 10
split_gain=3.42697 3.2085 3.46479 3.47113 1.22594 1.02356 1.04027
threshold=3.5000000000000004 2.5000000000000004 10.023309895975331 0.44244406443006573 0.95066812101378251 0.99270154744239936 7.7650576803820437
decision_type=2 2 2 2 2 2 2
left_child=1 2 3 -1 -4 6 -2
right_child=5 -3 4 -5 -6 -7 -8
leaf_value=-0.069135220690152516 0.013635367648839221 -0.044463218424944481 0.00088797756400983393 0.033571237288064847 -0.070700131052728918 -0.069520126089035891 -0.056564514662250043
leaf_weight=3.4576001066961899 5.0876550251850841 8.2324627214256889 4.7122854551998881 68.129109674810024 4.8585568985872669 5.8757364716620932 3.6078670206479728
leaf_count=312 75 312 54 1195 350 816 86
internal_value=0.00769124 0.0150216 0.0210556 0.0286106 -0.0354531 -0.037278 -0.0154913
internal_weight=103.961 89.39 81.1576 71.5867 9.57084 14.5713 8.69552
internal_count=3200 2223 1911 1507 404 977 161
is_linear=0
shrinkage=0.1


Tree=214
num_leaves=8
num_cat=0
split_feature=5 6 3 2 0 7 11
split_gain=3.83392 2.82421 3.2582 3.50283 2.73677 3.18025 2.73603
threshold=2.5017166779461557 1.5000000000000002 261.86128165684323 1.5000216059225264 7.5165000198740062 0.4878097083800001 1.7214287491039626
decision_type=2 2 2 2 2 2 2
left_child=1 -1 3 -3 -2 -6 -7
right_child=4 2 -4 -5 5 6 -8
leaf_value=0.0097411144707612533 -0.038436120678624147 -0.043634448040165759 0.047361546902783019 -0.0034619354393721304 -0.051480013254304138 0.070395083701576919 -0.0016494228836912259
leaf_weight=293.99949268368073 40.151400960457977 25.326473029213957 10.80322152469307 151.79636750975624 9.7220144607126695 6.7474969774484661 24.094789154827595
leaf_count=1704 287 127 60 829 52 36 105
internal_value=0.000242461 0.00362073 -0.00595425 -0.00920613 -0.019928 -0.00160834 0.0141121
internal_weight=562.641 481.926 187.926 177.123 80.7157 40.5643 30.8423
internal_count=3200 2720 1016 956 480 193 141
is_linear=0
shrinkage=0.1


Tree=215
num_leaves=8
num_cat=0
split_feature=6 10 5 0 7 7 11
split_gain=7.62585 6.72654 5.78962 6.00721 3.95747 2.95644 3.29813
threshold=2.5000000000000004 10.023309895975331 2.0052380963768948 6.5846298480311711 0.49885618854686931 0.40518615742579617 0.53275511680426757
decision_type=2 2 2 2 2 2 2
left_child=1 2 4 -4 -1 -3 -7
right_child=-2 5 3 -5 -6 6 -8
leaf_value=-0.011478835388467154 0.025736503968329896 0.055614009407519871 0.027898844615107138 -0.01505520010928596 -0.045707644216051828 -0.059067093044228025 0.013764245065565671
leaf_weight=61.106128439772874 81.812532733776607 15.243455413961781 46.519233766477555 108.4900277107954 75.528396237437846 6.7987562948837867 72.754650028771721
leaf_count=393 475 97 276 627 852 40 440
internal_value=-0.00199894 -0.00787075 -0.0153926 -0.00216443 -0.0303997 0.0152703 0.00753997
internal_weight=468.253 386.441 291.644 155.009 136.635 94.7969 79.5534
internal_count=3200 2725 2148 903 1245 577 480
is_linear=0
shrinkage=0.1


Tree=216
num_leaves=8
num_cat=0
split_feature=0 11 4 3 3 4 3
split_gain=3.4626 2.96737 3.05647 3.01148 2.1149 1.60757 1.22289
threshold=7.5931295456569572 0.99270154744239936 1.5000000000000002 60.201014294899743 168.69175771584943 1.5000000000000002 103.84102436958894
decision_type=2 2 2 2 2 2 2
left_child=6 4 -3 -4 5 -2 -1
right_child=1 2 3 -5 -6 -7 -8
leaf_value=0.00038733686750195385 -0.02412130074412934 -0.072263536228108646 -0.07235354242635722 0.018557085426171113 0.080929320107833116 0.041401445642762755 -0.046971297674921565
leaf_weight=9.3696511959678919 5.1423305741045686 4.8887696865713215 3.9822671732399604 42.866477477975423 9.7467978652566654 13.774193034274502 13.041545523010425
leaf_count=851 38 273 174 553 55 95 1161
internal_value=0.00758812 0.0172772 0.00297784 0.0108294 0.0430876 0.0235895 -0.0271716
internal_weight=102.812 80.4008 51.7375 46.8487 28.6633 18.9165 22.4112
internal_count=3200 1188 1000 727 188 133 2012
is_linear=0
shrinkage=0.1


Tree=217
num_leaves=8
num_cat=0
split_feature=1 0 11 11 2 3 2
split_gain=3.62409 4.56216 3.31734 3.18923 3.4953 2.86394 2.60102
threshold=3.5000000000000004 7.4955344668592083 0.99270154744239936 23.069750156010077 1.8117973593924501 128.47674986581248 1.7379089392495715
decision_type=2 2 2 2 2 2 2
left_child=-1 2 5 4 -3 -2 -4
right_child=1 3 6 -5 -6 -7 -8
leaf_value=0.0056130217190552677 -0.016987060853677585 -0.022628635400028654 -0.071117262451833918 -0.023475881607744081 0.036679852227610929 0.067371906705489593 -0.025820854513805988
leaf_weight=385.8708809914533 11.230621745809914 13.547561994753776 15.833946928440126 23.810567739419639 37.284110244363546 6.2718943655490866 63.582356451544911
leaf_count=2223 58 71 122 125 207 35 359
internal_value=0.000236615 -0.0118559 -0.0261667 0.00672593 0.0208731 0.0132423 -0.034852
internal_weight=557.432 171.561 96.9188 74.6422 50.8317 17.5025 79.4163
internal_count=3200 977 574 403 278 93 481
is_linear=0
shrinkage=0.1


Tree=218
num_leaves=8
num_cat=0
split_feature=1 2 5 0 0 5 11
split_gain=7.76018 5.22891 4.71173 4.31984 3.70974 3.70757 4.04212
threshold=3.5000000000000004 1.5000216059225264 2.0052380963768948 6.4995459286319752 6.4995459286319752 2.4632898958410503 1.2101425037552362
decision_type=2 2 2 2 2 2 2
left_child=1 -1 -3 -4 -2 6 -6
right_child=4 2 3 -5 5 -7 -8
leaf_value=0.018606264534478546 0.04279135981732432 -0.031489023648390201 0.023512498509070216 -0.015797171673584191 -0.05217574931566097 0.045099180187359367 0.0070499667375011274
leaf_weight=48.893373488681391 38.757610819186084 120.20127404420055 39.570766723598354 95.239345316775143 13.29229750484228 21.327371313003823 86.603649248369038
leaf_count=292 264 1111 228 592 100 119 494
internal_value=-0.0019661 -0.0113503 -0.0170938 -0.00425862 0.0158604 0.00724996 -0.000830692
internal_weight=463.886 303.905 255.011 134.81 159.981 121.223 99.8959
internal_count=3200 2223 1931 820 977 713 594
is_linear=0
shrinkage=0.1


Tree=219
num_leaves=8
num_cat=0
split_feature=5 2 1 10 11 11 4
split_gain=3.30244 3.27021 3.1612 3.08755 1.39398 1.09367 0.907324
threshold=1.9771269929954973 1.5547736549055824 3.5000000000000004 10.023309895975331 1.0509214359361982 0.08811546521588022 3.5000000000000004
decision_type=2 2 2 2 2 2 2
left_child=1 6 3 -3 -4 -2 -1
right_child=5 2 4 -5 -6 -7 -8
leaf_value=-0.075035596817737915 0.040278346021427693 0.037043301654743226 0.0018288577400203739 -0.029253270126845695 -0.069708140211087066 -0.044288606128313104 -0.00056093784203567378
leaf_weight=4.7163615919998838 1.7199476184323419 59.723689591264701 6.5045623860787583 7.961156605029827 4.6864881291112397 13.79455999852871 2.504554640254355
leaf_count=195 27 843 79 216 400 1377 63
internal_value=0.00755543 0.0152083 0.0211051 0.0292454 -0.0281288 -0.0349135 -0.0492043
internal_weight=101.611 86.0968 78.8759 67.6848 11.1911 15.5145 7.22092
internal_count=3200 1796 1538 1059 479 1404 258
is_linear=0
shrinkage=0.1


Tree=220
num_leaves=8
num_cat=0
split_feature=3 10 5 0 1 10 7
split_gain=3.68796 2.82677 2.93752 3.38343 1.9524 2.48274 2.65697
threshold=61.195655702033065 10.198449443953892 2.491318782546962 6.4995459286319752 1.5000000000000002 10.023309895975331 0.40518615742579617
decision_type=2 2 2 2 2 2 2
left_child=1 2 3 -1 -2 -6 -7
right_child=4 -3 -4 -5 5 6 -8
leaf_value=-0.030649071407546576 0.015708725843422915 -0.044602887525117901 -0.04520476766800325 0.010439055343169641 0.0054978143017704985 -0.064828833442572426 -0.00815756685362546
leaf_weight=27.506041920045391 121.08932208153419 24.390192159917206 17.383820813556667 73.847240582108498 225.07863222551532 9.7864873555954528 53.49263327405788
leaf_count=148 733 152 118 380 1322 63 284
internal_value=0.000222485 -0.0135952 -0.0072258 -0.00071176 0.00505263 0.000577839 -0.0169221
internal_weight=552.574 143.127 118.737 101.353 409.447 288.358 63.2791
internal_count=3200 798 646 528 2402 1669 347
is_linear=0
shrinkage=0.1


Tree=221
num_leaves=8
num_cat=0
split_feature=4 3 6 0 1 7 0
split_gain=7.60864 5.53473 4.95169 3.53331 3.28736 2.95909 2.86056
threshold=1.5000000000000002 60.201014294899743 2.5000000000000004 6.4995459286319752 3.5000000000000004 0.3818571672952355 6.4995459286319752
decision_type=2 2 2 2 2 2 2
left_child=4 5 3 -3 -1 -2 -7
right_child=1 2 -4 -5 -6 6 -8
leaf_value=0.0067294278816422545 0.05605412814293273 -0.011395032418666469 0.0092254778885111962 -0.040854611576062641 0.03864797290391557 0.032600414335088583 -0.0098448968811905464
leaf_weight=114.89529475732706 11.874223529361187 71.66333359782584 45.134210871532559 94.265748807258205 44.867843366111629 22.340233915951103 54.888911312445998
leaf_count=678 68 399 245 1071 265 126 348
internal_value=-0.00193651 -0.01132 -0.0201428 -0.0281313 0.0156934 0.00957904 0.00243335
internal_weight=459.93 300.167 211.063 165.929 159.763 89.1034 77.2291
internal_count=3200 2257 1715 1470 943 542 474
is_linear=0
shrinkage=0.1


Tree=222
num_leaves=8
num_cat=0
split_feature=3 4 7 2 11 11 2
split_gain=3.18882 3.06846 2.97879 3.04139 1.44741 1.22647 1.22002
threshold=60.201014294899743 1.5000000000000002 0.50498409578820069 1.4749605050482142 0.99270154744239936 0.49957186544062365 2.7910844426188874
decision_type=2 2 2 2 2 2 2
left_child=-1 4 5 -4 6 -3 -2
right_child=1 2 3 -5 -6 -7 -8
leaf_value=-0.039911310206894493 -0.025232339943524609 0.0093306101057777299 -0.049353335849919827 0.034983499431099602 -0.071750009269888476 -0.069286474347238516 0.06511446929160826
leaf_weight=12.386698174170304 6.3814698343630862 3.5074273422360402 4.5930969718028782 61.936448895430658 5.0902812582826291 4.5697740473842714 1.951811736449599
leaf_count=786 94 50 141 1018 589 506 16
internal_value=0.0075948 0.0142794 0.0221987 0.029161 -0.0297355 -0.035148 -0.00407141
internal_weight=100.417 88.0303 74.6067 66.5295 13.4236 8.0772 8.33328
internal_count=3200 2414 1715 1159 699 556 110
is_linear=0
shrinkage=0.1


Tree=223
num_leaves=8
num_cat=0
split_feature=7 0 5 3 5 0 11
split_gain=3.63437 3.03168 3.04182 2.95221 2.21342 2.78029 2.65908
threshold=0.50930754827664593 7.4955344668592083 1.9434161962926941 60.201014294899743 2.5176479064829391 7.5165000198740062 0.30600590797498489
decision_type=2 2 2 2 2 2 2
left_child=1 2 3 -1 -2 6 -6
right_child=4 -3 -4 -5 5 -7 -8
leaf_value=-0.050385618159362482 0.0091007497878148325 0.0045612946950580177 -0.046308191765979119 0.00013872710486365278 0.041165707599454752 0.011443340556144476 -0.04401561390413701
leaf_weight=14.587170105194671 314.92176612699404 69.436307592317462 35.268259046773892 55.820843723602593 4.2409321814775494 26.85593468695879 26.973479719366878
leaf_count=81 1827 403 289 283 15 128 174
internal_value=0.000213359 -0.0116709 -0.0223366 -0.0103289 0.00579281 -0.0121465 -0.0324425
internal_weight=548.105 175.113 105.676 70.408 372.992 58.0703 31.2144
internal_count=3200 1056 653 364 2144 317 189
is_linear=0
shrinkage=0.1


Tree=224
num_leaves=8
num_cat=0
split_feature=7 5 2 0 11 0 5
split_gain=7.24986 5.45536 4.99035 5.32486 3.00175 3.58681 3.86458
threshold=0.5011997598043535 2.491318782546962 1.5000216059225264 6.4995459286319752 20.066657760540327 6.4310849859160859 2.0000484954321047
decision_type=2 2 2 2 2 2 2
left_child=4 2 -2 -4 -1 -6 -7
right_child=1 -3 3 -5 5 6 -8
leaf_value=-0.0112790259625339 0.014201132266419251 0.01555377016782878 -0.005938551441695146 -0.039126973160375091 0.054117260263469913 -0.0034006181301306547 0.036887725599614778
leaf_weight=33.567977082915604 39.921422634273767 60.818192286533304 86.056280111894011 110.31259490008233 27.750896419631317 57.128128257580101 40.822764687356539
leaf_count=203 244 347 444 1161 204 362 235
internal_value=-0.00192733 -0.0111554 -0.01803 -0.0245825 0.0152871 0.0223815 0.0133903
internal_weight=456.378 297.108 236.29 196.369 159.27 125.702 97.9509
internal_count=3200 2196 1849 1605 1004 801 597
is_linear=0
shrinkage=0.1


Tree=225
num_leaves=8
num_cat=0
split_feature=0 6 1 2 3 11 3
split_gain=3.1607 2.96142 2.68501 2.76212 1.7266 1.76126 2.01705
threshold=7.5165000198740062 2.5000000000000004 3.5000000000000004 1.4749605050482142 103.84102436958894 0.82898943933265568 60.201014294899743
decision_type=2 2 2 2 2 2 2
left_child=4 2 3 -2 5 6 -1
right_child=1 -3 -4 -5 -6 -7 -8
leaf_value=-0.06878549029921889 -0.047741206152672883 -0.043669055718364595 -0.02538622087528607 0.035062551877478629 -0.059524977905909007 -0.067274933677063206 0.0731303729568967
leaf_weight=1.3485925708082529 4.3191595584503366 7.5980251055225372 10.354557818420288 59.862074504446355 9.6009127579927718 2.370487227497506 3.8913250952027738
leaf_count=75 97 185 331 650 1118 693 51
internal_value=0.00763898 0.0158041 0.0218667 0.0294902 -0.0313258 0.00424893 0.0366056
internal_weight=99.3451 82.1338 74.5358 64.1812 17.2113 7.6104 5.23992
internal_count=3200 1263 1078 747 1937 819 126
is_linear=0
shrinkage=0.1


Tree=226
num_leaves=8
num_cat=0
split_feature=4 0 11 7 5 3 6
split_gain=3.45536 3.44745 4.06398 2.70963 2.41605 2.3706 2.21688
threshold=1.5000000000000002 7.4955344668592083 0.99270154744239936 0.35850977819160407 2.2809968807248997 47.907104764659344 2.5000000000000004
decision_type=2 2 2 2 2 2 2
left_child=1 2 4 -3 -1 -5 -4
right_child=-2 3 6 5 -6 -7 -8
leaf_value=0.036872450069152955 0.0055904003776831674 -0.042789001034173955 -0.02775149443150909 -0.022291034334566293 -0.042619655478030677 0.024693441566718415 -0.081141474338520578
leaf_weight=15.037262685596945 372.60632450366393 9.9512702571228129 71.484987211995758 14.062611063942311 5.1271202666684976 45.431970315054059 8.7265879271435534
leaf_count=76 2257 47 419 66 25 233 77
internal_value=0.000202158 -0.0116202 -0.0234713 0.00550928 0.0166603 0.0135878 -0.03356
internal_weight=542.428 169.822 100.376 69.4459 20.1644 59.4946 80.2116
internal_count=3200 943 597 346 101 299 496
is_linear=0
shrinkage=0.1


Tree=227
num_leaves=8
num_cat=0
split_feature=4 10 5 0 1 3 5
split_gain=7.40427 5.18901 4.4616 3.82666 3.10928 2.83194 2.73622
threshold=1.5000000000000002 10.023309895975331 2.0052380963768948 7.6166241856582966 3.5000000000000004 202.3075004545951 2.0052380963768948
decision_type=2 2 2 2 2 2 2
left_child=4 2 -2 -4 6 -3 -1
right_child=1 5 3 -5 -6 -7 -8
leaf_value=-0.0071448227061921875 -0.034502245376423539 0.019823858825335869 0.0055344606932661647 -0.033750213739095911 0.038009646401047155 -0.035958526897682634 0.024127631972330754
leaf_weight=62.860409563174471 100.56854108613334 62.732932926388457 84.880937397363596 35.027943893801421 44.344081037270371 10.645384240895508 50.420450702658854
leaf_count=378 1044 389 471 276 265 77 300
internal_value=-0.00192379 -0.011303 -0.0189692 -0.00594143 0.0155616 0.0117312 0.00677431
internal_weight=451.481 293.856 220.477 119.909 157.625 73.3783 113.281
internal_count=3200 2257 1791 747 943 466 678
is_linear=0
shrinkage=0.1


Tree=228
num_leaves=8
num_cat=0
split_feature=5 11 0 4 0 4 11
split_gain=3.03617 2.9868 2.98748 3.07702 2.35189 1.76179 1.08358
threshold=1.9771269929954973 0.99270154744239936 7.5165000198740062 1.5000000000000002 6.4995459286319752 1.5000000000000002 0.95066812101378251
decision_type=2 2 2 2 2 2 2
left_child=1 4 -3 -4 -1 -6 -2
right_child=6 2 3 -5 5 -7 -8
leaf_value=-0.06860837398464166 -0.012619445381266182 -0.067507117208410974 -0.072054025961934373 0.017093492971178091 0.0051886724458295608 0.06237512754009375 -0.068061200992160162
leaf_weight=1.8570790092926497 9.1956981788389367 5.69906193173665 4.2524039158888618 43.258297829190269 7.2662535419221994 20.833199324086308 5.716820173603991
leaf_count=81 217 935 156 434 63 127 1187
internal_value=0.0076768 0.0151272 0.000907829 0.00911442 0.040384 0.0475872 -0.0338734
internal_weight=98.0788 83.1663 53.2098 47.5107 29.9565 28.0995 14.9125
internal_count=3200 1796 1525 590 271 190 1404
is_linear=0
shrinkage=0.1


Tree=229
num_leaves=8
num_cat=0
split_feature=6 2 11 0 5 0 3
split_gain=3.62342 2.89278 2.45332 2.63559 2.65184 2.1228 2.45676
threshold=2.5000000000000004 1.4889255073677694 0.86506100286114507 7.4710417129703481 2.009913538580606 6.4995459286319752 75.041375105075716
decision_type=2 2 2 2 2 2 2
left_child=1 5 -2 -4 -5 -1 -7
right_child=2 -3 3 4 -6 6 -8
leaf_value=-0.051283084357316523 0.019946363251365187 0.0068362593389006202 -0.043113014143015806 0.021100039425353392 -0.036527270694245682 -0.039974794309096999 0.010444888379018196
leaf_weight=13.857089111814274 13.864405444823204 394.41470765927806 40.048843034310266 17.824766099452972 14.465796274133025 14.487423310289158 29.027348160045221
leaf_count=92 67 2395 243 91 74 77 161
internal_value=0.000199572 0.0037844 -0.0185882 -0.0259737 -0.00471633 -0.0171962 -0.0063414
internal_weight=537.99 451.787 86.2038 72.3394 32.2906 57.3719 43.5148
internal_count=3200 2725 475 408 165 330 238
is_linear=0
shrinkage=0.1


Tree=230
num_leaves=8
num_cat=0
split_feature=6 10 3 2 11 11 5
split_gain=7.09636 6.17921 5.36179 4.7685 2.55822 2.45632 2.31303
threshold=2.5000000000000004 10.023309895975331 59.518825958162374 1.6931294204734544 22.984968380920215 1.9919197354721005 2.0984493751216049
decision_type=2 2 2 2 2 2 2
left_child=1 2 4 -4 -1 -3 -7
right_child=-2 5 3 -5 -6 6 -8
leaf_value=-0.0070420933275823425 0.025252798745232813 -0.020335777832988414 0.003565866124069313 -0.033220967899911857 0.029321457660498113 0.011593948237492102 0.050834004985702036
leaf_weight=54.73621281562373 79.128425585746299 16.309664020780474 46.391145522648003 146.55170969109167 29.923021537717432 54.100048601161689 20.796289667254314
leaf_count=338 475 107 326 1318 166 314 156
internal_value=-0.00192058 -0.00775068 -0.01517 -0.0243759 0.0058107 0.0148315 0.0224896
internal_weight=447.937 368.808 277.602 192.943 84.6592 91.206 74.8963
internal_count=3200 2725 2148 1644 504 577 470
is_linear=0
shrinkage=0.1


Tree=231
num_leaves=8
num_cat=0
split_feature=3 10 5 1 11 11 0
split_gain=2.98703 3.06703 2.90984 3.07269 0.908764 0.899827 0.994173
threshold=60.201014294899743 10.023309895975331 2.385961459695594 3.5000000000000004 0.90829916485292028 0.95066812101378251 8.4765959620919222
decision_type=2 2 2 2 2 2 2
left_child=4 2 3 -2 -1 6 -3
right_child=1 5 -4 -5 -6 -7 -8
leaf_value=-0.015357696328715517 0.033890476096844806 -0.048840325271321629 -0.068685782691723027 -0.025057782068776929 -0.071270172869538059 -0.070668808622567886 0.039298070190966136
leaf_weight=6.7846042309538444 61.41038623998611 2.8965649784659018 3.4448238817712982 10.329947542766602 5.086119527615665 4.5932884331668902 2.2927652020007372
leaf_count=130 1073 54 376 474 656 426 11
internal_value=0.00767377 0.0142384 0.0210915 0.0254025 -0.0393139 -0.0384325 -0.00989876
internal_weight=96.8385 84.9678 75.1852 71.7403 11.8707 9.78262 5.18933
internal_count=3200 2414 1923 1547 786 491 65
is_linear=0
shrinkage=0.1


Tree=232
num_leaves=8
num_cat=0
split_feature=1 0 11 5 5 3 2
split_gain=3.25654 3.99767 2.84949 2.67735 2.58847 2.43003 2.06482
threshold=3.5000000000000004 7.4955344668592083 0.99270154744239936 2.4701993603035164 1.9916183403524281 128.47674986581248 1.9600843080016224
decision_type=2 2 2 2 2 2 2
left_child=-1 2 5 6 -4 -2 -3
right_child=1 3 4 -5 -6 -7 -8
leaf_value=0.005392360060237791 -0.015914403704322202 -0.010591429478213038 -0.021681182409413122 -0.030670585903043529 -0.062403972870997027 0.064401435134371743 0.030010762494903698
leaf_weight=370.27411954221316 10.684941642917694 18.869409246370196 54.053037636098452 15.433404056355355 21.94603000456118 5.8185060620307913 37.253062540665269
leaf_count=2223 58 98 280 71 201 35 234
internal_value=0.000195873 -0.0115324 -0.0252618 0.00621594 -0.0334406 0.012402 0.0163596
internal_weight=534.333 164.058 92.5025 71.5559 75.9991 16.5034 56.1225
internal_count=3200 977 574 403 481 93 332
is_linear=0
shrinkage=0.1


Tree=233
num_leaves=8
num_cat=0
split_feature=1 4 7 0 5 7 0
split_gain=6.9755 5.01864 3.61336 3.21408 3.37434 3.58568 2.83146
threshold=3.5000000000000004 1.5000000000000002 0.49885618854686931 6.4810084088750717 2.4632898958410503 0.51379722854601895 7.377109380993037
decision_type=2 2 2 2 2 2 2
left_child=1 -1 -3 -2 5 -5 -4
right_child=3 2 6 4 -6 -7 -8
leaf_value=0.0057041755157463828 0.041491520457218711 -0.0030736492152737193 -0.02364769813234786 0.022812724414676369 0.044363337044572557 -0.016421913907151569 -0.061466595512051483
leaf_weight=111.68719877285184 36.075959943147609 68.055333206430078 86.902090258197859 39.277178597636521 20.338311663945206 57.239035969600081 25.636935232469114
leaf_count=678 259 448 591 216 120 382 506
internal_value=-0.00190421 -0.0109584 -0.0212633 0.0154002 0.0073452 -0.000455416 -0.032263
internal_weight=445.212 292.282 180.594 152.93 116.855 96.5162 112.539
internal_count=3200 2223 1545 977 718 598 1097
is_linear=0
shrinkage=0.1


Tree=234
num_leaves=8
num_cat=0
split_feature=7 6 2 10 6 14 4
split_gain=2.858 2.91081 2.83434 2.85108 0.949611 0.870367 0.829688
threshold=0.50498409578820069 2.5000000000000004 1.5322700981394595 10.023309895975331 4.5000000000000009 25.942415414545291 3.5000000000000004
decision_type=2 2 2 2 2 2 2
left_child=-1 2 6 -4 5 -3 -2
right_child=1 4 3 -5 -6 -7 -8
leaf_value=-0.042995707041009128 -0.074477942037331865 -0.067525762124498165 0.032134744061613492 -0.031123978198218934 0.046112858678894364 0.071466620812639936 0.00018006559533086024
leaf_weight=9.982875376052105 3.7963164703396606 6.3808224772837994 63.546585039854108 8.0244150108974264 1.0106058621022382 0.48475301902362833 2.4486756965488894
leaf_count=1030 190 272 1273 333 25 5 72
internal_value=0.00764207 0.0135412 0.0194048 0.0250423 -0.0443901 -0.057712 -0.0452044
internal_weight=95.675 85.6922 77.816 71.571 7.87618 6.86558 6.24499
internal_count=3200 2170 1868 1606 302 277 262
is_linear=0
shrinkage=0.1


Tree=235
num_leaves=8
num_cat=0
split_feature=3 10 5 0 2 0 7
split_gain=3.31076 2.55013 2.59252 2.84741 1.83415 2.68909 2.09382
threshold=61.195655702033065 10.132174807232758 2.491318782546962 7.4467876921224336 1.5931802431101374 6.4810084088750717 0.49276985163102244
decision_type=2 2 2 2 2 2 2
left_child=1 2 3 -1 5 -2 -7
right_child=4 -3 -4 -5 -6 6 -8
leaf_value=-0.014083132870611945 -0.045147334125068148 -0.042212694369558518 -0.043519045061787803 0.021309460223032366 0.0079431026023575688 -0.028676196890649697 0.015493147769806832
leaf_weight=59.262879171525128 16.607181415660307 24.780697500100359 16.405091013177298 36.875738471746445 326.36370510025881 15.775543668773023 33.572507673874497
leaf_count=299 106 159 118 222 2011 90 195
internal_value=0.0001917 -0.0131717 -0.00677727 -0.000507652 0.00486933 -0.0103405 0.00137313
internal_weight=529.643 137.324 112.544 96.1386 392.319 65.9552 49.3481
internal_count=3200 798 639 521 2402 391 285
is_linear=0
shrinkage=0.1


Tree=236
num_leaves=8
num_cat=0
split_feature=3 7 10 5 0 5 11
split_gain=6.7044 5.41736 3.94264 3.58024 3.22637 3.06904 2.35199
threshold=60.201014294899743 0.49654612724452585 9.9856842391505527 2.0138694309368339 6.4995459286319752 2.457494011897964 1.5202282806495531
decision_type=2 2 2 2 2 2 2
left_child=6 4 3 -3 -2 -6 -1
right_child=1 2 -4 -5 5 -7 -8
leaf_value=-0.0099198500289887567 0.033143969592831467 -0.046602508732754754 0.0037900458019135205 -0.014944313158588863 -0.011911302658922672 0.040813268020645284 0.024491105008364437
leaf_weight=24.754609930329025 34.619509806158021 60.798592577571981 53.04589817719534 86.610551568679512 67.819716050289571 13.186820276663637 100.51507941697491
leaf_count=155 212 778 333 547 460 84 631
internal_value=-0.00188668 -0.00964579 -0.0195887 -0.0280017 0.00759175 -0.00332842 0.0176911
internal_weight=441.351 316.081 200.455 147.409 115.626 81.0065 125.27
internal_count=3200 2414 1658 1325 756 544 786
is_linear=0
shrinkage=0.1


Tree=237
num_leaves=8
num_cat=0
split_feature=0 11 4 6 3 10 0
split_gain=2.77645 2.73471 2.49658 2.65559 1.71528 1.44717 1.01384
threshold=7.5931295456569572 0.99270154744239936 1.5000000000000002 2.5000000000000004 168.69175771584943 9.6276950669302259 6.4995459286319752
decision_type=2 2 2 2 2 2 2
left_child=6 4 -3 -4 5 -2 -1
right_child=1 2 3 -5 -6 -7 -8
leaf_value=-0.067694162803032296 0.037336950540586195 -0.071694309116509952 0.016309681202416864 -0.077934190640778098 0.076744017636502432 -0.035867259421600649 -0.013371352667023549
leaf_weight=4.3938825226214275 14.603181209880864 4.180220731348526 39.890170422615483 3.2321415749611324 9.2931947354227287 3.3132225160952649 15.75310291887399
leaf_count=884 99 273 626 101 55 34 1128
internal_value=0.0077174 0.0166228 0.00209299 0.00924583 0.0418822 0.0237995 -0.0252187
internal_weight=94.6591 74.5121 47.3025 43.1223 27.2096 17.9164 20.147
internal_count=3200 1188 1000 727 188 133 2012
is_linear=0
shrinkage=0.1


Tree=238
num_leaves=8
num_cat=0
split_feature=2 0 11 4 11 1 3
split_gain=3.18732 2.28133 3.93715 3.51171 2.04382 2.18033 1.995
threshold=1.5000216059225264 6.4995459286319752 0.99270154744239936 1.5000000000000002 1.9919197354721005 3.5000000000000004 65.461236249054011
decision_type=2 2 2 2 2 2 2
left_child=4 2 -2 -4 -1 6 -6
right_child=1 -3 3 -5 5 -7 -8
leaf_value=0.01313679444407395 0.029063114888787125 0.0076783098165748437 -0.045743450660725528 -0.0050575922209623765 -0.057322183364215476 -0.06521027328521993 -0.0054163407291423953
leaf_weight=14.629484412260352 23.582647605799139 325.85316582210362 29.07171783116064 78.493239187984727 9.7194306171732006 12.708643127174581 31.093107563443482
leaf_count=84 122 2020 210 443 59 92 170
internal_value=0.000187489 0.00319597 -0.00794099 -0.0160538 -0.0199866 -0.0290405 -0.0177776
internal_weight=525.151 457.001 131.148 107.565 68.1507 53.5212 40.8125
internal_count=3200 2795 775 653 405 321 229
is_linear=0
shrinkage=0.1


Tree=239
num_leaves=8
num_cat=0
split_feature=4 6 5 0 1 0 5
split_gain=6.3803 4.50837 4.40225 3.90414 2.91205 2.72873 3.0269
threshold=1.5000000000000002 2.5000000000000004 1.9916183403524281 7.4955344668592083 3.5000000000000004 7.4955344668592083 2.0702014800190822
decision_type=2 2 2 2 2 2 2
left_child=4 2 -2 -4 5 6 -1
right_child=1 -3 3 -5 -6 -7 -8
leaf_value=0.0029755712241365546 -0.032414143677121608 0.015134935110736264 0.0081411834953737296 -0.028535563354397761 0.036755451954775434 -0.016346517602474919 0.046101887523294686
leaf_weight=49.933788522612303 101.75012426136527 54.377558627165854 83.825418731896207 44.39367065532133 42.633335680700839 36.591327822068706 24.143746088258922
leaf_count=262 1098 322 488 349 265 242 174
internal_value=-0.00189417 -0.0107598 -0.0168827 -0.00455751 0.0145498 0.00599548 0.0170315
internal_weight=437.649 284.347 229.969 128.219 153.302 110.669 74.0775
internal_count=3200 2257 1935 837 943 678 436
is_linear=0
shrinkage=0.1


Tree=240
num_leaves=8
num_cat=0
split_feature=5 11 0 3 0 4 11
split_gain=2.82939 2.61809 2.76782 2.8229 1.94544 1.67154 1.00069
threshold=1.9771269929954973 0.99270154744239936 7.5165000198740062 60.201014294899743 6.4995459286319752 1.5000000000000002 0.95066812101378251
decision_type=2 2 2 2 2 2 2
left_child=1 4 -3 -4 -1 -6 -2
right_child=6 2 3 -5 5 -7 -8
leaf_value=-0.068389105469483388 -0.013029691651211437 -0.067487080280195219 -0.071981155459212257 0.016961521817255049 0.0032492558887035603 0.059945307836896035 -0.068064605073718726
leaf_weight=1.5906053576618457 8.8952552971895766 5.2356342764433057 3.9045919791096813 41.445506498916075 6.9967988918069777 20.250181606039405 5.2560589826080095
leaf_count=81 217 935 148 442 63 127 1187
internal_value=0.00772419 0.0150641 0.0013558 0.00930366 0.0391107 0.0453862 -0.0334707
internal_weight=93.5746 79.4233 50.5857 45.3501 28.8376 27.247 14.1513
internal_count=3200 1796 1525 590 271 190 1404
is_linear=0
shrinkage=0.1


Tree=241
num_leaves=8
num_cat=0
split_feature=10 0 5 0 7 5 7
split_gain=3.19024 2.83251 2.14074 2.70538 2.46676 2.11829 2.44097
threshold=9.9856842391505527 7.4955344668592083 2.5447302893091477 6.6114300995739885 0.4878097083800001 2.151844609998403 0.49654612724452585
decision_type=2 2 2 2 2 2 2
left_child=2 5 -1 -4 -5 6 -2
right_child=1 -3 3 4 -6 -7 -8
leaf_value=0.0071880155935045327 -0.055574610173231592 0.0035126451603233969 -0.058654394515146646 -0.049016437957715112 0.0081012085460384874 -0.067042172375156167 -0.0066293792204728703
leaf_weight=351.89849874156062 14.02113930787891 47.685430878773332 10.80750153804547 9.4318249485222605 38.1224124066066 11.771354421623981 37.283108074450865
leaf_count=2177 83 276 111 62 178 130 183
internal_value=0.000180433 -0.0148794 0.00424625 -0.0134914 -0.00322741 -0.0287839 -0.0200058
internal_weight=521.021 110.761 410.26 58.3617 47.5542 63.0756 51.3042
internal_count=3200 672 2528 351 240 396 266
is_linear=0
shrinkage=0.1


Tree=242
num_leaves=8
num_cat=0
split_feature=10 3 7 6 5 11 7
split_gain=6.353 5.32783 4.41311 3.39046 2.84612 2.6858 2.36214
threshold=10.023309895975331 59.518825958162374 0.49654612724452585 2.5000000000000004 2.0000484954321047 21.029401817046701 0.51379722854601895
decision_type=2 2 2 2 2 2 2
left_child=1 5 4 -4 -3 -1 -2
right_child=6 2 3 -5 -6 -7 -8
leaf_value=-0.017310205621830582 0.041496108612724514 -0.01476941797882237 -0.03603598583388351 -0.00043792712848176197 0.020977911791370159 0.020888987670280565 0.0091524872338607614
leaf_weight=24.670724959578365 34.1880068652099 51.520516129676253 110.38704909963417 35.314355744514614 39.232555734342895 72.487262882787036 66.50494914711453
leaf_count=162 242 355 1138 197 239 449 418
internal_value=-0.0018807 -0.00852532 -0.016626 -0.0274079 0.000684154 0.0111893 0.020134
internal_weight=434.305 333.612 236.454 145.701 90.7531 97.158 100.693
internal_count=3200 2540 1929 1335 594 611 660
is_linear=0
shrinkage=0.1


Tree=243
num_leaves=8
num_cat=0
split_feature=1 5 11 0 7 11 7
split_gain=2.72872 2.6258 2.78864 2.72468 1.98201 0.875129 0.871995
threshold=3.5000000000000004 2.385961459695594 0.99270154744239936 7.5165000198740062 0.44244406443006573 0.99270154744239936 0.82143580168134767
decision_type=2 2 2 2 2 2 2
left_child=1 2 4 -4 -1 6 -2
right_child=5 -3 3 -5 -6 -7 -8
leaf_value=-0.069843703467708768 -0.036277583468041268 -0.068534164113421142 -0.067437585622920113 0.011877876733855383 0.050087497489524381 -0.069309129888122364 0.037023761534819739
leaf_weight=1.4543542794999691 5.5987695333315042 3.634043387397468 4.8080836646222442 43.660327683508513 26.237588121555746 4.7659013630673144 2.2853337007109076
leaf_count=50 134 462 933 580 198 816 27
internal_value=0.00767022 0.0145109 0.0184734 0.00400975 0.0437888 -0.0354797 -0.01503
internal_weight=92.4444 79.7944 76.1604 48.4684 27.6919 12.65 7.8841
internal_count=3200 2223 1761 1513 248 977 161
is_linear=0
shrinkage=0.1


Tree=244
num_leaves=8
num_cat=0
split_feature=2 0 1 11 11 1 13
split_gain=3.10016 2.3905 3.7056 3.71971 1.9486 2.36239 2.41876
threshold=1.5000216059225264 6.4995459286319752 3.5000000000000004 0.99270154744239936 0.55314992350647973 3.5000000000000004 5.5000000000000009
decision_type=2 2 2 2 2 2 2
left_child=4 2 3 -2 -1 6 -6
right_child=1 -3 -4 -5 5 -7 -8
leaf_value=0.03166243608534041 0.046466358020391348 0.0077886016376181588 -0.037391530676819905 -0.0070793693721448656 -0.024503578859289658 -0.062249721983913202 0.038459171861378233
leaf_weight=6.6227631382644168 15.476414578035472 320.7340236705495 32.747446545516141 80.222324425529223 39.91892991901841 13.557213556952773 7.2021264173090449
leaf_count=40 80 2020 228 467 217 99 49
internal_value=0.00017308 0.003172 -0.00835578 0.00158005 -0.0198423 -0.0254638 -0.0148802
internal_weight=516.481 449.18 128.446 95.6987 67.301 60.6783 47.1211
internal_count=3200 2795 775 547 405 365 266
is_linear=0
shrinkage=0.1


Tree=245
num_leaves=8
num_cat=0
split_feature=1 4 0 5 0 11 5
split_gain=6.2999 4.6476 3.40401 3.69969 3.09926 2.99967 3.0506
threshold=3.5000000000000004 1.5000000000000002 7.6478072771402994 1.9608774299271925 6.4995459286319752 21.5841480456025 2.0000484954321047
decision_type=2 2 2 2 2 2 2
left_child=1 -1 3 -3 -2 -6 -7
right_child=4 2 -4 -5 5 6 -8
leaf_value=0.0056566441854189629 0.040837920264784985 -0.031163683336495204 -0.049307814609638206 0.0012967656848754234 -0.020047231425931924 -0.00029337188750978274 0.038616112788540706
leaf_weight=108.7021120894351 35.131297202548012 65.912326212594053 33.557287013885798 75.139524953556247 30.353330974699929 45.975749903358519 35.871474028332159
leaf_count=678 264 557 558 430 216 297 200
internal_value=-0.00185412 -0.0105763 -0.020682 -0.0138717 0.0149181 0.00680236 0.0167596
internal_weight=430.643 283.311 174.609 141.052 147.332 112.201 81.8472
internal_count=3200 2223 1545 987 977 713 497
is_linear=0
shrinkage=0.1


Tree=246
num_leaves=8
num_cat=0
split_feature=3 10 2 4 14 3 11
split_gain=2.66388 2.7007 2.66855 2.82315 0.867282 1.05974 0.753894
threshold=60.201014294899743 10.023309895975331 1.5322700981394595 1.5000000000000002 17.656064961049143 241.1202527802497 0.90829916485292028
decision_type=2 2 2 2 2 2 2
left_child=6 2 -2 -4 -3 -6 -1
right_child=1 4 3 -5 5 -7 -8
leaf_value=-0.01712985134425216 -0.045095992642934901 0.047183197203967853 -0.021768690770595137 0.035119497147489402 -0.063554383005365658 0.040374781897252895 -0.070825912206628941
leaf_weight=6.4636856820434314 5.7136727588112981 1.068803371341345 10.35547507290539 55.353545921749173 6.8714087150274263 1.1445505401607077 4.3909817782478058
leaf_count=130 276 64 485 1162 385 42 656
internal_value=0.00765213 0.0139221 0.0204543 0.0261541 -0.0374327 -0.048715 -0.0388512
internal_weight=91.3621 80.5075 71.4227 65.709 9.08476 8.01596 10.8547
internal_count=3200 2414 1923 1647 491 427 786
is_linear=0
shrinkage=0.1


Tree=247
num_leaves=8
num_cat=0
split_feature=5 0 11 7 0 11 0
split_gain=3.063 2.49256 3.99797 3.48746 2.93644 2.29132 2.12304
threshold=2.5017166779461557 6.4995459286319752 0.99270154744239936 0.49885618854686931 6.8552399053425495 0.40181076061804971 7.5165000198740062
decision_type=2 2 2 2 2 2 2
left_child=1 2 -1 -4 -3 -2 -7
right_child=5 4 3 -5 -6 6 -8
leaf_value=0.032111078015355808 0.021226246513804881 0.032501208697911038 -0.045787999554042544 -0.0052433197896061719 0.0043021538488212272 -0.046363463540548232 -0.0089694769922836759
leaf_weight=20.628526692278683 11.947140630334614 42.874587928876281 28.755085763870738 80.904924373142421 266.2341040908359 28.829988493933342 32.074488293379545
leaf_count=112 53 283 199 440 1686 258 169
internal_value=0.000175023 0.00332367 -0.00827735 -0.015875 0.00821347 -0.0188157 -0.0266704
internal_weight=512.249 439.397 130.289 109.66 309.109 72.8516 60.9045
internal_count=3200 2720 751 639 1969 480 427
is_linear=0
shrinkage=0.1


Tree=248
num_leaves=8
num_cat=0
split_feature=6 2 7 5 1 10 11
split_gain=6.08001 5.26612 5.3925 4.35584 3.03767 1.93716 2.35061
threshold=2.5000000000000004 1.4889255073677694 0.5011997598043535 2.491318782546962 3.5000000000000004 10.060621358099215 0.86506100286114507
decision_type=2 2 2 2 2 2 2
left_child=1 -1 4 -4 -3 6 -2
right_child=5 2 3 -5 -6 -7 -8
leaf_value=0.022853614090968241 -0.032231933002119816 -0.0066363848922264259 -0.031073828088475714 0.0044680533392253306 0.028300667074675292 0.062425061809712981 0.024507332611708038
leaf_weight=49.431530132133048 8.3822477757930738 74.174486970063299 144.74734478993923 45.264924090937711 37.452748213429004 11.081648592255076 56.630587177292909
leaf_count=330 54 510 1389 263 233 80 341
internal_value=-0.00184652 -0.00740087 -0.0123589 -0.022607 0.00508556 0.0237791 0.0171918
internal_weight=427.166 351.071 301.64 190.012 111.627 76.0945 65.0128
internal_count=3200 2725 2395 1652 743 475 395
is_linear=0
shrinkage=0.1


Tree=249
num_leaves=8
num_cat=0
split_feature=7 6 1 5 11 11 11
split_gain=2.61763 2.68097 2.58625 2.67323 1.20152 0.800984 0.822083
threshold=0.50498409578820069 2.5000000000000004 3.5000000000000004 2.385961459695594 0.99270154744239936 0.49957186544062365 0.23764380505877017
decision_type=2 2 2 2 2 2 2
left_child=5 2 3 -2 -4 6 -1
right_child=1 -3 4 -5 -6 -7 -8
leaf_value=-0.070119410221951992 0.030946345444749879 -0.044557751071756503 0.0005098104402239714 -0.068615713107413545 -0.069437896030239796 -0.069146367411866957 0.022280144652922468
leaf_weight=1.4875283708097393 60.756736699098838 7.2859808749544746 6.0876657207263616 2.8220567717871736 4.1162511112979701 5.1254251632435626 2.730106538743712
leaf_count=51 1043 302 87 280 458 936 43
internal_value=0.00753566 0.0133121 0.0190267 0.0265271 -0.027707 -0.0425858 -0.0103085
internal_weight=90.4118 81.0687 73.7827 63.5788 10.2039 9.34306 4.21763
internal_count=3200 2170 1868 1323 545 1030 94
is_linear=0
shrinkage=0.1


Tree=250
num_leaves=8
num_cat=0
split_feature=3 0 11 5 1 10 0
split_gain=2.98597 2.38916 1.94691 1.76327 1.65264 1.6206 2.29201
threshold=61.195655702033065 7.4955344668592083 1.2505835731946233 1.8743040572472678 3.5000000000000004 9.6068424898978844 6.5471247677544371
decision_type=2 2 2 2 2 2 2
left_child=1 2 -1 -4 -3 -2 -7
right_child=5 4 3 -5 -6 6 -8
leaf_value=0.0038687314820918862 0.0086790325488200117 0.015157934370851129 -0.020174417503605758 -0.056715073493469693 -0.020395341880991583 -0.030875208633952652 0.003091221519266957
leaf_weight=18.31252369005233 275.47842306352686 37.108091998845339 35.863227301859297 20.902822172007291 20.186638431623578 27.320131361717358 72.815111232514028
leaf_count=97 1792 220 189 185 107 169 441
internal_value=0.000167424 -0.0127474 -0.0244834 -0.0336297 0.00263146 0.00471884 -0.00617592
internal_weight=507.987 132.373 75.0786 56.766 57.2947 375.614 100.135
internal_count=3200 798 471 374 327 2402 610
is_linear=0
shrinkage=0.1


Tree=251
num_leaves=8
num_cat=0
split_feature=4 3 6 0 1 5 6
split_gain=6.03192 4.43963 3.9124 3.0159 2.66316 2.56944 2.68371
threshold=1.5000000000000002 60.201014294899743 2.5000000000000004 7.6233225051195275 3.5000000000000004 2.0052380963768948 2.5000000000000004
decision_type=2 2 2 2 2 2 2
left_child=4 -2 3 -3 5 6 -1
right_child=1 2 -4 -5 -6 -7 -8
leaf_value=-0.016206186713863823 0.0088351379672493204 -0.019497284171394531 0.0078901307642054233 -0.055226158991823628 0.035958205658344171 0.02338505559508651 0.045188758997674092
leaf_weight=51.502239420544356 82.351125696382951 120.54469321446959 42.447069240733981 29.384276418437366 41.372070419485681 47.802161724481266 8.2620151843875629
leaf_count=332 542 930 245 540 265 300 46
internal_value=-0.00180888 -0.0105944 -0.0189117 -0.0264997 0.0143967 0.00610368 -0.00771874
internal_weight=423.666 274.727 192.376 149.929 148.938 107.566 59.7643
internal_count=3200 2257 1715 1470 943 678 378
is_linear=0
shrinkage=0.1


Tree=252
num_leaves=8
num_cat=0
split_feature=10 5 2 7 11 0 4
split_gain=2.46512 2.57566 2.59403 2.48287 1.07734 1.28297 0.884376
threshold=10.023309895975331 1.9771269929954973 1.5547736549055824 0.44244406443006573 0.95066812101378251 8.9401653214242636 3.5000000000000004
decision_type=2 2 2 2 2 2 2
left_child=1 2 6 -4 5 -3 -1
right_child=-2 4 3 -5 -6 -7 -8
leaf_value=-0.074336491105830307 -0.040020278928565772 -0.025355250224775128 -0.068883050662402107 0.031104458554414606 -0.068144472717182242 0.081387801767226153 0.0076892920953154382
leaf_weight=3.5481970219043424 9.7021680735679166 6.3267430030391534 2.5921019270026582 59.271196057110501 4.4558278362310375 1.3697798431385306 2.0878796826291364
leaf_count=157 660 166 262 962 934 10 49
internal_value=0.00757084 0.0133678 0.0209978 0.0269149 -0.0290127 -0.00635778 -0.0439501
internal_weight=89.3539 79.6517 67.4994 61.8633 12.1524 7.69652 5.63608
internal_count=3200 2540 1430 1224 1110 176 206
is_linear=0
shrinkage=0.1


Tree=253
num_leaves=8
num_cat=0
split_feature=5 0 11 3 0 13 0
split_gain=2.80798 2.51791 3.588 3.21663 2.5785 2.25502 2.14406
threshold=2.5017166779461557 6.4995459286319752 0.99270154744239936 59.518825958162374 6.8451624806139479 1.5000000000000002 6.6114300995739885
decision_type=2 2 2 2 2 2 2
left_child=1 2 -1 -4 -3 -2 -7
right_child=5 4 3 -5 -6 6 -8
leaf_value=0.030068253298513342 0.016308949901470454 0.03166778128626252 -0.051747542475860331 -0.0075079779682579286 0.0045538062172444469 -0.071792132233448172 -0.018795835611257358
leaf_weight=20.275211080908775 14.989029349468181 40.4499192815274 20.210266430978663 87.992497980128974 263.88249811483547 9.0957165430008882 47.498708792205434
leaf_count=112 94 271 143 496 1698 121 265
internal_value=0.000167465 0.00320184 -0.00853716 -0.0157711 0.00815762 -0.0181791 -0.0273133
internal_weight=504.394 432.81 128.478 108.203 304.332 71.5835 56.5944
internal_count=3200 2720 751 639 1969 480 386
is_linear=0
shrinkage=0.1


Tree=254
num_leaves=8
num_cat=0
split_feature=10 5 0 7 6 4 6
split_gain=5.67443 4.78471 3.94129 3.6537 3.54079 3.30981 2.11414
threshold=10.023309895975331 2.0052380963768948 6.4995459286319752 0.49885618854686931 2.5000000000000004 1.5000000000000002 2.5000000000000004
decision_type=2 2 2 2 2 2 2
left_child=1 3 -3 5 -4 -1 -5
right_child=-2 2 4 6 -6 -7 -8
leaf_value=0.02428384954004098 0.019346489236972558 0.030409568697142494 -0.013102158786981398 -0.043350369544796742 0.031471374965522138 -0.020544812592724618 -0.0090522039613284023
leaf_weight=26.73820651404094 97.443202101509087 41.578349072020501 100.82684891193639 64.912701844339608 21.647911049891263 42.886864567175508 24.852551288204268
leaf_count=143 660 298 651 852 119 326 151
internal_value=-0.00180797 -0.00818114 0.00380742 -0.0205204 -0.00522361 -0.0033292 -0.0338545
internal_weight=420.887 323.443 164.053 159.39 122.475 69.6251 89.7653
internal_count=3200 2540 1068 1472 770 469 1003
is_linear=0
shrinkage=0.1


Tree=255
num_leaves=8
num_cat=0
split_feature=3 4 7 0 11 11 2
split_gain=2.40869 2.33974 2.39607 2.24894 1.25975 0.985012 0.977134
threshold=60.201014294899743 1.5000000000000002 0.50498409578820069 6.4995459286319752 0.99270154744239936 0.49957186544062365 2.7910844426188874
decision_type=2 2 2 2 2 2 2
left_child=-1 4 5 -4 6 -3 -2
right_child=1 2 3 -5 -6 -7 -8
leaf_value=-0.037771616140626331 -0.022892480467475721 0.0058513476143894063 -0.067718221354756178 0.031260033811197782 -0.071460855428555528 -0.069277248316419154 0.063827985407296603
leaf_weight=10.389690890696327 5.6496998715447244 3.2477653571404508 2.3921070442011105 56.906824183432036 4.231662990328914 3.7719472615026461 1.6873602240812031
leaf_count=786 94 50 302 857 589 506 16
internal_value=0.00745545 0.0134885 0.0207274 0.0272673 -0.0280094 -0.034518 -0.00294871
internal_weight=88.2771 77.8874 66.3186 59.2989 11.5687 7.01971 7.33706
internal_count=3200 2414 1715 1159 699 556 110
is_linear=0
shrinkage=0.1


Tree=256
num_leaves=8
num_cat=0
split_feature=2 1 0 7 3 0 5
split_gain=2.96717 2.14652 3.1156 2.75337 2.09895 1.75774 1.74555
threshold=1.5000216059225264 2.5000000000000004 6.4995459286319752 0.37493032492098327 51.927586269035736 7.4601620251490344 2.5887014831259756
decision_type=2 2 2 2 2 2 2
left_child=5 -2 4 -4 -3 -1 -7
right_child=1 2 3 -5 -6 6 -8
leaf_value=-0.034642203693732693 0.010288230105157926 -0.06335326552693453 -0.028280095283531155 0.0085137945328666222 -0.014581929673910785 0.0074148201431435377 -0.066734241150310722
leaf_weight=35.724876094260253 213.83373762061819 10.95474928896874 23.78103804559214 140.48487909144023 45.370211603411008 25.914443187415603 3.618090547155588
leaf_count=235 1417 88 141 870 279 147 23
internal_value=0.000162118 0.00314875 -0.00377203 0.00318708 -0.0240676 -0.0197202 -0.00166933
internal_weight=499.682 434.425 220.591 164.266 56.325 65.2574 29.5325
internal_count=3200 2795 1378 1011 367 405 170
is_linear=0
shrinkage=0.1


Tree=257
num_leaves=8
num_cat=0
split_feature=1 4 7 0 11 2 0
split_gain=5.71894 4.49221 3.27969 3.16558 3.00997 2.64383 2.56687
threshold=3.5000000000000004 1.5000000000000002 0.49885618854686931 7.4955344668592083 23.069750156010077 1.5931802431101374 7.4955344668592083
decision_type=2 2 2 2 2 2 2
left_child=1 6 -3 -2 5 -5 -1
right_child=3 2 -4 4 -6 -7 -8
leaf_value=0.016978561840764569 0.026773401238549255 -0.0025757282256126555 -0.031314488461796068 0.035376517612443044 0.02770861940720672 -0.032721810030895457 -0.016007950798848824
leaf_weight=70.369998514594045 84.779135230579413 64.137639638036489 104.26152679919323 6.9918780457228413 20.123305414337665 30.882650094572455 35.486343302298337
leaf_count=436 574 448 1097 44 125 234 242
internal_value=-0.00177241 -0.0102218 -0.0203689 0.0144577 -0.00354494 -0.0201504 0.00592046
internal_weight=417.032 274.256 168.399 142.777 57.9978 37.8745 105.856
internal_count=3200 2223 1545 977 403 278 678
is_linear=0
shrinkage=0.1


Tree=258
num_leaves=8
num_cat=0
split_feature=1 6 10 2 11 11 5
split_gain=2.37852 2.3721 2.5011 2.55347 1.02471 0.830475 0.771001
threshold=3.5000000000000004 2.5000000000000004 10.023309895975331 1.4749605050482142 0.95066812101378251 0.99270154744239936 1.8001018841203822
decision_type=2 2 2 2 2 2 2
left_child=1 2 3 -1 -4 6 -2
right_child=5 -3 4 -5 -6 -7 -8
leaf_value=-0.048542132567823026 0.0039977140374892238 -0.042086854324624584 0.0012048487190105001 0.032181055598152965 -0.070367753796309329 -0.069193082095682076 -0.071228391786888084
leaf_weight=4.2107354863110222 5.671062824316321 6.8443952466186593 4.2058184875349962 56.486241977123427 3.8147152532401378 4.3132177058269008 1.7932613138982558
leaf_count=187 70 312 54 1320 350 816 91
internal_value=0.00753908 0.0140542 0.019646 0.026581 -0.0328364 -0.0342605 -0.0140749
internal_weight=87.3394 75.5619 68.7175 60.697 8.02053 11.7775 7.46432
internal_count=3200 2223 1911 1507 404 977 161
is_linear=0
shrinkage=0.1


Tree=259
num_leaves=8
num_cat=0
split_feature=7 3 0 5 5 10 0
split_gain=2.76466 2.52803 2.36102 2.86993 1.69818 2.32962 2.62823
threshold=0.50930754827664593 59.518825958162374 7.4955344668592083 1.9434161962926941 2.5176479064829391 10.617984549898424 6.6114300995739885
decision_type=2 2 2 2 2 2 2
left_child=1 -1 3 -3 -2 6 -6
right_child=4 2 -4 -5 5 -7 -8
leaf_value=-0.034159875632055303 0.0083692514075772006 -0.00037057075774485045 0.014280565259425615 -0.040287523635129704 -0.054031323526095382 -0.06811398710246977 0.0078488267977269467
leaf_weight=35.594376461391221 283.49179738637758 51.412158244755119 45.260016377549618 27.724998674646486 8.3905935563961958 6.3284928696230045 37.71866355324164
leaf_count=242 1827 285 299 230 90 43 184
internal_value=0.000158621 -0.0106605 -0.00393646 -0.0143551 0.00531137 -0.0112203 -0.00341163
internal_weight=495.921 159.992 124.397 79.1372 335.93 52.4377 46.1093
internal_count=3200 1056 814 515 2144 317 274
is_linear=0
shrinkage=0.1


Tree=260
num_leaves=8
num_cat=0
split_feature=11 5 0 7 0 3 4
split_gain=5.64662 5.82339 3.97974 3.87294 3.61417 3.05226 2.16198
threshold=0.99270154744239936 2.0000484954321047 7.4955344668592083 0.49885618854686931 7.4832713567626712 67.572109457225864 1.5000000000000002
decision_type=2 2 2 2 2 2 2
left_child=-1 2 3 -2 6 -6 -3
right_child=1 4 -4 -5 5 -7 -8
leaf_value=-0.030743098937497434 0.020152125908909573 0.057401015153185235 -0.034922460050326364 -0.013451316317171303 0.029994660355803057 -0.014388455559606142 0.021326692208763834
leaf_weight=57.900749465174158 54.665102772356477 21.646047154819826 45.01261302299099 92.057844071183354 22.769680459983647 48.497058414854109 71.454202230786905
leaf_count=494 307 213 609 645 127 342 463
internal_value=-0.00178048 0.00292872 -0.0089114 -0.000931559 0.0167403 -0.000208077 0.0297141
internal_weight=414.003 356.103 191.736 146.723 164.367 71.2667 93.1002
internal_count=3200 2706 1561 952 1145 469 676
is_linear=0
shrinkage=0.1


Tree=261
num_leaves=8
num_cat=0
split_feature=5 11 0 4 0 1 11
split_gain=2.31627 2.27838 2.40011 2.57583 1.63788 1.41551 0.915808
threshold=1.9771269929954973 0.99270154744239936 7.5165000198740062 1.5000000000000002 6.4995459286319752 3.5000000000000004 0.95066812101378251
decision_type=2 2 2 2 2 2 2
left_child=1 4 -3 -4 -1 -6 -2
right_child=6 2 3 -5 5 -7 -8
leaf_value=-0.068254478376039984 -0.011975285610256882 -0.06750174082725395 -0.071673760085853827 0.016157937347307107 0.05566456017888223 0.00017320643431040702 -0.068062769009826704
leaf_weight=1.396440190263095 8.2355255000584275 4.6235298432193295 3.6606485358497585 37.999770365131553 20.012744963867593 5.9676370371598741 4.502973911297885
leaf_count=81 217 935 156 434 130 60 1187
internal_value=0.00757116 0.0143801 0.000854057 0.00844028 0.0372476 0.0429183 -0.0318018
internal_weight=86.3993 73.6608 46.2839 41.6604 27.3768 25.9804 12.7385
internal_count=3200 1796 1525 590 271 190 1404
is_linear=0
shrinkage=0.1


Tree=262
num_leaves=8
num_cat=0
split_feature=2 10 0 1 4 0 5
split_gain=2.93579 2.04532 2.81111 2.24816 1.65856 1.95024 2.11768
threshold=1.5000216059225264 10.023309895975331 7.4955344668592083 2.5000000000000004 1.5000000000000002 6.4658779849990777 2.5447302893091477
decision_type=2 2 2 2 2 2 2
left_child=4 -2 3 -3 -1 -6 -7
right_child=1 2 -4 -5 5 6 -8
leaf_value=-0.046102420734720366 0.006740591779880469 -0.0054540971941412116 0.010745295427601368 -0.046706929402433178 -0.047351816261164296 0.010451461220144759 -0.062612410290948051
leaf_weight=17.44849545089528 336.40582883439492 27.843687033891911 37.529800662770867 25.136645401391434 10.740305803366935 31.379934161901474 4.5409933314658693
leaf_count=105 2211 174 236 174 80 186 34
internal_value=0.000153919 0.00315033 -0.0101939 -0.0250266 -0.0197996 -0.00996393 0.00121499
internal_weight=491.026 426.916 90.5101 52.9803 64.1097 46.6612 35.9209
internal_count=3200 2795 584 348 405 300 220
is_linear=0
shrinkage=0.1


Tree=263
num_leaves=8
num_cat=0
split_feature=4 10 5 1 1 2 0
split_gain=5.65155 4.06973 3.64273 3.182 2.6262 2.32361 2.73389
threshold=1.5000000000000002 10.023309895975331 2.0052380963768948 3.5000000000000004 3.5000000000000004 1.439135136083997 7.4955344668592083
decision_type=2 2 2 2 2 2 2
left_child=4 2 -2 -4 5 -1 -7
right_child=1 -3 3 -5 -6 6 -8
leaf_value=0.045408179134891022 -0.032579355443884538 0.010805446484262578 -0.017759994827513129 0.018261237435884634 0.035805037973370826 0.011558130970473675 -0.026097783633860547
leaf_weight=12.935518821235744 89.612208180100424 67.296462362108286 71.112702525220811 37.43221078714123 40.326402322112699 63.46233038927312 27.693958370364271
leaf_count=71 1044 466 512 235 265 397 210
internal_value=-0.00178036 -0.0104415 -0.0176573 -0.00533791 0.0141396 0.00574621 0.000117984
internal_weight=409.872 265.454 198.157 108.545 144.418 104.092 91.1563
internal_count=3200 2257 1791 747 943 678 607
is_linear=0
shrinkage=0.1


Tree=264
num_leaves=8
num_cat=0
split_feature=3 7 4 2 11 11 11
split_gain=2.29781 2.20152 2.26474 2.12151 1.18381 0.851092 0.748233
threshold=60.201014294899743 0.50498409578820069 1.5000000000000002 1.4749605050482142 0.99270154744239936 0.49957186544062365 0.90829916485292028
decision_type=2 2 2 2 2 2 2
left_child=6 5 4 -4 -3 -2 -1
right_child=1 2 3 -5 -6 -7 -8
leaf_value=-0.015163084020454121 -0.0017032795770326875 0.00064546652077650452 -0.045165911354351121 0.032018869064216374 -0.071145060191718332 -0.069104654272070118 -0.070821916054844836
leaf_weight=6.0750039440463279 3.5028767255716948 6.5822255720850062 3.8135853749699882 53.784206438656838 3.5281002136525785 4.0274068946546322 4.0092944898215137
leaf_count=130 72 75 141 1018 389 719 656
internal_value=0.00753336 0.0135413 0.019246 0.0269084 -0.0244066 -0.0377514 -0.0372918
internal_weight=85.3227 75.2384 67.7081 57.5978 10.1103 7.53028 10.0843
internal_count=3200 2414 1623 1159 464 791 786
is_linear=0
shrinkage=0.1


Tree=265
num_leaves=8
num_cat=0
split_feature=6 0 7 14 3 0 14
split_gain=3.04604 2.18157 2.1523 2.95614 2.05656 2.2021 1.98971
threshold=2.5000000000000004 6.4995459286319752 0.50498409578820069 20.602800767016657 50.486380263069819 7.7563917421418216 19.758618603442699
decision_type=2 2 2 2 2 2 2
left_child=4 -2 -3 -4 5 -1 -6
right_child=1 2 3 -5 6 -7 -8
leaf_value=-0.020501187496114504 -0.05024512261220665 -0.035898325053355259 -0.02321062522025872 0.029395371026952201 0.0177643101851758 0.011808511709524641 0.0013377920162673039
leaf_weight=61.272866796323797 16.390951255758409 20.55805190250976 21.05489147035405 21.682583138346672 118.24400849075755 32.169858931563795 195.91706977901049
leaf_count=371 132 131 102 110 838 194 1322
internal_value=0.000150704 -0.0177307 -0.00931076 0.00347869 0.00364651 -0.00937781 0.00752041
internal_weight=487.29 79.6865 63.2955 42.7375 407.604 93.4427 314.161
internal_count=3200 475 343 212 2725 565 2160
is_linear=0
shrinkage=0.1


Tree=266
num_leaves=8
num_cat=0
split_feature=6 3 4 5 10 10 0
split_gain=5.82278 5.04407 3.95059 2.84486 2.57996 2.49029 2.23446
threshold=2.5000000000000004 60.201014294899743 1.5000000000000002 1.9916183403524281 9.0045905697240052 10.198449443953892 6.4995459286319752
decision_type=2 2 2 2 2 2 2
left_child=1 5 4 -4 -3 6 -1
right_child=-2 2 3 -5 -6 -7 -8
leaf_value=0.031036788521194271 0.023765110011094558 -0.011277652343111531 -0.042542083761757443 -0.013920701166704101 0.024301232793273207 0.042948702555128143 -0.0066066492490873367
leaf_weight=21.576338401529938 73.282002522071707 59.237431495916098 59.168290996189171 84.074274249200244 31.071641204674961 20.026489395764656 58.582595576997846
leaf_count=141 475 400 848 622 200 132 382
internal_value=-0.00175963 -0.00736435 -0.0154163 -0.0257432 0.00096358 0.0114062 0.00352582
internal_weight=407.019 333.737 233.552 143.243 90.3091 100.185 80.1589
internal_count=3200 2725 2070 1470 600 655 523
is_linear=0
shrinkage=0.1


Tree=267
num_leaves=8
num_cat=0
split_feature=6 10 1 5 11 3 14
split_gain=2.22279 2.37228 2.33341 2.37517 1.09948 0.787513 0.894725
threshold=2.5000000000000004 10.023309895975331 3.5000000000000004 2.385961459695594 0.99270154744239936 323.21590698887263 17.656064961049143
decision_type=2 2 2 2 2 2 2
left_child=1 2 3 -1 -4 6 -3
right_child=-2 5 4 -5 -6 -7 -8
leaf_value=0.030574251520593482 -0.044637344677734607 0.042746173631444097 -9.9677783386758581e-05 -0.068655211637705632 -0.069328690652463235 0.10595347923900106 -0.055726503771342889
leaf_weight=56.053462236699488 7.4620456400725734 1.057678110597404 5.9847118133329769 2.5206779420095691 3.7201245395372098 0.3699961145975984 7.2298869768392251
leaf_count=1198 475 69 111 309 530 7 501
internal_value=0.00747239 0.0125265 0.0187792 0.026304 -0.026637 -0.0367866 -0.0431592
internal_weight=84.3986 76.9365 68.279 58.5741 9.70484 8.65756 8.28757
internal_count=3200 2725 2148 1507 641 577 570
is_linear=0
shrinkage=0.1


Tree=268
num_leaves=8
num_cat=0
split_feature=7 0 5 3 11 5 11
split_gain=2.7647 2.85073 2.68043 2.92444 1.6483 1.59598 2.06361
threshold=0.5011997598043535 6.4995459286319752 2.4753991925028171 68.524451314651884 20.639068566381269 2.5017166779461557 0.30600590797498489
decision_type=2 2 2 2 2 2 2
left_child=1 4 3 -3 -1 -2 -7
right_child=5 2 -4 -5 -6 6 -8
leaf_value=-0.0043283510314177228 0.0082436432260844014 -0.024509551843360622 -0.044346851823620033 0.013507143248635101 -0.049855234289586728 0.048209591301919402 -0.01685672542074463
leaf_weight=11.656468247529117 279.90726756595541 28.456488322932273 13.926991968182845 70.033157761208713 25.02620884195494 5.408808931708335 49.327019488002406
leaf_count=70 1856 149 109 465 211 26 314
internal_value=0.000143575 -0.0111823 -0.00328355 0.00252303 -0.0353884 0.00518977 -0.0104271
internal_weight=483.742 149.099 112.417 98.4896 36.6827 334.643 54.7358
internal_count=3200 1004 723 614 281 2196 340
is_linear=0
shrinkage=0.1


Tree=269
num_leaves=8
num_cat=0
split_feature=11 5 0 7 0 1 7
split_gain=5.52035 5.14994 3.99548 3.31662 3.77155 3.09469 2.51652
threshold=0.99270154744239936 2.0000484954321047 6.4658779849990777 0.48341498956318052 7.4203697166452693 3.5000000000000004 0.5011997598043535
decision_type=2 2 2 2 2 2 2
left_child=-1 2 6 -3 -5 -4 -2
right_child=1 3 5 4 -6 -7 -8
leaf_value=-0.030749108091035145 0.038044931119639067 0.040950201175372278 -0.034169510102266674 0.022657498099470839 -0.013242185877960855 -0.0012837650958322717 -0.0024501935754880511
leaf_weight=56.413257596672338 22.489772841043305 40.244675797541277 65.144561765890103 70.702354880195344 49.931287718936801 51.031779105775058 48.311557715991512
leaf_count=494 129 317 790 463 365 362 280
internal_value=-0.0017318 0.00297406 -0.00831234 0.0160915 0.00779831 -0.0197241 0.0104129
internal_weight=404.269 347.856 186.978 160.878 120.634 116.176 70.8013
internal_count=3200 2706 1561 1145 828 1152 409
is_linear=0
shrinkage=0.1


Tree=270
num_leaves=8
num_cat=0
split_feature=0 6 2 1 3 11 3
split_gain=2.17425 1.99981 1.99897 1.94262 1.38444 1.10931 1.26881
threshold=7.5165000198740062 2.5000000000000004 1.5322700981394595 3.5000000000000004 103.84102436958894 0.82898943933265568 60.201014294899743
decision_type=2 2 2 2 2 2 2
left_child=4 2 -2 -4 5 6 -1
right_child=1 -3 3 -5 -6 -7 -8
leaf_value=-0.068722574821740476 -0.040868004285165724 -0.038848360191265613 0.032689332463212997 -0.019519244737428398 -0.057906336215731546 -0.067238657121315631 0.056725016059745552
leaf_weight=1.0279961114283631 4.9610314471537995 6.337284916866337 50.034995324487682 8.310712698954374 7.4672839748373008 1.5706276670957775 3.7378308193292469
leaf_count=75 144 185 639 295 1118 693 51
internal_value=0.00752355 0.0147098 0.0200712 0.0252528 -0.0287334 0.00564591 0.0296658
internal_weight=83.4478 69.644 63.3067 58.3457 13.8037 6.33645 4.76583
internal_count=3200 1263 1078 934 1937 819 126
is_linear=0
shrinkage=0.1


Tree=271
num_leaves=8
num_cat=0
split_feature=2 1 0 11 5 11 3
split_gain=2.94196 2.08784 3.41902 2.34325 2.25948 1.63497 1.7749
threshold=1.5000216059225264 3.5000000000000004 7.4955344668592083 23.069750156010077 2.0392468406228241 1.9919197354721005 65.461236249054011
decision_type=2 2 2 2 2 2 2
left_child=5 -2 4 -4 -3 -1 -7
right_child=1 2 3 -5 -6 6 -8
leaf_value=0.011179665730073816 0.0080188209141481039 -0.010564450363226849 0.0260738544469339 -0.016736646064029817 -0.049419397240012194 -0.06438405526889078 -0.01843669691504873
leaf_weight=13.186544108204542 283.82483899965882 55.455415425996762 37.286922025494277 19.457301870919764 20.498449589635129 10.754380864294943 38.520487357804086
leaf_count=84 1931 318 243 117 186 80 241
internal_value=0.000142901 0.0031778 -0.00717654 0.0113944 -0.0210506 -0.0200953 -0.0284648
internal_weight=478.984 416.523 132.698 56.7442 75.9539 62.4614 49.2749
internal_count=3200 2795 864 360 504 405 321
is_linear=0
shrinkage=0.1


Tree=272
num_leaves=8
num_cat=0
split_feature=1 2 4 10 5 0 11
split_gain=5.49853 4.28693 3.86133 2.7316 2.6013 2.58918 2.42538
threshold=3.5000000000000004 1.5000216059225264 1.5000000000000002 10.132174807232758 2.5108712915181375 7.4955344668592083 23.069750156010077
decision_type=2 2 2 2 2 2 2
left_child=1 -1 4 -4 -3 -2 -7
right_child=5 2 3 -5 -6 6 -8
leaf_value=0.018647140002646331 0.025808461136799778 -0.0070273357810766504 -0.035379115190638549 -0.0028697153041714299 0.040375448198112736 -0.017451050710254389 0.026255188484877415
leaf_weight=43.031890924961772 81.677502648264635 74.12770318496041 96.639577704045223 35.282668953761458 13.719217764795756 36.243769823107868 19.542942722793669
leaf_count=292 574 505 1066 266 94 278 125
internal_value=-0.00173952 -0.0102163 -0.0158679 -0.0266845 0.000375646 0.0144662 -0.00214008
internal_weight=400.265 262.801 219.769 131.922 87.8469 137.464 55.7867
internal_count=3200 2223 1931 1332 599 977 403
is_linear=0
shrinkage=0.1


Tree=273
num_leaves=8
num_cat=0
split_feature=3 10 4 5 11 11 2
split_gain=2.13099 2.07836 2.06363 2.06957 1.25667 0.797348 0.800606
threshold=60.201014294899743 10.023309895975331 1.5000000000000002 2.385961459695594 0.99270154744239936 0.95066812101378251 2.5115610705538036
decision_type=2 2 2 2 2 2 2
left_child=-1 2 4 -4 -2 6 -3
right_child=1 5 3 -5 -6 -7 -8
leaf_value=-0.036461261519989491 0.0040175444971299167 -0.046956005863846129 0.030830579395737048 -0.068604226863536483 -0.070909023729709419 -0.070121651689512246 0.037571376995652495
leaf_weight=9.685621864658513 6.1716444800840673 2.3471371464547683 52.91083958643685 2.1793839830115749 3.5124314387376216 3.5290519152908928 2.1441591614857316
leaf_count=786 91 40 1099 261 472 426 25
internal_value=0.00760452 0.0134676 0.0194134 0.0268969 -0.0231585 -0.0345516 -0.00660236
internal_weight=82.4803 72.7946 64.7743 55.0902 9.68408 8.02035 4.4913
internal_count=3200 2414 1923 1360 563 491 65
is_linear=0
shrinkage=0.1


Tree=274
num_leaves=8
num_cat=0
split_feature=6 10 7 5 0 7 14
split_gain=2.76024 1.93975 2.44548 2.58009 1.88633 1.89161 2.44915
threshold=2.5000000000000004 10.023309895975331 0.40518615742579617 1.9608774299271925 6.4995459286319752 0.50498409578820069 20.602800767016657
decision_type=2 2 2 2 2 2 2
left_child=1 -1 -3 -4 -2 -6 -7
right_child=4 2 3 -5 5 6 -8
leaf_value=0.0072706632609148437 -0.047663194008978879 -0.049622250640941348 0.012117047816512152 -0.025617595768938791 -0.034393216642911582 -0.021506307132944338 0.026807212931948366
leaf_weight=308.45035998895764 16.002322487722267 12.968371182563713 46.326711655943654 29.759776033344679 20.088225635787239 20.753100377391092 21.222023297101259
leaf_count=2148 132 97 275 205 131 102 110
internal_value=0.000140985 0.00351716 -0.00948349 -0.00264214 -0.0170503 -0.00915706 0.00292032
internal_weight=475.571 397.505 89.0549 76.0865 78.0657 62.0633 41.9751
internal_count=3200 2725 577 480 475 343 212
is_linear=0
shrinkage=0.1


Tree=275
num_leaves=8
num_cat=0
split_feature=3 7 11 5 0 5 6
split_gain=5.16804 4.28497 2.9711 3.10557 2.27834 2.41779 2.19432
threshold=60.201014294899743 0.5011997598043535 0.99270154744239936 2.5017166779461557 6.4995459286319752 2.4753991925028171 2.5000000000000004
decision_type=2 2 2 2 2 2 2
left_child=6 4 -3 -4 -2 -6 -1
right_child=1 2 3 -5 5 -7 -8
leaf_value=0.010756144269935063 0.029610090460031515 -0.055032020685236022 -0.020708005674477493 0.014981911643036994 -0.0098932066867851391 0.040911759527067472 0.051205394076516336
leaf_weight=97.918749502539868 31.223250469192863 19.750422351251473 127.63129222049611 30.138124068500474 64.464898635167629 10.959633910737464 15.540018325307754
leaf_count=655 215 252 1205 184 478 80 131
internal_value=-0.00174604 -0.00894976 -0.0184676 -0.0138903 0.00689313 -0.00251094 0.0162963
internal_weight=397.626 284.168 177.52 157.769 106.648 75.4245 113.459
internal_count=3200 2414 1641 1389 773 558 786
is_linear=0
shrinkage=0.1


Tree=276
num_leaves=8
num_cat=0
split_feature=5 11 0 6 0 4 11
split_gain=2.08128 2.16512 2.10707 2.14391 1.46953 1.38711 0.881044
threshold=1.9771269929954973 0.99270154744239936 7.5165000198740062 2.5000000000000004 6.4995459286319752 1.5000000000000002 0.95066812101378251
decision_type=2 2 2 2 2 2 2
left_child=1 4 -3 -4 -1 -6 -2
right_child=6 2 3 -5 5 -7 -8
leaf_value=-0.068164434732532239 -0.011149366887252054 -0.06746807122824279 0.014036997734661997 -0.077485554497324804 0.0015996005105081519 0.055632558965038374 -0.068149565269669976
leaf_weight=1.2717137003783161 7.8030599174526269 4.1366964469216319 36.308914346649544 2.7535770701579159 6.3525446981657323 18.846573937684298 4.1560178893896591
leaf_count=81 217 935 505 85 63 127 1187
internal_value=0.00758234 0.0141979 0.000398405 0.00758543 0.0367181 0.0420112 -0.0309581
internal_weight=81.6291 69.67 43.1992 39.0625 26.4708 25.1991 11.9591
internal_count=3200 1796 1525 590 271 190 1404
is_linear=0
shrinkage=0.1


Tree=277
num_leaves=8
num_cat=0
split_feature=4 0 5 7 11 5 1
split_gain=2.60229 2.73549 2.53162 3.03644 1.69994 1.2405 1.74021
threshold=1.5000000000000002 6.4995459286319752 2.5108712915181375 0.50498409578820069 2.9191735343591625 1.9916183403524281 3.5000000000000004
decision_type=2 2 2 2 2 2 2
left_child=1 5 3 -3 -4 6 -1
right_child=-2 2 4 -5 -6 -7 -8
leaf_value=-0.012653545301918654 0.0052033578992965786 -0.021024520572120176 0.011141853454727754 0.015724391073150816 -0.060409307947275198 -0.069107708419706884 -0.078188679692208607
leaf_weight=21.931379145593386 322.01712802707334 34.739514539018273 4.657332323491576 63.734320371411741 11.567732125928158 8.2398741768847668 4.9700874547124831
leaf_count=114 2257 194 22 371 76 126 40
internal_value=0.000137566 -0.0107492 -0.00327035 0.00276014 -0.0398709 -0.0351595 -0.0247613
internal_weight=471.857 149.84 114.699 98.4738 16.2251 35.1413 26.9015
internal_count=3200 943 663 565 98 280 154
is_linear=0
shrinkage=0.1


Tree=278
num_leaves=8
num_cat=0
split_feature=4 1 0 5 0 3 2
split_gain=5.34712 3.58488 2.8692 3.2217 2.3352 2.38341 2.259
threshold=1.5000000000000002 3.5000000000000004 7.6478072771402994 1.9608774299271925 6.4995459286319752 68.524451314651884 2.0699970138114745
decision_type=2 2 2 2 2 2 2
left_child=4 2 3 -2 -1 6 -6
right_child=1 -3 -4 -5 5 -7 -8
leaf_value=0.03637423599685978 -0.030184936370033125 0.0048808746872456765 -0.047688092532561913 0.001496524618905825 0.061215538369285886 -0.0035521312030299922 0.0073444616952612722
leaf_weight=34.945730841369368 59.700944966178213 96.187130563455867 29.562321105877345 69.421986527915578 13.056878531468099 72.450744469562778 19.27519025397487
leaf_count=280 557 712 558 430 73 482 108
internal_value=-0.00173302 -0.0103521 -0.0195856 -0.0131516 0.0139887 0.00652297 0.0290996
internal_weight=394.601 254.872 158.685 129.123 139.729 104.783 32.3321
internal_count=3200 2257 1545 987 943 663 181
is_linear=0
shrinkage=0.1


Tree=279
num_leaves=8
num_cat=0
split_feature=7 2 6 1 6 4 14
split_gain=2.16731 2.01202 1.96591 2.02272 0.764982 0.737071 0.642636
threshold=0.50498409578820069 1.5322700981394595 2.5000000000000004 3.5000000000000004 4.5000000000000009 3.5000000000000004 20.556500940522202
decision_type=2 2 2 2 2 2 2
left_child=-1 5 3 -3 -4 -2 -7
right_child=1 2 4 -5 -6 6 -8
leaf_value=-0.041592615469127715 -0.073553347138365574 0.030591541880841483 -0.051377300114369653 -0.021718521232727512 0.049476046883722341 0.040515062638394023 -0.072168247966179808
leaf_weight=8.0846312120524981 3.4165377945892024 52.34299143053795 5.1499793572611443 8.6076804925987727 0.88070828601848905 1.4268707942756012 0.78430362615472393
leaf_count=1030 228 1131 236 475 21 42 37
internal_value=0.0075215 0.0129901 0.0178152 0.0232041 -0.0366489 -0.044439 0.000546289
internal_weight=80.6937 72.6091 66.9814 60.9507 6.03069 5.62771 2.21117
internal_count=3200 2170 1863 1606 257 307 79
is_linear=0
shrinkage=0.1


Tree=280
num_leaves=8
num_cat=0
split_feature=10 0 6 10 2 11 4
split_gain=2.71715 2.26748 1.87158 2.2923 2.61989 1.68978 1.50022
threshold=10.023309895975331 7.4955344668592083 2.5000000000000004 5.8678833582741898 1.3241916094732635 0.95066812101378251 1.5000000000000002
decision_type=2 2 2 2 2 2 2
left_child=2 5 -1 6 -5 -2 -4
right_child=1 -3 3 4 -6 -7 -8
leaf_value=0.007367208872835789 0.010173654136235546 0.0027654572712055491 -0.082143694094787459 -0.078436130846778113 0.0077953630333871989 -0.035817486860451754 -0.021549705559131799
leaf_weight=304.00447086314671 9.6571096768602711 42.537759207654744 5.9534996369038735 3.840241823665564 42.692761551588774 46.243862218805589 13.025698678568004
leaf_count=2148 60 272 36 21 263 328 72
internal_value=0.000130481 -0.014633 0.00406345 -0.0112674 0.000678913 -0.0278723 -0.0405572
internal_weight=467.955 98.4387 369.517 65.5122 46.533 55.901 18.9792
internal_count=3200 660 2540 392 284 388 108
is_linear=0
shrinkage=0.1


Tree=281
num_leaves=8
num_cat=0
split_feature=10 3 2 6 6 5 7
split_gain=5.23714 4.52192 3.90271 2.97461 2.10602 1.99213 1.76775
threshold=10.023309895975331 59.518825958162374 1.5931802431101374 2.5000000000000004 2.5000000000000004 2.491318782546962 0.51379722854601895
decision_type=2 2 2 2 2 2 2
left_child=1 4 -3 -4 5 -1 -2
right_child=6 2 3 -5 -6 -7 -8
leaf_value=-0.0028224348711971825 0.038864231659449522 0.011475217375927422 -0.029711440999212968 0.0020559212419260699 0.047983173286512748 0.040766989815255977 0.0093791875861277546
leaf_weight=62.255299251759425 30.641251892753644 41.649657016387209 132.89078072655684 37.877294530568179 13.098371000931364 12.608080493751912 60.446135215752292
leaf_count=415 242 322 1375 232 107 89 418
internal_value=-0.0017064 -0.00807572 -0.0159712 -0.0226653 0.010991 0.00451866 0.0192978
internal_weight=391.467 300.379 212.418 170.768 87.9618 74.8634 91.0874
internal_count=3200 2540 1929 1607 611 504 660
is_linear=0
shrinkage=0.1


Tree=282
num_leaves=8
num_cat=0
split_feature=3 10 7 2 11 11 0
split_gain=1.98278 2.02023 1.87775 1.95233 0.750446 0.724452 0.73263
threshold=60.201014294899743 10.023309895975331 0.44244406443006573 1.5322700981394595 0.90829916485292028 0.95066812101378251 8.4765959620919222
decision_type=2 2 2 2 2 2 2
left_child=4 2 -2 -4 -1 6 -3
right_child=1 5 3 -5 -6 -7 -8
leaf_value=-0.012860685618553245 -0.068198263207350437 -0.046856293541924846 -0.039484973384578036 0.027797799058946405 -0.070840289053063943 -0.070021012485766296 0.034823322421428868
leaf_weight=5.6354165840893966 2.3673238516953452 2.3264875319146077 4.6743681854823071 55.734887789083587 3.6968271413397815 3.3460409754038665 2.0798698281869292
leaf_count=130 417 54 213 1293 656 426 11
internal_value=0.0074887 0.0132203 0.0191679 0.0225916 -0.0358284 -0.0349409 -0.00830223
internal_weight=79.8612 70.529 62.7766 60.4093 9.33224 7.7524 4.40636
internal_count=3200 2414 1923 1506 786 491 65
is_linear=0
shrinkage=0.1


Tree=283
num_leaves=8
num_cat=0
split_feature=2 5 11 0 0 1 0
split_gain=2.53758 1.91819 1.96429 2.3068 1.64923 3.07826 1.56079
threshold=1.5000216059225264 2.5017166779461557 0.73514652556132465 6.6114300995739885 6.4995459286319752 3.5000000000000004 6.8191191282139227
decision_type=2 2 2 2 2 2 2
left_child=-1 4 -3 -4 5 -2 -6
right_child=1 2 3 -5 6 -7 -8
leaf_value=-0.018870468412763831 0.0057292644177760763 0.0215133993945162 -0.077028609041528473 -0.013846532197339133 0.03152089869770975 -0.032732167871937355 0.0073987985299094677
leaf_weight=61.110585588117829 78.972669576178305 12.674666887149213 6.7315402565873219 40.820136553025804 30.850970535539091 28.253994951141067 205.46550177969038
leaf_count=405 468 65 114 240 224 193 1491
internal_value=0.000120548 0.00299484 -0.0134669 -0.0227908 0.00588074 -0.00440524 0.0105479
internal_weight=464.88 403.769 60.2263 47.5517 343.543 107.227 236.316
internal_count=3200 2795 419 354 2376 661 1715
is_linear=0
shrinkage=0.1


Tree=284
num_leaves=8
num_cat=0
split_feature=11 5 0 1 0 1 5
split_gain=4.82203 4.8141 3.6669 3.33539 3.15458 2.56425 2.11723
threshold=0.99270154744239936 2.0000484954321047 7.4955344668592083 3.5000000000000004 7.4832713567626712 2.5000000000000004 2.2809968807248997
decision_type=2 2 2 2 2 2 2
left_child=6 2 3 -2 -3 -6 -1
right_child=1 4 -4 -5 5 -7 -8
leaf_value=-0.046136269027594642 -0.011793124069846971 0.028202375841863386 -0.034373096067052654 0.020837709024090038 -0.02283994553930084 0.016523273688143401 -0.0059397933446362662
leaf_weight=31.524146327639755 90.637312451377511 87.697602306303452 41.594691388949286 47.868645606213249 29.255863429047167 38.10344802448526 22.425108930794522
leaf_count=356 671 676 609 281 233 236 138
internal_value=-0.00168102 0.00278529 -0.00833513 -0.000515676 0.0157018 -0.000573174 -0.0294278
internal_weight=389.107 335.158 180.101 138.506 155.057 67.3593 53.9493
internal_count=3200 2706 1561 952 1145 469 494
is_linear=0
shrinkage=0.1


Tree=285
num_leaves=8
num_cat=0
split_feature=5 11 0 4 0 4 7
split_gain=1.95343 1.98466 1.98231 2.129 1.35161 1.26599 0.875327
threshold=1.9771269929954973 0.99270154744239936 7.5165000198740062 1.5000000000000002 6.4995459286319752 1.5000000000000002 0.66387128134968487
decision_type=2 2 2 2 2 2 2
left_child=1 4 -3 -4 -1 -6 -2
right_child=6 2 3 -5 5 -7 -8
leaf_value=-0.068128000681271381 -0.0062177006057514625 -0.067458175897650491 -0.071088254175618246 0.014608124848183551 0.0017033167408788807 0.053879901026431733 -0.061503379742227172
leaf_weight=1.1962054738542089 6.5324560551853192 3.9011695904300714 3.1644508136159848 34.562317953794263 6.2191053524147746 18.434249464888126 5.0993628235564756
leaf_count=81 874 935 156 434 63 127 530
internal_value=0.00739304 0.0139173 0.000402845 0.00742007 0.0356808 0.0407177 -0.0304548
internal_weight=79.1093 67.4775 41.6279 37.7268 25.8496 24.6534 11.6318
internal_count=3200 1796 1525 590 271 190 1404
is_linear=0
shrinkage=0.1


Tree=286
num_leaves=8
num_cat=0
split_feature=7 0 4 5 1 11 4
split_gain=2.61866 2.38423 2.24821 2.07091 1.75937 1.36335 1.36071
threshold=0.5011997598043535 6.4995459286319752 1.5000000000000002 2.0000484954321047 3.5000000000000004 21.079454279059878 2.5000000000000004
decision_type=2 2 2 2 2 2 2
left_child=1 5 4 -4 -3 -1 -7
right_child=-2 2 3 -5 -6 6 -8
leaf_value=-0.0076068540629121092 0.0051558698729241943 -0.010670083325575395 0.02286931219068742 -0.011193903851215105 -0.06048024712305175 -0.075520766177720008 -0.025935546921213939
leaf_weight=12.618594842962919 318.59846400347305 26.010091347852722 37.053038540296257 34.434897937258938 9.7491883091279288 10.248797873631704 12.030820049898464
leaf_count=79 2196 158 300 205 60 110 92
internal_value=0.000120229 -0.0111664 -0.00377862 0.00646146 -0.02425 -0.0338702 -0.0487451
internal_weight=460.744 142.145 107.247 71.4879 35.7593 34.8982 22.2796
internal_count=3200 1004 723 505 218 281 202
is_linear=0
shrinkage=0.1


Tree=287
num_leaves=8
num_cat=0
split_feature=7 3 10 5 4 11 5
split_gain=5.02279 3.79701 2.90506 2.57554 2.12351 2.07367 2.43851
threshold=0.5011997598043535 59.518825958162374 10.023309895975331 2.0138694309368339 1.5000000000000002 20.066657760540327 2.0000484954321047
decision_type=2 2 2 2 2 2 2
left_child=4 -2 3 -3 -1 -6 -7
right_child=1 2 -4 -5 5 6 -8
leaf_value=0.032119864064060089 0.0084301461174758965 -0.043586460294767593 0.0031021007527003448 -0.014475804188024922 -0.02515862853189605 -0.002459004921306884 0.034317071695407007
leaf_weight=43.228312612394802 76.799636290117633 50.704776008322369 46.44823168264702 75.866503543860745 18.028335727052763 43.922129215206951 30.584878155234037
leaf_count=307 549 778 325 544 140 336 221
internal_value=-0.00166048 -0.0100743 -0.018288 -0.0261376 0.0138218 0.00527377 0.0126375
internal_weight=385.583 249.819 173.02 126.571 135.764 92.5353 74.507
internal_count=3200 2196 1647 1322 1004 697 557
is_linear=0
shrinkage=0.1


Tree=288
num_leaves=8
num_cat=0
split_feature=7 3 10 5 11 11 10
split_gain=1.89739 1.85418 1.76309 1.83368 0.859484 0.813036 0.644202
threshold=0.50498409578820069 60.201014294899743 10.023309895975331 2.385961459695594 0.95066812101378251 0.90829916485292028 8.7343225798736395
decision_type=2 2 2 2 2 2 2
left_child=-1 5 3 -3 -4 6 -2
right_child=1 2 4 -5 -6 -7 -8
leaf_value=-0.039984426302120797 0.012755188883697633 0.027769378121407725 0.0021863803055287693 -0.068421507454891825 -0.069957110007511245 -0.07081033414857256 -0.073553635982539542
leaf_weight=7.6410330385233456 3.8538985695922729 53.532523114119613 3.6807884435402221 2.0579650750914871 2.9951073901065683 3.271545651773522 1.1149886675411833
leaf_count=1030 57 1048 44 256 275 452 38
internal_value=0.0073481 0.0124777 0.0183771 0.0242084 -0.0301804 -0.0320995 -0.006612
internal_weight=78.1478 70.5068 62.2664 55.5905 6.6759 8.24043 4.96889
internal_count=3200 2170 1623 1304 319 547 95
is_linear=0
shrinkage=0.1


Tree=289
num_leaves=8
num_cat=0
split_feature=6 2 0 0 4 11 5
split_gain=2.65462 2.05058 1.93126 1.7295 1.74365 2.14314 1.82146
threshold=2.5000000000000004 1.4889255073677694 6.4995459286319752 6.4995459286319752 1.5000000000000002 20.74699746163439 1.6292009289501299
decision_type=2 2 2 2 2 2 2
left_child=1 2 -1 -2 5 -5 -6
right_child=3 -3 -4 4 6 -7 -8
leaf_value=-0.051183186495914738 -0.047189047430017506 0.006302648541945035 -0.0045573814198529424 0.028125120391410331 0.034253478495554185 -0.053431014010063338 -0.011730501636254675
leaf_weight=11.622905898257157 15.233389420078309 333.05194169815513 37.693234481354011 4.1633896720595684 12.297396849840878 14.251325491699388 28.759185978589812
leaf_count=92 132 2395 238 26 72 80 165
internal_value=0.000116136 0.00348468 -0.0155462 -0.0171254 -0.00942468 -0.034992 0.00204276
internal_weight=457.073 382.368 49.3161 74.7047 59.4713 18.4147 41.0566
internal_count=3200 2725 330 475 343 106 237
is_linear=0
shrinkage=0.1


Tree=290
num_leaves=8
num_cat=0
split_feature=6 2 1 0 7 10 5
split_gain=4.92535 4.22544 3.9015 3.36239 2.52097 1.56449 2.13876
threshold=2.5000000000000004 1.4889255073677694 3.5000000000000004 6.5846298480311711 0.5011997598043535 10.060621358099215 1.2667778238299572
decision_type=2 2 2 2 2 2 2
left_child=1 -1 3 -3 -4 6 -2
right_child=5 2 4 -5 -6 -7 -8
leaf_value=0.021437902664917526 -0.044241799223627087 -0.0048386743883232705 0.026229739175644667 -0.033100601823187761 -0.0074825489720974948 0.058973721981601647 0.022354968695167784
leaf_weight=44.929718129162211 5.3008778690127647 74.578284334507771 34.016170350048924 96.653100958785217 63.755928617814789 10.087200722162377 53.414443314082746
leaf_count=330 42 510 233 1160 492 80 353
internal_value=-0.00163904 -0.00694975 -0.0116911 -0.0207914 0.00424639 0.0225927 0.0163425
internal_weight=382.736 313.933 269.003 171.231 97.7721 68.8025 58.7153
internal_count=3200 2725 2395 1670 725 475 395
is_linear=0
shrinkage=0.1


Tree=291
num_leaves=8
num_cat=0
split_feature=0 11 4 1 3 10 3
split_gain=1.89063 2.016 1.67845 1.96418 1.26067 1.11992 0.776749
threshold=7.5931295456569572 0.99270154744239936 1.5000000000000002 3.5000000000000004 168.69175771584943 9.6276950669302259 103.84102436958894
decision_type=2 2 2 2 2 2 2
left_child=6 4 -3 -4 5 -2 -1
right_child=1 2 3 -5 -6 -7 -8
leaf_value=0.0015443915246079077 0.034138499241795246 -0.070694373960709225 0.014510194203498625 -0.069396307051986517 0.070352291041324164 -0.036015381606895262 -0.043091089526642021
leaf_weight=6.9473378882103125 12.67898038798012 3.0072452750846415 31.866554576830822 3.0576036318743709 8.050080369692294 2.7732653424609444 8.8845212673754741
leaf_count=851 99 273 492 235 55 34 1161
internal_value=0.00730981 0.0152508 0.000991479 0.0071642 0.0382644 0.0215478 -0.0235041
internal_weight=77.2656 61.4337 37.9314 34.9242 23.5023 15.4522 15.8319
internal_count=3200 1188 1000 727 188 133 2012
is_linear=0
shrinkage=0.1


Tree=292
num_leaves=8
num_cat=0
split_feature=3 0 11 1 10 11 5
split_gain=2.46954 1.93519 1.60042 1.39101 1.84998 1.8932 1.36795
threshold=61.195655702033065 7.4955344668592083 1.2505835731946233 1.5000000000000002 10.023309895975331 21.265213343336743 1.6460195683459939
decision_type=2 2 2 2 2 2 2
left_child=1 2 -1 -2 -5 -6 -4
right_child=3 -3 6 4 5 -7 -8
leaf_value=0.0037095184542195411 0.01451935048106087 0.0023883293340456299 -0.01399568893909953 0.0051064519483296315 0.014140783080288278 -0.027950540132832276 -0.046830146603477084
leaf_weight=16.539707332383841 98.198692667589057 51.397073462605476 23.057654646923766 183.66036274866201 14.863641135860233 38.018551974819275 28.215006883729075
leaf_count=97 733 327 134 1322 95 252 240
internal_value=0.000112931 -0.0122466 -0.0233389 0.00451447 0.000361023 -0.0161199 -0.0320643
internal_weight=453.951 119.209 67.8124 334.741 236.543 52.8822 51.2727
internal_count=3200 798 471 2402 1669 347 374
is_linear=0
shrinkage=0.1


Tree=293
num_leaves=8
num_cat=0
split_feature=4 3 6 0 1 0 7
split_gain=4.76129 3.36147 3.02189 2.50261 2.23585 2.16076 2.20794
threshold=1.5000000000000002 60.201014294899743 2.5000000000000004 6.4995459286319752 3.5000000000000004 8.1062692529321669 0.26236685757716111
decision_type=2 2 2 2 2 2 2
left_child=4 -2 3 -3 5 6 -1
right_child=1 2 -4 -5 -6 -7 -8
leaf_value=0.088297005587350749 0.0078401165875527697 -0.0093881851947812695 0.0070572618612934459 -0.036988251407906084 0.03434438151368216 -0.027197242977952448 0.0087202252715046346
leaf_weight=3.6534650395624331 74.661342068051454 59.127362693310715 38.598034843336791 73.931193044551037 37.305947830820514 16.695428252103738 76.385869927195017
leaf_count=20 542 399 245 1071 265 131 527
internal_value=-0.00161969 -0.00987315 -0.0175775 -0.0247236 0.0135472 0.00552668 0.0123526
internal_weight=380.359 246.318 171.657 133.059 134.041 96.7348 80.0393
internal_count=3200 2257 1715 1470 943 678 547
is_linear=0
shrinkage=0.1


Tree=294
num_leaves=8
num_cat=0
split_feature=2 1 6 10 11 11 4
split_gain=1.85488 1.93675 1.8776 1.95363 0.761383 0.754472 0.703807
threshold=1.5322700981394595 3.5000000000000004 2.5000000000000004 10.023309895975331 0.99270154744239936 1.1006630792856298 1.5000000000000002
decision_type=2 2 2 2 2 2 2
left_child=-1 2 3 -2 6 -4 -3
right_child=1 4 5 -5 -6 -7 -8
leaf_value=-0.047080531790157108 0.030781078540967701 -0.080188207775331935 -0.0030270474616997303 -0.028204644847529055 -0.06906205535137129 -0.076544707775685283 0.0059662515093019675
leaf_weight=5.7823202232370923 48.973855861067932 1.1588453468430069 3.054797626566141 6.3421430210964891 3.2674481877406834 2.5705557725464132 5.2163011940428987
leaf_count=441 1295 43 45 351 710 216 99
internal_value=0.00737086 0.0118316 0.0184207 0.0240182 -0.0298115 -0.0366216 -0.00969452
internal_weight=76.3663 70.5839 60.9414 55.316 9.64259 5.62535 6.37515
internal_count=3200 2759 1907 1646 852 261 142
is_linear=0
shrinkage=0.1


Tree=295
num_leaves=8
num_cat=0
split_feature=5 0 11 4 0 7 0
split_gain=2.71996 2.13452 2.93676 2.6188 2.07665 1.70051 2.3071
threshold=2.5017166779461557 6.4995459286319752 0.99270154744239936 1.5000000000000002 6.8552399053425495 0.4878097083800001 7.5165000198740062
decision_type=2 2 2 2 2 2 2
left_child=1 2 -1 -4 -3 -2 -7
right_child=5 4 3 -5 -6 6 -8
leaf_value=0.02885575789435503 -0.053677099534623844 0.029937925326383882 -0.043176295040429857 -0.0054476193219697823 0.0046042167348089406 -0.031073168304006245 0.010905732709524042
leaf_weight=18.08661021431908 11.568863499240249 37.544985814020038 24.663750959211029 72.412437728024088 234.15154754673131 27.833362080447841 24.719085570424795
leaf_count=112 129 283 196 443 1686 210 141
internal_value=0.00010725 0.003269 -0.00814032 -0.0150332 0.00810501 -0.0189683 -0.0113276
internal_weight=450.981 386.859 115.163 97.0762 271.697 64.1213 52.5524
internal_count=3200 2720 751 639 1969 480 351
is_linear=0
shrinkage=0.1


Tree=296
num_leaves=8
num_cat=0
split_feature=10 5 0 1 0 7 7
split_gain=4.4946 3.98032 3.21786 2.82545 2.73525 2.79926 1.71541
threshold=10.023309895975331 2.0052380963768948 6.4995459286319752 3.5000000000000004 7.4467876921224336 0.5011997598043535 0.51379722854601895
decision_type=2 2 2 2 2 2 2
left_child=1 4 -3 -4 5 -1 -2
right_child=6 2 3 -5 -6 -7 -8
leaf_value=0.0059855674464391242 0.037752663863765717 0.029371736474003887 -0.016586913853039006 0.0166450261593694 -0.047664129030709018 -0.025925133548521891 0.0082441224761123279
leaf_weight=46.835967327322578 29.572150407184381 36.949414694929146 71.446796958160121 39.856858767365338 27.962452322590252 66.550865459721535 59.014263488468714
leaf_count=286 242 298 538 232 594 592 418
internal_value=-0.00161626 -0.00764566 0.00380164 -0.00468685 -0.0196521 -0.012744 0.0180947
internal_weight=378.189 289.602 148.253 111.304 141.349 113.387 88.5864
internal_count=3200 2540 1068 770 1472 878 660
is_linear=0
shrinkage=0.1


Tree=297
num_leaves=8
num_cat=0
split_feature=5 2 0 10 11 11 7
split_gain=1.88461 1.80611 1.78265 1.20583 1.19464 0.81962 0.926642
threshold=1.9771269929954973 1.5547736549055824 8.0616163321096419 10.023309895975331 1.0509214359361982 0.95066812101378251 0.66732712351024248
decision_type=2 2 2 2 2 2 2
left_child=1 -1 3 -3 -4 6 -2
right_child=5 2 4 -5 -6 -7 -8
leaf_value=-0.042923728860712551 0.016709946454473722 0.0082444588797093588 0.063192938563374851 -0.054410862436518576 0.021611188937518892 -0.068177551542710282 -0.056271848451900155
leaf_weight=5.1493700046730728 4.5647495749726641 24.06570919126489 10.203557879664006 3.5210430758679641 21.400378232854564 3.8192160197049816 2.8111161133274436
leaf_count=258 126 940 56 243 299 1187 91
internal_value=0.00729172 0.0138806 0.0188223 0.000247429 0.0350362 -0.0305755 -0.0111051
internal_weight=75.5351 64.3401 59.1907 27.5868 31.6039 11.1951 7.37587
internal_count=3200 1796 1538 1183 355 1404 217
is_linear=0
shrinkage=0.1


Tree=298
num_leaves=8
num_cat=0
split_feature=5 0 1 10 0 13 0
split_gain=2.37002 1.8148 2.84793 2.82879 1.8269 1.69766 1.61114
threshold=2.5017166779461557 6.4995459286319752 3.5000000000000004 9.8787065830019909 6.8552399053425495 1.5000000000000002 6.6114300995739885
decision_type=2 2 2 2 2 2 2
left_child=1 2 3 -1 -3 -2 -7
right_child=5 4 -4 -5 -6 6 -8
leaf_value=0.011500614543493586 0.013900551118198386 0.028194167256838744 -0.034532547966908939 -0.032222105318335206 0.0042587250539663979 -0.069704928440614794 -0.018855555817275157
leaf_weight=66.165829738834873 13.316977895636226 36.966730314306915 29.052852820968837 19.060015568102244 232.12196120899171 7.2966233951447057 42.668796688405564
leaf_count=414 94 283 221 116 1686 121 265
internal_value=0.000103601 0.00306316 -0.00749462 0.00172241 0.00754692 -0.0178255 -0.0262813
internal_weight=446.65 383.367 114.279 85.2258 269.089 63.2824 49.9654
internal_count=3200 2720 751 530 1969 480 386
is_linear=0
shrinkage=0.1


Tree=299
num_leaves=8
num_cat=0
split_feature=4 1 7 3 0 0 11
split_gain=4.47342 3.40241 2.5132 2.22703 2.11932 2.10178 2.10143
threshold=1.5000000000000002 3.5000000000000004 0.49885618854686931 59.518825958162374 7.377109380993037 7.4955344668592083 0.99270154744239936
decision_type=2 2 2 2 2 2 2
left_child=3 2 -2 -1 -4 6 -5
right_child=1 -3 4 5 -6 -7 -8
leaf_value=0.035563574684347385 -0.0024622388751945794 0.0054755957256780565 -0.021303540951639693 -0.024238126531027308 -0.058384456532209653 -0.014425663672464756 0.024305305918511332
leaf_weight=33.343842542177299 57.368452850845642 92.159282644846826 73.559655332588591 10.686115466058252 19.499038939655293 34.071385179995559 53.888752496306552
leaf_count=240 448 712 591 68 506 255 380
internal_value=-0.00159395 -0.00965491 -0.0189246 0.0132214 -0.0290733 0.00566944 0.0162721
internal_weight=374.577 242.586 150.427 131.99 93.0587 98.6463 64.5749
internal_count=3200 2257 1545 943 1097 703 448
is_linear=0
shrinkage=0.1


Tree=300
num_leaves=8
num_cat=0
split_feature=3 7 4 11 11 11 11
split_gain=1.81515 1.78963 1.83552 1.66341 0.970831 0.761125 0.631505
threshold=60.201014294899743 0.50498409578820069 1.5000000000000002 0.99270154744239936 0.99270154744239936 0.49957186544062365 0.90829916485292028
decision_type=2 2 2 2 2 2 2
left_child=6 5 4 -4 -3 -2 -1
right_child=1 2 3 -5 -6 -7 -8
leaf_value=-0.014776231896451546 -0.0013223944315071301 -0.00033251857244313778 0.051088091828049381 0.012714961625206883 -0.070625442999136021 -0.06913039025490636 -0.07059016923099766
leaf_weight=5.3045109732047404 3.1900405829364891 5.8853113255463523 17.004602787666954 33.652675784491294 2.9494986407298711 3.4409160514740051 3.2810778399398259
leaf_count=130 72 75 174 985 389 719 656
internal_value=0.00715146 0.0127681 0.0182606 0.025596 -0.0237998 -0.0365091 -0.0361061
internal_weight=74.7086 66.123 59.4921 50.6573 8.83481 6.63096 8.58559
internal_count=3200 2414 1623 1159 464 791 786
is_linear=0
shrinkage=0.1


Tree=301
num_leaves=8
num_cat=0
split_feature=2 5 11 0 3 14 0
split_gain=2.54317 1.81369 1.84183 1.88755 1.39655 2.56952 2.19856
threshold=1.5000216059225264 2.5017166779461557 0.73514652556132465 6.6114300995739885 71.381742680431813 18.733656154457176 7.4955344668592083
decision_type=2 2 2 2 2 2 2
left_child=-1 4 -3 -4 6 -6 -2
right_child=1 2 3 -5 5 -7 -8
leaf_value=-0.019309376678966508 -0.015005499374723903 0.021055426179984921 -0.075937332060103682 -0.014839317786362599 0.030360849087802379 0.0046314476618476274 0.01531045125287641
leaf_weight=58.567705453941016 64.40484266311978 12.217356985434888 5.8064483972921144 39.145777916855877 49.884303849888965 174.90798897336936 38.057800243608654
leaf_count=405 397 65 114 240 407 1306 266
internal_value=0.000102429 0.00305985 -0.0133739 -0.0227313 0.00593073 0.0103411 -0.00374522
internal_weight=442.992 384.425 57.1696 44.9522 327.255 224.792 102.463
internal_count=3200 2795 419 354 2376 1713 663
is_linear=0
shrinkage=0.1


Tree=302
num_leaves=8
num_cat=0
split_feature=2 3 11 0 7 0 0
split_gain=4.49195 4.18248 3.35407 3.32845 1.85955 1.72313 1.70984
threshold=1.5000216059225264 60.201014294899743 0.99270154744239936 7.4710417129703481 0.55901644510028459 7.3415857625121221 6.4995459286319752
decision_type=2 2 2 2 2 2 2
left_child=-1 4 -3 -4 5 -2 -6
right_child=1 2 3 -5 6 -7 -8
leaf_value=0.02516211296934381 0.048575484779932426 -0.045709915054678855 -0.0010045412087475987 -0.030557741543547776 0.026340867440750284 0.0076552064046856343 -0.012607682439222462
leaf_weight=53.800814030779293 19.987660142614914 28.309888886531553 143.08413804788142 51.944500598008744 16.186588716082042 21.211110913194716 37.117404464283027
leaf_count=405 159 317 1085 707 117 139 271
internal_value=-0.0015597 -0.00608289 -0.0135448 -0.00887583 0.0115519 0.0275078 -0.000780348
internal_weight=371.642 317.841 223.339 195.029 94.5028 41.1988 53.304
internal_count=3200 2795 2109 1792 686 298 388
is_linear=0
shrinkage=0.1


Tree=303
num_leaves=8
num_cat=0
split_feature=1 5 2 6 11 7 4
split_gain=1.8154 1.82136 1.71286 1.70241 0.924418 0.866259 0.821599
threshold=3.5000000000000004 1.9771269929954973 1.5547736549055824 2.5000000000000004 0.95066812101378251 0.66732712351024248 3.5000000000000004
decision_type=2 2 2 2 2 2 2
left_child=1 2 6 -4 5 -3 -1
right_child=-2 4 3 -5 -6 -7 -8
leaf_value=-0.073128330417122786 -0.032835522281299087 0.023991261645812653 0.03169191267496508 -0.031583588744044939 -0.068138994401426997 -0.052515785986366241 0.015218333135912684
leaf_weight=2.7293573096521859 9.8469517955920747 4.0680256558116508 45.210500557830528 4.6933924482937064 3.4385263644280712 2.3262182371108793 1.7134841651859458
leaf_count=145 977 81 914 145 833 64 41
internal_value=0.00714424 0.0132783 0.0204438 0.0257409 -0.0263266 -0.00384191 -0.0390554
internal_weight=74.0265 64.1795 54.3467 49.9039 9.83277 6.39424 4.44284
internal_count=3200 2223 1245 1059 978 145 186
is_linear=0
shrinkage=0.1


Tree=304
num_leaves=8
num_cat=0
split_feature=6 10 5 0 11 11 4
split_gain=2.35961 1.77605 2.30814 1.89372 1.86946 1.60069 1.7943
threshold=2.5000000000000004 10.023309895975331 2.0000484954321047 6.9281776707425839 0.95066812101378251 0.86506100286114507 1.5000000000000002
decision_type=2 2 2 2 2 2 2
left_child=1 -1 3 -3 -4 -2 -7
right_child=5 2 4 -5 -6 6 -8
leaf_value=0.0070917364908239583 0.018097476433542141 -0.017534839694784143 0.019978718654195777 0.020589939545213324 -0.043311488479932096 -0.051120348018045193 -0.01241523602031324
leaf_weight=284.86055975654745 11.2968408674933 23.973895646515302 5.7499155998230007 28.537652060389519 24.781604457995854 16.428106497332919 44.208687639256823
leaf_count=2148 67 130 33 201 213 131 277
internal_value=0.000101598 0.00334031 -0.00952809 0.00318425 -0.0313922 -0.0164628 -0.0229015
internal_weight=439.837 367.904 83.0431 52.5115 30.5315 71.9336 60.6368
internal_count=3200 2725 577 331 246 475 408
is_linear=0
shrinkage=0.1


Tree=305
num_leaves=8
num_cat=0
split_feature=6 10 7 5 5 5 7
split_gain=4.45847 4.15588 3.59188 2.93834 2.01177 1.99771 1.69944
threshold=2.5000000000000004 10.023309895975331 0.49885618854686931 2.0052380963768948 2.0052380963768948 2.0000484954321047 0.41931874710202877
decision_type=2 2 2 2 2 2 2
left_child=1 2 4 -4 -1 6 -3
right_child=-2 5 3 -5 -6 -7 -8
leaf_value=-0.010922158885139921 0.021948629994419853 0.043461872263236938 -0.041304036201331412 -0.011697231244705619 0.019938725621751651 0.033487481444705244 -0.0080477454317969873
leaf_weight=48.191053458955139 66.230794042508933 7.6685591395944348 55.328504939308914 85.048539092240389 37.607569704850903 30.130180232779821 38.876915467903018
leaf_count=393 475 46 852 651 252 246 285
internal_value=-0.00155399 -0.00669379 -0.0135144 -0.0233665 0.0026049 0.0134254 0.000438677
internal_weight=369.082 302.851 226.176 140.377 85.7986 76.6757 46.5455
internal_count=3200 2725 2148 1503 645 577 331
is_linear=0
shrinkage=0.1


Tree=306
num_leaves=8
num_cat=0
split_feature=0 6 7 2 3 10 1
split_gain=1.74852 1.5866 1.60828 1.60249 1.11459 0.966007 0.848912
threshold=7.5165000198740062 2.5000000000000004 0.4903838084916482 1.4749605050482142 103.84102436958894 9.6068424898978844 2.5000000000000004
decision_type=2 2 2 2 2 2 2
left_child=4 2 5 -4 6 -2 -1
right_child=1 -3 3 -5 -6 -7 -8
leaf_value=0.025841026875417936 -0.069655077873902724 -0.036943423089998394 -0.042974896600897372 0.028978879908100469 -0.056547436050210009 0.024868618592686909 -0.067959764232238221
leaf_weight=4.3084272344658512 3.0855150986608342 5.5507563567784919 3.3101570866801913 47.661150351308606 6.332279299977472 1.6643957708893138 1.2432380121408639
leaf_count=432 209 185 97 692 1118 80 387
internal_value=0.00723234 0.014041 0.0191199 0.0243061 -0.0278721 -0.0365334 0.00483531
internal_weight=73.1559 61.272 55.7212 50.9713 11.8839 4.74991 5.55167
internal_count=3200 1263 1078 789 1937 289 819
is_linear=0
shrinkage=0.1


Tree=307
num_leaves=8
num_cat=0
split_feature=1 0 11 5 5 3 2
split_gain=2.30246 2.63696 1.96973 1.7473 1.72646 1.67305 1.34907
threshold=3.5000000000000004 7.4955344668592083 0.99270154744239936 1.9916183403524281 2.4701993603035164 128.47674986581248 1.9600843080016224
decision_type=2 2 2 2 2 2 2
left_child=-1 2 5 -4 6 -2 -3
right_child=1 4 3 -5 -6 -7 -8
leaf_value=0.0049721288341237442 -0.013967284047916043 -0.0092439140937174407 -0.020147957215351068 -0.057427399882695129 -0.027646452182677628 0.059880122326372034 0.02647305533289622
leaf_weight=300.92522680146067 8.8857753342017514 16.241190391592681 45.330945306224748 17.398125049632654 12.65157724614255 4.6856125574558964 30.312707658857107
leaf_count=2223 58 98 280 201 71 35 234
internal_value=9.81036e-05 -0.0107259 -0.0230141 -0.0304875 0.00511045 0.011529 0.0140125
internal_weight=436.431 135.506 76.3005 62.7291 59.2055 13.5714 46.5539
internal_count=3200 977 574 481 403 93 332
is_linear=0
shrinkage=0.1


Tree=308
num_leaves=8
num_cat=0
split_feature=1 4 0 5 4 5 0
split_gain=4.57885 3.37025 2.36388 2.64506 2.2294 2.0591 1.90739
threshold=3.5000000000000004 1.5000000000000002 7.6478072771402994 1.9608774299271925 1.5000000000000002 2.0052380963768948 7.4955344668592083
decision_type=2 2 2 2 2 2 2
left_child=1 5 3 -3 -2 -1 -6
right_child=4 2 -4 -5 6 -7 -8
leaf_value=-0.0081178886992580145 0.034807618977966651 -0.029111910251689712 -0.046031124437793253 0.00063639512612355929 0.01654026091748077 0.021851285959620655 -0.013529925567284476
leaf_weight=51.474537647271063 36.153398898328305 55.651009078195784 26.694325320571807 64.565833122556796 57.111302424978931 41.336727724963566 33.448962035996374
leaf_count=378 265 557 558 430 413 300 299
internal_value=-0.00156072 -0.00968784 -0.0191121 -0.0131347 0.0138145 0.00522993 0.00543366
internal_weight=366.436 239.722 146.911 120.217 126.714 92.8113 90.5603
internal_count=3200 2223 1545 987 977 678 712
is_linear=0
shrinkage=0.1


Tree=309
num_leaves=8
num_cat=0
split_feature=4 11 0 3 0 5 11
split_gain=1.68996 1.67637 1.83236 1.81085 1.11465 1.12799 0.708751
threshold=1.5000000000000002 0.99270154744239936 7.5165000198740062 60.201014294899743 6.4995459286319752 1.9568838083625171 0.99270154744239936
decision_type=2 2 2 2 2 2 2
left_child=6 4 -3 -4 -2 -6 -1
right_child=1 2 3 -5 5 -7 -8
leaf_value=-0.012959511747980421 -0.067987153678146478 -0.067379527303901912 -0.071072354556891135 0.014155505715190085 0.051577435453221514 0.00079817075740387482 -0.07020746124928276
leaf_weight=6.9993117210542533 1.0244397906353722 3.6157046711950889 2.7056991383215054 31.709780168850557 17.142334980424497 5.873347079344966 3.1295200976931028
leaf_count=154 90 1148 185 584 126 124 789
internal_value=0.00722598 0.0134062 0.000340328 0.007455 0.0340762 0.0386191 -0.0306475
internal_weight=72.2001 62.0713 38.0312 34.4155 24.0401 23.0157 10.1288
internal_count=3200 2257 1917 769 340 250 943
is_linear=0
shrinkage=0.1


Tree=310
num_leaves=8
num_cat=0
split_feature=7 0 10 3 5 5 10
split_gain=2.2834 2.19814 1.88515 1.94619 1.7125 1.47506 1.78588
threshold=0.5011997598043535 7.5428128395364782 9.7999698496501662 57.553479785450229 2.5887014831259756 2.491318782546962 10.617984549898424
decision_type=2 2 2 2 2 2 2
left_child=1 2 3 -1 -3 -2 -7
right_child=5 4 -4 -5 -6 6 -8
leaf_value=-0.048974163635064821 0.0080847986706165404 0.012273928120233592 -0.053472660738662227 -0.0056327540499197457 -0.04208111029674657 -0.0035560494892995405 -0.060533017577300834
leaf_weight=12.796907303611077 249.56844490270305 45.33624514285475 14.650599651984519 54.41632911664783 6.6460095709189764 43.197128988962504 6.3039428809424853
leaf_count=98 1849 326 147 386 47 297 50
internal_value=9.85111e-05 -0.0107575 -0.0209694 -0.0138846 0.00532455 0.00495705 -0.010812
internal_weight=432.916 133.846 81.8638 67.2132 51.9823 299.07 49.5011
internal_count=3200 1004 631 484 373 2196 347
is_linear=0
shrinkage=0.1


Tree=311
num_leaves=8
num_cat=0
split_feature=3 7 4 0 11 0 5
split_gain=4.33344 3.64717 2.44678 2.09382 2.07018 1.94619 2.00114
threshold=60.201014294899743 0.5011997598043535 1.5000000000000002 7.8845323167923551 21.756428854884756 6.4995459286319752 2.4753991925028171
decision_type=2 2 2 2 2 2 2
left_child=-1 5 4 -4 -3 -2 -7
right_child=1 2 3 -5 -6 6 -8
leaf_value=0.015645465397427252 0.028792841228838031 -0.030448466865484448 -0.021982451757170094 -0.065557643614235092 0.0092004864024704484 -0.0091964174927825389 0.039441619001447839
leaf_weight=104.45406393715166 28.44729711781838 18.628990781784523 85.350645759794133 12.663117034142486 44.928393046953715 59.420547105371952 9.8632704402116342
leaf_count=786 215 173 821 350 297 478 80
internal_value=-0.00155149 -0.00847889 -0.0177027 -0.0276123 -0.00242082 0.00677006 -0.00227229
internal_weight=363.756 259.302 161.571 98.0138 63.5574 97.7311 69.2838
internal_count=3200 2414 1641 1171 470 773 558
is_linear=0
shrinkage=0.1


Tree=312
num_leaves=8
num_cat=0
split_feature=1 5 10 7 11 11 5
split_gain=1.65894 1.63984 1.6476 1.65763 0.906752 0.835553 0.798358
threshold=3.5000000000000004 1.9771269929954973 10.023309895975331 0.44244406443006573 0.95066812101378251 0.99270154744239936 2.385961459695594
decision_type=2 2 2 2 2 2 2
left_child=1 2 3 -1 6 -4 -3
right_child=-2 4 5 -5 -6 -7 -8
leaf_value=-0.068750635851904898 -0.031694088244002314 0.016572492213570707 0.0049136063108762276 0.030295408951679682 -0.06810346720405526 -0.069825488858746815 -0.069165616277964928
leaf_weight=1.7561395032207645 9.4659497365262251 4.8129116170166508 3.2972299614339127 44.675385383245157 3.2280321645216645 2.7378774564667765 1.4025379299418999
leaf_count=212 977 62 36 781 833 216 83
internal_value=0.00729447 0.0132558 0.0201605 0.0265493 -0.0251057 -0.0289924 -0.00277461
internal_weight=71.3761 61.9101 52.4666 46.4315 9.44348 6.03511 6.21545
internal_count=3200 2223 1245 993 978 252 145
is_linear=0
shrinkage=0.1


Tree=313
num_leaves=8
num_cat=0
split_feature=2 5 4 0 0 6 5
split_gain=2.35318 1.64041 1.61496 1.72394 1.38894 1.52696 1.63858
threshold=1.5000216059225264 2.5017166779461557 1.5000000000000002 7.8525452731202456 6.4995459286319752 1.5000000000000002 2.0191942913340166
decision_type=2 2 2 2 2 2 2
left_child=4 -2 -3 -4 -1 6 -6
right_child=1 2 3 -5 5 -7 -8
leaf_value=-0.050439378957449814 0.0057766112953107594 -0.040061693049501419 -0.016144437070499468 0.028932971822092438 0.026681166381600275 -0.032848442170724669 -0.022613042228329924
leaf_weight=11.149688455232534 316.80711589817656 15.673856594487004 27.310360057090293 12.307441953569649 14.720526091754438 19.014401192718651 12.443737452384083
leaf_count=109 2376 132 207 80 105 111 80
internal_value=9.71621e-05 0.00300278 -0.0128906 -0.00214094 -0.0187622 -0.0111139 0.00409987
internal_weight=429.427 372.099 55.2917 39.6178 57.3284 46.1787 27.1643
internal_count=3200 2795 419 287 405 296 185
is_linear=0
shrinkage=0.1


Tree=314
num_leaves=8
num_cat=0
split_feature=2 4 5 1 0 5 0
split_gain=4.16466 3.83049 2.8756 2.45758 2.14305 2.65804 1.98158
threshold=1.5000216059225264 1.5000000000000002 2.0000484954321047 3.5000000000000004 6.4995459286319752 2.5108712915181375 7.4601620251490344
decision_type=2 2 2 2 2 2 2
left_child=-1 4 6 -4 -2 -6 -3
right_child=1 2 3 -5 5 -7 -8
leaf_value=0.024399695650877851 0.031688192388463078 -0.021287086270392604 -0.014348538384760032 0.017706410167537635 -0.0077161072188206064 0.039995037420548815 -0.062537200323954906
leaf_weight=52.772869541149703 29.820663847800461 76.309629088849761 69.177523787657265 36.55681017988536 68.526732771773823 14.075125082046723 13.742845184233373
leaf_count=405 252 657 559 260 496 90 481
internal_value=-0.0015579 -0.00600247 -0.0144502 -0.00326579 0.00870945 0.000413738 -0.0275822
internal_weight=360.982 308.209 195.787 105.734 112.423 82.6019 90.0525
internal_count=3200 2795 1957 819 838 586 1138
is_linear=0
shrinkage=0.1


Tree=315
num_leaves=8
num_cat=0
split_feature=3 10 2 1 14 3 4
split_gain=1.66266 1.55076 1.55103 1.66204 0.629269 0.773126 0.603939
threshold=60.201014294899743 10.023309895975331 1.5322700981394595 3.5000000000000004 17.656064961049143 241.1202527802497 3.5000000000000004
decision_type=2 2 2 2 2 2 2
left_child=-1 2 6 -4 -3 -6 -2
right_child=1 4 3 -5 5 -7 -8
leaf_value=-0.035705331927827495 -0.073037061605655054 0.046978463530977461 0.030444411480885405 -0.020328552738480103 -0.060703157132927212 0.038897179821300733 0.0021232886239646981
leaf_weight=7.9947106181257359 2.3863650463945296 0.85870483950929966 43.947895698838693 7.5557104722795421 4.8658538520408001 0.92797302177132213 1.9367665959789517
leaf_count=786 203 64 1145 502 385 42 73
internal_value=0.00723388 0.0127283 0.0181667 0.0229959 -0.0329103 -0.0447506 -0.0393652
internal_weight=70.474 62.4793 55.8267 51.5036 6.65253 5.79383 4.32313
internal_count=3200 2414 1923 1647 491 427 276
is_linear=0
shrinkage=0.1


Tree=316
num_leaves=8
num_cat=0
split_feature=10 7 0 5 11 7 6
split_gain=2.25143 1.69827 1.99862 2.76434 1.55185 2.09753 1.5052
threshold=10.023309895975331 0.51379722854601895 6.4118064104967951 2.1075199693398963 22.795522397287815 0.37493032492098327 2.5000000000000004
decision_type=2 2 2 2 2 2 2
left_child=6 4 -3 -4 5 -2 -1
right_child=1 2 3 -5 -6 -7 -8
leaf_value=0.0069898645564494561 -0.054528081986973648 -0.03675248381082178 0.022565940505328414 -0.028843291948054378 -0.060543320918390264 0.018604656916072528 -0.010480387214806158
leaf_weight=275.79413001282956 6.9844220093364155 14.744322690559782 31.394001124426723 15.685292679845587 12.492502982728181 8.9437993569154042 60.055803988499974
leaf_count=2148 69 101 218 99 94 79 392
internal_value=9.7857e-05 -0.0139251 -0.00462397 0.00543805 -0.0341578 -0.0134636 0.00386588
internal_weight=426.094 90.2443 61.8236 47.0793 28.4207 15.9282 335.85
internal_count=3200 660 418 317 242 148 2540
is_linear=0
shrinkage=0.1


Tree=317
num_leaves=8
num_cat=0
split_feature=11 3 10 6 5 0 5
split_gain=4.21992 4.0934 3.78116 3.22738 1.99991 2.06459 1.65094
threshold=0.99270154744239936 59.518825958162374 10.023309895975331 2.5000000000000004 1.9843315728718514 6.5973233459812821 2.5332365322884285
decision_type=2 2 2 2 2 2 2
left_child=6 4 3 -3 5 -2 -1
right_child=1 2 -4 -5 -6 -7 -8
leaf_value=-0.040147177779167174 0.040701422847471247 -0.018851708349960333 0.018515219514983874 0.014368349973438567 0.040932124681616104 -0.0038319840667757291 0.00059723789661363384
leaf_weight=35.45137902800343 14.724510759653638 133.15322350940551 55.389691006712383 37.475805637979647 32.89620603837102 35.530132632236928 13.822146774269639
leaf_count=407 107 1397 428 241 284 249 87
internal_value=-0.00153859 0.00279303 -0.00418615 -0.0115555 0.0217637 0.00921622 -0.0287176
internal_weight=358.443 309.17 226.019 170.629 83.1508 50.2546 49.2735
internal_count=3200 2706 2066 1638 640 356 494
is_linear=0
shrinkage=0.1


Tree=318
num_leaves=8
num_cat=0
split_feature=6 7 4 5 11 11 10
split_gain=1.59995 1.66089 1.71145 1.67769 0.905775 0.643749 0.709016
threshold=2.5000000000000004 0.50498409578820069 1.5000000000000002 1.9771269929954973 0.99270154744239936 0.49957186544062365 7.7164279508395248
decision_type=2 2 2 2 2 2 2
left_child=1 5 4 -4 -3 6 -1
right_child=-2 2 3 -5 -6 -7 -8
leaf_value=-0.070668694151487063 -0.041417440813100823 -0.0011585540656371708 0.032661532266356555 -0.017636808749079351 -0.07036709991555766 -0.069022559506848338 0.029520485364612294
leaf_weight=1.0760942752822296 6.1671217686782702 5.7325028792838548 40.879160139978922 7.9153955551819299 2.8219435829551003 3.1318580520480737 2.0556666304182727
leaf_count=38 475 91 743 591 443 779 40
internal_value=0.00721417 0.0119289 0.017269 0.0245022 -0.0239891 -0.0369644 -0.0049052
internal_weight=69.7797 63.6126 57.349 48.7946 8.55445 6.26362 3.13176
internal_count=3200 2725 1868 1334 534 857 78
is_linear=0
shrinkage=0.1


Tree=319
num_leaves=8
num_cat=0
split_feature=1 0 5 4 3 7 1
split_gain=2.22629 2.25615 1.69179 2.19852 1.54242 1.33131 1.21181
threshold=3.5000000000000004 7.4955344668592083 2.0392468406228241 2.5000000000000004 59.518825958162374 0.36203169094652304 5.5000000000000009
decision_type=2 2 2 2 2 2 2
left_child=-1 2 3 -2 6 -6 -3
right_child=1 4 -4 -5 5 -7 -8
leaf_value=0.0049627374471980686 -0.033191494380276125 -0.037810175712076163 -0.047439836404166956 0.0069100979559803995 -0.028557611235027355 0.022036143401480572 0.025906272489945932
leaf_weight=291.67949400255748 27.393981597560924 12.077294662594797 19.570135371548531 27.291124308714643 6.1105392426252356 34.941277789184824 3.9648325080052009
leaf_count=2223 181 78 219 174 40 261 24
internal_value=9.4556e-05 -0.0107159 -0.0222081 -0.0131784 0.00423054 0.0145053 -0.0220626
internal_weight=423.029 131.349 74.2552 54.6851 57.0939 41.0518 16.0421
internal_count=3200 977 574 355 403 301 102
is_linear=0
shrinkage=0.1


Tree=320
num_leaves=8
num_cat=0
split_feature=1 0 5 7 10 4 0
split_gain=4.27087 3.05377 3.28799 2.64303 2.34403 1.9861 1.65443
threshold=3.5000000000000004 7.7169078330252239 2.0052380963768948 0.5011997598043535 10.173005445963009 1.5000000000000002 6.4995459286319752
decision_type=2 2 2 2 2 2 2
left_child=1 2 3 -1 -4 -2 -7
right_child=5 -3 4 -5 -6 6 -8
leaf_value=0.0024179715070289944 0.033562574982106651 -0.032009450244982744 0.0034574504387556507 -0.030963200211460248 0.049240332767930765 0.028188989135368072 -0.0028391644168127088
leaf_weight=41.985002941568382 35.349366352911602 47.822982308716746 75.616191174078267 54.519764574604778 13.123858145612756 23.47969619264768 64.094480713494704
leaf_count=284 265 713 518 583 125 189 523
internal_value=-0.00152645 -0.00948099 -0.00366502 -0.0164405 0.0102283 0.0135557 0.00547986
internal_weight=355.991 233.068 185.245 96.5048 88.74 122.924 87.5742
internal_count=3200 2223 1510 867 643 977 712
is_linear=0
shrinkage=0.1


Tree=321
num_leaves=8
num_cat=0
split_feature=0 11 6 3 3 3 10
split_gain=1.61661 1.48114 1.49311 1.6667 0.968975 0.887605 0.874251
threshold=7.5165000198740062 0.99270154744239936 2.5000000000000004 60.201014294899743 103.84102436958894 168.69175771584943 9.6276950669302259
decision_type=2 2 2 2 2 2 2
left_child=4 5 3 -3 -1 6 -2
right_child=1 2 -4 -5 -6 -7 -8
leaf_value=0.0033884732400587935 0.030429712468230077 -0.07075187527815506 -0.07580759563103176 0.013170807601389493 -0.055765227352246829 0.061057722277642924 -0.034418143040803387
leaf_weight=5.2643771931682277 12.28105700411834 2.5671859761332589 2.3559126842851574 30.265919404668239 5.8423539939358307 7.8505659650545558 2.5025988559937096
leaf_count=819 106 225 158 677 1118 62 35
internal_value=0.00721525 0.0139271 0.00109117 0.00660898 -0.0277275 0.0338828 0.0194522
internal_weight=68.93 57.8232 35.189 32.8331 11.1067 22.6342 14.7837
internal_count=3200 1263 1060 902 1937 203 141
is_linear=0
shrinkage=0.1


Tree=322
num_leaves=8
num_cat=0
split_feature=7 0 11 5 5 10 5
split_gain=2.12438 1.89225 1.72431 1.46687 1.38364 1.2995 1.20565
threshold=0.5011997598043535 7.5428128395364782 1.1509870052539599 1.9916183403524281 2.5887014831259756 7.5049727279085054 2.491318782546962
decision_type=2 2 2 2 2 2 2
left_child=1 2 -1 -4 5 -3 -2
right_child=6 4 3 -5 -6 -7 -8
leaf_value=0.012342106462758833 0.0077246117660123821 0.032590230609265768 -0.017377804315668769 -0.050376113306170901 -0.039194422405352258 -0.0027384605367654414 -0.0096432708544055088
leaf_weight=13.586964588379486 241.86269343587628 17.022105433512479 47.333200891924207 18.830574790634273 6.283757626079022 26.810359708033502 47.882004592960584
leaf_count=94 1849 151 311 226 47 175 347
internal_value=9.08858e-05 -0.0105371 -0.020106 -0.0267693 0.00469004 0.0109812 0.00485447
internal_weight=419.612 129.867 79.7507 66.1638 50.1162 43.8325 289.745
internal_count=3200 1004 631 537 373 326 2196
is_linear=0
shrinkage=0.1


Tree=323
num_leaves=8
num_cat=0
split_feature=7 3 0 5 5 11 5
split_gain=3.9677 3.11773 2.30186 2.23609 1.95567 1.75383 2.027
threshold=0.5011997598043535 59.518825958162374 6.4658779849990777 2.0138694309368339 2.5176479064829391 0.95066812101378251 2.0000484954321047
decision_type=2 2 2 2 2 2 2
left_child=5 -2 3 -3 -4 -1 -7
right_child=1 2 4 -5 -6 6 -8
leaf_value=-0.015519933648858543 0.0080797105822378052 -0.018020380689448851 -0.03585055882661476 0.020604745138379781 -0.0042556461681796864 0.0071357705476664318 0.035736505592914102
leaf_weight=18.529491473338567 70.995247831771849 36.376471678726375 68.671412923225944 25.491394833719824 27.411335726268589 66.273699757657596 39.578386288623733
leaf_count=140 549 263 1044 170 170 509 355
internal_value=-0.00151555 -0.00932629 -0.0171499 -0.00210568 -0.0268369 0.0128615 0.0178297
internal_weight=353.327 228.946 157.951 61.8679 96.0827 124.382 105.852
internal_count=3200 2196 1647 433 1214 1004 864
is_linear=0
shrinkage=0.1


Tree=324
num_leaves=8
num_cat=0
split_feature=5 2 4 6 11 11 7
split_gain=1.49764 1.49271 1.48992 1.47657 0.924225 0.699527 0.751421
threshold=1.9771269929954973 1.5547736549055824 1.5000000000000002 2.5000000000000004 0.99270154744239936 0.95066812101378251 0.66732712351024248
decision_type=2 2 2 2 2 2 2
left_child=1 -1 4 -4 -3 6 -2
right_child=5 2 3 -5 -6 -7 -8
leaf_value=-0.041654830785407403 0.014588225133465929 0.0021433866730959567 0.030995681699137623 -0.029317639075973914 -0.070133609407131273 -0.067981508853152295 -0.054113079211425857
leaf_weight=4.539295891375331 4.3200771577539836 5.3497383720823555 41.130612435979856 4.5035073690669369 2.6433964892803488 3.1017647783717166 2.5211258069612086
leaf_count=258 126 82 930 157 369 1187 91
internal_value=0.007276 0.0134069 0.0180676 0.0250435 -0.0217592 -0.0285897 -0.0107296
internal_weight=68.1095 58.1666 53.6273 45.6341 7.99313 9.94297 6.8412
internal_count=3200 1796 1538 1087 451 1404 217
is_linear=0
shrinkage=0.1


Tree=325
num_leaves=8
num_cat=0
split_feature=6 2 10 10 3 0 0
split_gain=2.32486 1.76912 1.5987 1.89277 1.85076 1.56537 1.52808
threshold=2.5000000000000004 1.4889255073677694 10.060621358099215 6.4267834922380036 64.404640018837313 7.377109380993037 6.4995459286319752
decision_type=2 2 2 2 2 2 2
left_child=1 5 3 6 -5 -1 -2
right_child=2 -3 -4 4 -6 -7 -8
leaf_value=-0.031771008062145653 -0.079739353625797454 0.0061791603866509226 -0.055015196699486291 -0.037445969823403133 0.015211258987830349 0.0055455529865714127 -0.01873246319077785
leaf_weight=24.994944533129456 5.4810561617778175 301.94584101068176 9.4085759764930099 8.6907589581132907 28.773863082780736 20.428860708649154 16.362155039067147
leaf_count=182 37 2395 80 72 180 148 106
internal_value=8.65814e-05 0.0034112 -0.0167198 -0.0106446 0.00299623 -0.0149883 -0.0340408
internal_weight=416.086 347.37 68.7164 59.3078 37.4646 45.4238 21.8432
internal_count=3200 2725 475 395 252 330 143
is_linear=0
shrinkage=0.1


Tree=326
num_leaves=8
num_cat=0
split_feature=4 6 3 0 0 7 11
split_gain=4.27261 3.28108 2.97297 2.17857 1.88141 1.81575 1.7502
threshold=1.5000000000000002 2.5000000000000004 60.201014294899743 6.4995459286319752 7.4955344668592083 0.55749393386481472 0.99270154744239936
decision_type=2 2 2 2 2 2 2
left_child=4 2 5 -4 6 -2 -1
right_child=1 -3 3 -5 -6 -7 -8
leaf_value=-0.0082172354583357494 0.02224373542456471 0.014571917668679147 -0.0098671751503045437 -0.036803967977231324 -0.002412670955447397 -0.012752203176429472 0.030234805838579099
leaf_weight=14.591916163451968 26.247878387861419 44.714037592668319 54.5690957478364 66.753977559823397 46.900052255426999 34.070059524179669 62.70163187354774
leaf_count=101 192 322 399 1071 346 273 496
internal_value=-0.00151645 -0.00969407 -0.0156676 -0.0246882 0.0133881 0.00247659 0.0229756
internal_weight=350.549 226.355 181.641 121.323 124.194 60.3179 77.2935
internal_count=3200 2257 1935 1470 943 465 597
is_linear=0
shrinkage=0.1


Tree=327
num_leaves=8
num_cat=0
split_feature=0 11 10 1 11 14 0
split_gain=1.49636 1.50826 1.35283 1.55632 1.019 1.42847 0.603887
threshold=7.5931295456569572 0.99270154744239936 10.023309895975331 3.5000000000000004 0.73514652556132465 20.679006657769651 6.4995459286319752
decision_type=2 2 2 2 2 2 2
left_child=6 4 3 -3 5 -2 -1
right_child=1 2 -4 -5 -6 -7 -8
leaf_value=-0.067422629817274982 0.050979224646884584 0.013911608985125907 -0.069554738950192166 -0.069017978029137006 0.075607465780678632 -0.0082670372428396369 -0.012518008592290226
leaf_weight=2.4306684474429394 8.7709704593289697 27.357199911895808 2.4983339841121497 2.4670482733376948 4.8674382242024867 7.5922899799770667 11.392634592958983
leaf_count=884 75 528 222 250 36 77 1128
internal_value=0.00716023 0.0147316 0.00113051 0.00705171 0.0354386 0.0234899 -0.0221724
internal_weight=67.3766 53.5533 32.3226 29.8242 21.2307 16.3633 13.8233
internal_count=3200 1188 1000 778 188 152 2012
is_linear=0
shrinkage=0.1


Tree=328
num_leaves=8
num_cat=0
split_feature=10 0 5 0 11 2 7
split_gain=2.16237 1.52782 1.35734 1.7561 1.75528 1.2808 1.30377
threshold=10.023309895975331 7.4955344668592083 2.5447302893091477 6.3580492561623156 20.566913181428259 1.7379089392495715 0.49276985163102244
decision_type=2 2 2 2 2 2 2
left_child=2 -2 5 -4 -5 6 -1
right_child=1 -3 3 4 -6 -7 -8
leaf_value=-0.025630151443780249 -0.025450623947725348 0.0012826927240017422 -0.062581661479729322 0.028888354744597701 -0.017679635363878139 0.010265369701338045 0.0040166059025333991
leaf_weight=21.847937564074527 49.521794525418954 37.616408482776023 5.9939002793362297 11.277152772992848 28.677023193697096 212.10984024185746 46.202871226909338
leaf_count=154 388 272 84 67 201 1701 333
internal_value=8.36286e-05 -0.0139102 0.00382286 -0.0121078 -0.00453572 0.00643559 -0.00550158
internal_weight=413.247 87.1382 326.109 45.9481 39.9542 280.161 68.0508
internal_count=3200 660 2540 352 268 2188 487
is_linear=0
shrinkage=0.1


Tree=329
num_leaves=8
num_cat=0
split_feature=10 4 5 0 0 5 0
split_gain=4.01129 3.20824 2.61983 2.32306 1.85946 2.10358 1.60688
threshold=10.023309895975331 1.5000000000000002 2.0052380963768948 7.6056436190306398 6.4995459286319752 2.9283756406846275 6.4478105868604585
decision_type=2 2 2 2 2 2 2
left_child=1 4 6 -4 -1 -6 -3
right_child=-2 2 3 -5 5 -7 -8
leaf_value=0.02980501633629723 0.018026678111656962 -0.015326838601361987 0.0050899371276449581 -0.03017788843334215 -0.0051822286798921223 0.072034025633219992 -0.044720840882904483
leaf_weight=26.008143502673192 80.903907389038068 37.697081809164956 67.480062838847516 25.824319184321212 70.04002274479717 3.7152498133655163 36.708230353075123
leaf_count=220 660 274 469 278 507 22 770
internal_value=-0.001484 -0.00738549 -0.0158324 -0.00467131 0.00681446 -0.00129264 -0.0298285
internal_weight=348.377 267.473 167.71 93.3044 99.7634 73.7553 74.4053
internal_count=3200 2540 1791 747 749 529 1044
is_linear=0
shrinkage=0.1


Tree=330
num_leaves=8
num_cat=0
split_feature=3 7 5 4 11 11 10
split_gain=1.5231 1.5126 1.44043 1.4519 0.624356 0.52519 0.500178
threshold=60.201014294899743 0.50498409578820069 2.385961459695594 1.5000000000000002 0.49957186544062365 0.90829916485292028 7.7164279508395248
decision_type=2 2 2 2 2 2 2
left_child=5 4 3 -3 6 -1 -2
right_child=1 2 -4 -5 -6 -7 -8
leaf_value=-0.015179311858087095 -0.070144060966304753 -0.019688246271245002 -0.068501361119156445 0.027967887189624535 -0.068995914140434308 -0.070160985514175642 0.023077937166700813
leaf_weight=4.7857351888378608 0.79917248198762481 7.4803748488720876 1.8615654925206389 43.975673585307959 2.8791067154148777 2.7274397758080795 2.0569510002678726
leaf_count=130 32 370 316 937 719 656 40
internal_value=0.00726908 0.0126646 0.0179136 0.0210399 -0.0361334 -0.0351388 -0.00300653
internal_weight=66.566 59.0528 53.3176 51.456 5.73523 7.51317 2.85612
internal_count=3200 2414 1623 1307 791 786 72
is_linear=0
shrinkage=0.1


Tree=331
num_leaves=8
num_cat=0
split_feature=1 11 0 5 2 2 13
split_gain=2.21677 1.96108 1.98488 2.02737 1.64581 1.18027 1.60739
threshold=3.5000000000000004 0.95066812101378251 7.4955344668592083 2.0000484954321047 1.7379089392495715 1.4889255073677694 5.5000000000000009
decision_type=2 2 2 2 2 2 2
left_child=5 -2 4 -4 -3 6 -1
right_child=1 2 3 -5 -6 -7 -8
leaf_value=-0.019214365375657894 0.014980212282232461 -0.063269157233575832 0.022549339464280744 -0.020438443191460771 -0.020733274337255643 0.0076889403844254828 0.034979597534097011
leaf_weight=34.602126666635741 23.855229338398203 11.216681615960622 20.213112854398787 23.993864681338891 48.120458055309427 241.35994994078646 6.5011924877762786
leaf_count=230 156 122 196 141 362 1939 54
internal_value=8.2321e-05 -0.0108683 -0.0168235 -0.000782793 -0.028774 0.00502137 -0.0106427
internal_weight=409.863 127.399 103.544 44.207 59.3371 282.463 41.1033
internal_count=3200 977 821 337 484 2223 284
is_linear=0
shrinkage=0.1


Tree=332
num_leaves=8
num_cat=0
split_feature=1 4 0 5 11 2 7
split_gain=4.26157 2.88622 2.28672 1.93675 1.84135 1.83852 1.99619
threshold=3.5000000000000004 1.5000000000000002 6.4995459286319752 1.9608774299271925 0.99270154744239936 1.5000216059225264 0.5011997598043535
decision_type=2 2 2 2 2 2 2
left_child=1 -1 3 -3 -2 -6 -7
right_child=4 2 -4 -5 5 6 -8
leaf_value=0.004551343672673033 -0.015065165587172309 -0.020241930168117227 -0.029682377762047015 0.016190296333698853 0.059058777941685341 0.036583082338020101 0.004523661107306687
leaf_weight=88.426343816281587 18.640893949777819 32.051831686403602 79.203589888118586 26.785846552927978 10.356230767982195 28.289337529946351 61.960622151957068
leaf_count=678 161 239 1130 176 95 235 486
internal_value=-0.00149723 -0.00955374 -0.0185892 -0.00365616 0.0138033 0.0191522 0.0145729
internal_weight=345.715 226.468 138.041 58.8377 119.247 100.606 90.25
internal_count=3200 2223 1545 415 977 816 721
is_linear=0
shrinkage=0.1


Tree=333
num_leaves=8
num_cat=0
split_feature=10 2 5 0 3 11 14
split_gain=1.42404 1.491 1.51905 1.46739 0.949841 0.795426 0.537177
threshold=10.023309895975331 1.4749605050482142 1.9771269929954973 6.4995459286319752 187.36984717407657 0.95066812101378251 17.656064961049143
decision_type=2 2 2 2 2 2 2
left_child=1 4 3 -3 -1 -4 -2
right_child=6 2 5 -5 -6 -7 -8
leaf_value=-0.072434323254307723 0.036251256739693448 -0.067512651062789406 -0.0018231337977540698 0.026862081666686854 0.058024567443212771 -0.068025466104525881 -0.047211725923649819
leaf_weight=3.0695939068551747 0.88813699772435839 1.709755751322972 5.7390194572581077 45.270090137806619 0.68210389866817411 2.6542937856385151 5.8534488107322886
leaf_count=247 84 353 151 921 63 805 576
internal_value=0.0073281 0.0122932 0.0164267 0.0234275 -0.0487153 -0.0227589 -0.0362163
internal_weight=65.8664 59.1249 55.3732 46.9798 3.7517 8.39331 6.74159
internal_count=3200 2540 2230 1274 310 956 660
is_linear=0
shrinkage=0.1


Tree=334
num_leaves=8
num_cat=0
split_feature=6 3 10 0 0 7 14
split_gain=2.22637 1.80728 1.7249 1.59545 1.40128 1.48297 1.7471
threshold=2.5000000000000004 50.486380263069819 10.198449443953892 6.4995459286319752 6.4995459286319752 0.4903838084916482 20.602800767016657
decision_type=2 2 2 2 2 2 2
left_child=1 2 3 -1 -2 -6 -7
right_child=4 -3 -4 -5 5 6 -8
leaf_value=-0.030147590170024715 -0.045414446162845692 0.0074117245938072522 -0.040773205550897335 0.0061275405907523905 -0.035131073190212012 -0.020158245176507696 0.022736904528458321
leaf_weight=16.093440362950787 13.454040897226148 259.9853676427374 14.664502761406764 49.163885509769898 15.74415563129878 18.918641771713737 19.062421008944511
leaf_count=120 132 2160 117 328 118 111 114
internal_value=8.11458e-05 0.00336885 -0.0097826 -0.00281845 -0.0165537 -0.00932626 0.00137052
internal_weight=407.086 339.907 79.9218 65.2573 67.1793 53.7252 37.9811
internal_count=3200 2725 565 448 475 343 225
is_linear=0
shrinkage=0.1


Tree=335
num_leaves=8
num_cat=0
split_feature=3 6 5 0 0 10 8
split_gain=4.05777 3.451 2.99192 3.45624 1.73298 1.62837 2.04959
threshold=60.201014294899743 2.5000000000000004 1.9608774299271925 6.5680912693492166 7.4601620251490344 10.198449443953892 2.6856063902050762
decision_type=2 2 2 2 2 2 2
left_child=5 2 4 -4 -2 6 -1
right_child=1 -3 3 -5 -6 -7 -8
leaf_value=0.014966269715344697 -0.022532783137233153 0.015253452280736985 0.023838897268951161 -0.015075450908952218 -0.063167334841340961 0.042344344464352979 -0.0361355332445321
leaf_weight=72.286530685389152 74.379479035618715 49.097119583777385 32.687174121208955 75.635997460005456 12.219754692856439 18.434025225709775 8.8046144007093954
leaf_count=562 690 344 271 643 466 151 73
internal_value=-0.00150114 -0.00844189 -0.0144103 -0.00333281 -0.0282666 0.0155164 0.0094178
internal_weight=343.545 244.02 194.922 108.323 86.5992 99.5252 81.0911
internal_count=3200 2414 2070 914 1156 786 635
is_linear=0
shrinkage=0.1


Tree=336
num_leaves=8
num_cat=0
split_feature=1 6 7 2 11 11 11
split_gain=1.40922 1.37823 1.4089 1.41373 0.747527 0.621266 0.611347
threshold=3.5000000000000004 2.5000000000000004 0.50498409578820069 1.5322700981394595 0.53275511680426757 0.99270154744239936 1.1006630792856298
decision_type=2 2 2 2 2 2 2
left_child=1 2 4 -4 -1 -2 -3
right_child=5 6 3 -5 -6 -7 -8
leaf_value=0.0083012512167745297 -0.011638613606779001 -0.0060062324065036296 -0.036514858389945004 0.028662540565069186 -0.068936643448352833 -0.068722915002106547 -0.07523766662107341
leaf_weight=2.3897737825172944 5.8944583649499673 2.9481142407457801 3.6102455556670057 42.554419743760263 2.6343007294126437 2.8180011774447848 2.2481736342438126
leaf_count=45 161 49 192 1131 543 816 263
internal_value=0.00732762 0.0131112 0.0180924 0.0235654 -0.0321973 -0.0301022 -0.0359592
internal_weight=65.0975 56.385 51.1887 46.1647 5.02407 8.71246 5.19629
internal_count=3200 2223 1911 1323 588 977 312
is_linear=0
shrinkage=0.1


Tree=337
num_leaves=8
num_cat=0
split_feature=2 7 1 0 0 10 4
split_gain=2.09115 1.47029 1.88737 1.61162 1.60877 1.221 1.75178
threshold=1.5000216059225264 0.50930754827664593 3.5000000000000004 7.7888432112715744 7.4040312851196664 9.3362403022967762 2.5000000000000004
decision_type=2 2 2 2 2 2 2
left_child=5 2 3 -2 -4 6 -1
right_child=1 -3 4 -5 -6 -7 -8
leaf_value=-0.029399416796742239 -0.0053994725210842615 0.0074458811233609271 -0.047507591596725414 0.028648325012724175 -0.0058959171224887211 -0.042457694956002968 0.0131029069396442
leaf_weight=20.099065260379575 59.618511429958744 234.75166843360057 17.009078098808459 18.129826341755688 20.475480830064043 15.033197661839948 18.738145787850954
leaf_count=134 456 1867 163 168 141 113 158
internal_value=8.16631e-05 0.00290479 -0.00634629 0.00254 -0.0247777 -0.0182596 -0.00889293
internal_weight=403.855 349.985 115.233 77.7483 37.4846 53.8704 38.8372
internal_count=3200 2795 928 624 304 405 292
is_linear=0
shrinkage=0.1


Tree=338
num_leaves=8
num_cat=0
split_feature=4 1 2 7 1 5 9
split_gain=3.75635 2.66626 2.0611 1.84774 1.77502 1.67822 1.70247
threshold=1.5000000000000002 3.5000000000000004 1.4889255073677694 0.48341498956318052 3.5000000000000004 2.0052380963768948 6.6927333468876045
decision_type=2 2 2 2 2 2 2
left_child=4 2 -2 -4 5 -1 -7
right_child=1 -3 3 -5 -6 6 -8
leaf_value=-0.0073005329377388963 0.0078344743969003487 0.004755396196708294 -0.0069233379486016607 -0.033700065292437076 0.032043954931129881 -0.0049619075437897509 0.03766797910138743
leaf_weight=48.617881201847922 25.255338329588994 83.547293531592004 40.82894147123443 69.874172300464124 33.893585914418509 15.6536291934608 23.330378692007798
leaf_count=378 208 712 346 991 265 128 172
internal_value=-0.00149557 -0.00930397 -0.0179435 -0.0238244 0.0126119 0.0050935 0.0205504
internal_weight=341.001 219.506 135.958 110.703 121.495 87.6019 38.984
internal_count=3200 2257 1545 1337 943 678 300
is_linear=0
shrinkage=0.1


Tree=339
num_leaves=8
num_cat=0
split_feature=3 10 5 11 11 2 11
split_gain=1.44066 1.36621 1.32425 1.5114 0.547235 0.524782 0.510204
threshold=60.201014294899743 10.023309895975331 2.385961459695594 0.99270154744239936 0.95066812101378251 2.5115610705538036 0.90829916485292028
decision_type=2 2 2 2 2 2 2
left_child=6 2 3 -2 5 -3 -1
right_child=1 4 -4 -5 -6 -7 -8
leaf_value=-0.01484562833190824 0.043037652033407314 -0.044877827857897977 -0.068481582760632417 0.0071052178507602527 -0.069320270878485524 0.030971375803665425 -0.070092177729366253
leaf_weight=4.6891420746178474 19.083832081523724 1.8690010886348312 1.7113347134616095 30.279037662787687 2.4017520701094099 1.7817705694178583 2.5976118691893362
leaf_count=130 232 40 376 1315 426 25 656
internal_value=0.00733385 0.0126751 0.0179987 0.0209968 -0.0322482 -0.00785939 -0.0345401
internal_weight=64.4135 57.1267 51.0742 49.3629 6.05252 3.65077 7.28675
internal_count=3200 2414 1923 1547 491 65 786
is_linear=0
shrinkage=0.1


Tree=340
num_leaves=8
num_cat=0
split_feature=5 0 11 3 0 13 5
split_gain=1.97005 1.9266 2.53753 2.48215 1.84985 1.41303 1.28392
threshold=2.5017166779461557 6.4995459286319752 0.99270154744239936 59.518825958162374 6.8552399053425495 1.5000000000000002 2.4036996556829036
decision_type=2 2 2 2 2 2 2
left_child=1 2 -1 -4 -3 -2 -6
right_child=5 4 3 -5 6 -7 -8
leaf_value=0.027836232063264306 0.013298875391563408 0.029599547048635641 -0.050361284608268497 -0.0071399405375598803 0.0023675239696420063 -0.02539255639418583 0.036366671468734756
leaf_weight=16.24121605977416 11.970170623397278 33.58456739410758 16.333058269861795 71.249537204188528 195.43307036481565 44.635679204135158 11.77645174146164
leaf_count=112 94 283 143 496 1593 386 93
internal_value=7.88827e-05 0.00291881 -0.00846797 -0.0152002 0.00782848 -0.0172107 0.00429982
internal_weight=401.224 344.618 103.824 87.5826 240.794 56.6058 207.21
internal_count=3200 2720 751 639 1969 480 1686
is_linear=0
shrinkage=0.1


Tree=341
num_leaves=8
num_cat=0
split_feature=11 5 0 0 8 3 10
split_gain=3.7794 3.62596 2.82654 2.50175 2.36304 1.89249 1.82126
threshold=0.99270154744239936 2.0000484954321047 6.4658779849990777 7.4832713567626712 1.2896042930964777 59.518825958162374 9.9016547082722752
decision_type=2 2 2 2 2 2 2
left_child=-1 2 6 -3 -4 -5 -2
right_child=1 3 4 5 -6 -7 -8
leaf_value=-0.027997939195706485 0.00020305421793648845 0.026613422339581073 0.046184543502803085 0.026854923932226295 -0.021981696052738524 -0.012342084470202522 0.042362291471065718
leaf_weight=46.411611260592508 46.786702574579976 76.597609076337903 5.3846486944530616 17.482908924808726 91.533984071749728 41.691693219239824 13.120177359436637
leaf_count=494 323 676 63 117 1089 352 86
internal_value=-0.00148683 0.00271834 -0.0076396 0.0146824 -0.0181945 -0.000761479 0.00943633
internal_weight=339.009 292.598 156.826 135.772 96.9186 59.1746 59.9069
internal_count=3200 2706 1561 1145 1152 469 409
is_linear=0
shrinkage=0.1


Tree=342
num_leaves=8
num_cat=0
split_feature=0 6 1 2 11 11 1
split_gain=1.40622 1.32112 1.24547 1.29943 0.906559 0.897897 0.88769
threshold=7.5165000198740062 2.5000000000000004 3.5000000000000004 1.5322700981394595 0.45292646163169975 0.82898943933265568 2.5000000000000004
decision_type=2 2 2 2 2 2 2
left_child=5 2 3 -2 -4 6 -1
right_child=1 -3 4 -5 -6 -7 -8
leaf_value=0.015175696074396939 -0.034398211036063858 -0.035292111352289428 0.026320413485153484 0.030443222367662739 -0.048620248291564722 -0.067409121522960733 -0.06879495720171408
leaf_weight=5.1423295356216823 3.3626899136434067 5.0066686728969207 2.574242392089217 38.200805918502738 4.3283930077823243 3.5507482634039889 1.6670763148431431
leaf_count=130 108 185 31 639 300 1674 133
internal_value=0.00707935 0.0136125 0.0186644 0.0251972 -0.0206722 -0.0266406 -0.00538197
internal_weight=63.833 53.4728 48.4661 41.5635 6.90264 10.3602 6.80941
internal_count=3200 1263 1078 747 331 1937 263
is_linear=0
shrinkage=0.1


Tree=343
num_leaves=8
num_cat=0
split_feature=7 3 0 5 5 5 11
split_gain=2.04117 1.78589 1.94773 1.89756 1.34147 1.10066 1.64999
threshold=0.49885618854686931 60.201014294899743 6.4995459286319752 2.457494011897964 1.9679297250397481 2.491318782546962 0.30600590797498489
decision_type=2 2 2 2 2 2 2
left_child=1 -1 4 -4 -3 -2 -7
right_child=5 2 3 -5 -6 6 -8
leaf_value=-0.032956785097977233 0.0076545754231271933 -0.014691841386702773 0.011804148286242329 -0.035465719454049971 -0.068011597635918172 0.04681845384722793 -0.015649701817622614
leaf_weight=27.842163929592061 230.19192484585074 19.955363569548357 57.678352133836597 9.9585619550707616 6.1797073177294797 4.7091443352401248 41.408955991741095
leaf_count=228 1859 112 466 85 100 27 323
internal_value=7.80393e-05 -0.0107175 -0.00411441 0.00484434 -0.0272994 0.00482957 -0.00927104
internal_weight=397.924 121.614 93.772 67.6369 26.1351 276.31 46.1181
internal_count=3200 991 763 551 212 2209 350
is_linear=0
shrinkage=0.1


Tree=344
num_leaves=8
num_cat=0
split_feature=7 3 10 5 3 4 5
split_gain=3.72353 2.7732 2.4054 2.05877 1.67814 1.59414 1.42457
threshold=0.5011997598043535 59.518825958162374 10.023309895975331 2.0138694309368339 234.19615275664574 1.5000000000000002 2.491318782546962
decision_type=2 2 2 2 2 2 2
left_child=5 6 3 -3 -4 -1 -2
right_child=1 2 4 -5 -6 -7 -8
leaf_value=0.029780166589003784 0.0010549863479056142 -0.041658177155249547 0.010315949859992778 -0.013524489491365 -0.060994827250374264 0.0048880246455444993 0.03974677514826469
leaf_weight=37.83021558249493 56.543610913831799 42.672399915933056 37.081012217560783 66.617423524410697 3.6224176979158065 80.420587072912895 11.441268894348466
leaf_count=307 437 778 287 544 38 697 112
internal_value=-0.00143637 -0.00918733 -0.016781 -0.0245093 0.00396962 0.0128514 0.00756648
internal_weight=336.229 217.978 149.993 109.29 40.7034 118.251 67.9849
internal_count=3200 2196 1647 1322 325 1004 549
is_linear=0
shrinkage=0.1


Tree=345
num_leaves=8
num_cat=0
split_feature=4 7 11 0 5 11 10
split_gain=1.42179 1.36162 1.30102 1.70097 0.856988 0.5992 0.711502
threshold=1.5000000000000002 0.50498409578820069 0.99270154744239936 7.5165000198740062 2.1773756745968034 0.99270154744239936 4.9874994005299564
decision_type=2 2 2 2 2 2 2
left_child=5 -2 4 -4 -3 6 -1
right_child=1 2 3 -5 -6 -7 -8
leaf_value=0.053252653627814707 -0.035020675825652131 0.047435367880471091 -0.067417441171287423 0.013339839607417686 -0.016605018803064017 -0.069947310082843217 -0.030224756647926149
leaf_weight=1.2852183991926702 5.2748645388910509 16.271875629900027 2.8832695186165465 27.334234560999903 2.3975011865841216 2.6312899366204192 4.9670710007412708
leaf_count=22 716 155 758 542 86 789 132
internal_value=0.00716683 0.0132487 0.018457 0.00563421 0.0392114 -0.0299135 -0.0130652
internal_weight=63.0453 54.1617 48.8869 30.2175 18.6694 8.88358 6.25229
internal_count=3200 2257 1541 1300 241 943 154
is_linear=0
shrinkage=0.1


Tree=346
num_leaves=8
num_cat=0
split_feature=6 2 0 3 0 11 11
split_gain=2.22284 1.69101 1.35342 1.33612 1.33254 1.31221 1.43143
threshold=2.5000000000000004 1.4889255073677694 6.4995459286319752 75.041375105075716 7.4710417129703481 22.706610473591304 22.320201929795576
decision_type=2 2 2 2 2 2 2
left_child=1 2 -1 -4 5 6 -2
right_child=4 -3 3 -5 -6 -7 -8
leaf_value=-0.047605375074786294 -0.02268788007719269 0.0061961710832417922 -0.033521047386888582 0.0089980406858932004 -0.00041075055218060889 -0.049685008071854608 0.054188183350747932
leaf_weight=9.8617552696523472 17.359801461017927 286.40284792263992 11.169608094613066 21.844077618508891 28.324503708747216 16.984320640403894 2.814797461978741
leaf_count=92 136 2395 77 161 189 118 32
internal_value=7.71014e-05 0.00342344 -0.0150981 -0.00538756 -0.0167497 -0.0292041 -0.011962
internal_weight=394.762 329.278 42.8754 33.0137 65.4834 37.1589 20.1746
internal_count=3200 2725 330 238 475 286 168
is_linear=0
shrinkage=0.1


Tree=347
num_leaves=8
num_cat=0
split_feature=6 4 3 0 8 5 7
split_gain=3.87402 3.39601 2.42073 1.99066 3.04419 1.89377 1.58185
threshold=2.5000000000000004 1.5000000000000002 60.201014294899743 6.4995459286319752 2.5877795176597074 1.9916183403524281 0.3818571672952355
decision_type=2 2 2 2 2 2 2
left_child=1 3 6 -1 -5 -4 -3
right_child=-2 2 5 4 -6 -7 -8
leaf_value=0.031256938291279839 0.021460034410694037 0.043227586139659713 -0.039248540714834926 0.0074580045871909754 -0.052473438468528803 -0.012995818043873168 -0.0049347785389021711
leaf_weight=27.044076053229219 60.465300872479929 7.9047393454238764 45.671306941573675 64.285530589331756 9.7625487505574693 68.976628630625783 49.668828606867464
leaf_count=233 475 55 848 472 85 622 410
internal_value=-0.00144488 -0.00651215 -0.0150524 0.00803705 -0.000443397 -0.0234539 0.00167782
internal_weight=333.779 273.314 172.222 101.092 74.0481 114.648 57.5736
internal_count=3200 2725 1935 790 557 1470 465
is_linear=0
shrinkage=0.1


Tree=348
num_leaves=8
num_cat=0
split_feature=3 10 5 2 11 11 11
split_gain=1.3819 1.30321 1.26523 1.29628 0.864337 0.510656 0.471305
threshold=60.201014294899743 10.023309895975331 1.9771269929954973 1.5547736549055824 0.95066812101378251 0.95066812101378251 0.90829916485292028
decision_type=2 2 2 2 2 2 2
left_child=6 2 3 -2 -4 -3 -1
right_child=1 5 4 -5 -6 -7 -8
leaf_value=-0.015718860193040619 -0.034532370002722905 -0.0085349236049649703 0.0039166271100811514 0.029650516434065577 -0.068033561660326078 -0.069241512813713824 -0.070011557970715052
leaf_weight=4.5911320583763873 3.426279694240292 3.5221764726593383 4.9831039654090992 38.568833333351222 2.5109317460544389 2.2843483077412543 2.4532579475785496
leaf_count=130 156 65 119 940 708 426 656
internal_value=0.00708694 0.012401 0.0176596 0.024414 -0.0201908 -0.0324175 -0.0346267
internal_weight=62.3401 55.2957 49.4891 41.9951 7.49404 5.80652 7.04439
internal_count=3200 2414 1923 1096 827 491 786
is_linear=0
shrinkage=0.1


Tree=349
num_leaves=8
num_cat=0
split_feature=10 0 2 7 5 7 2
split_gain=2.0314 1.43093 1.21865 1.56569 1.21043 1.50134 1.20165
threshold=10.023309895975331 7.4955344668592083 2.8227524126592471 0.51379722854601895 2.151844609998403 0.49654612724452585 1.4889255073677694
decision_type=2 2 2 2 2 2 2
left_child=6 4 3 -3 5 -2 -1
right_child=1 2 -4 -5 -6 -7 -8
leaf_value=-0.012144401327796463 -0.051624194363990072 -0.033626294372999146 0.048763424656362991 0.012236184423654121 -0.060373029935756606 -0.0065926088288933218 0.0062526332612590444
leaf_weight=40.929984459384286 9.8949610165145696 12.300042091752404 4.6983528491109601 18.853317386470735 8.105396717131951 29.405258391576353 267.84669206340004
leaf_count=319 81 84 40 148 127 180 2221
internal_value=7.61375e-05 -0.0137865 0.00128852 -0.00587135 -0.0251874 -0.0179306 0.00381401
internal_weight=392.034 83.2573 35.8517 31.1534 47.4056 39.3002 308.777
internal_count=3200 660 272 232 388 261 2540
is_linear=0
shrinkage=0.1


Tree=350
num_leaves=8
num_cat=0
split_feature=1 10 6 0 10 0 5
split_gain=3.77008 2.85057 2.25748 2.54036 1.79815 1.74439 1.86965
threshold=3.5000000000000004 10.132174807232758 2.5000000000000004 7.3415857625121221 6.4267834922380036 6.4995459286319752 2.4632898958410503
decision_type=2 2 2 2 2 2 2
left_child=1 2 3 -1 -4 -2 -7
right_child=5 -3 4 -5 -6 6 -8
leaf_value=-0.013349366049878087 0.035986182866176199 0.011521947718523343 0.039154123601168794 -0.045214339559309598 -0.009106144529416875 7.6181471031172774e-05 0.039146593903094794
leaf_weight=98.141270921682008 26.071886604431711 50.960742241924891 11.693239366257329 33.579062593860726 22.724481722339988 73.845515560358763 14.683355917019069
leaf_count=844 264 436 89 679 175 594 119
internal_value=-0.00142192 -0.00916774 -0.015514 -0.0214726 0.00729003 0.0132517 0.00655638
internal_weight=331.7 217.099 166.138 131.72 34.4177 114.601 88.5289
internal_count=3200 2223 1787 1523 264 977 713
is_linear=0
shrinkage=0.1


Tree=351
num_leaves=8
num_cat=0
split_feature=4 7 6 5 6 11 10
split_gain=1.32758 1.24714 1.29645 1.31802 0.812512 0.573729 0.622391
threshold=1.5000000000000002 0.50498409578820069 2.5000000000000004 1.9771269929954973 4.5000000000000009 0.99270154744239936 4.9874994005299564
decision_type=2 2 2 2 2 2 2
left_child=5 -2 3 -3 -4 6 -1
right_child=1 2 4 -5 -6 -7 -8
leaf_value=0.050218512029325812 -0.033725036782955471 0.031031615343184812 -0.048106829314591953 -0.016525968785191379 0.079590663416861371 -0.069804887842695146 -0.028971326187323693
leaf_weight=1.2455619971151444 5.1585573899154715 36.31404522228695 4.0439836487475977 6.9414069587610348 0.56829108657075256 2.4897171909642566 4.8847025296126958
leaf_count=22 716 743 189 591 18 789 132
internal_value=0.00707463 0.0129914 0.0180259 0.0233998 -0.0323729 -0.0293226 -0.0128813
internal_weight=61.6463 53.0263 47.8677 43.2555 4.61227 8.61998 6.13026
internal_count=3200 2257 1541 1334 207 943 154
is_linear=0
shrinkage=0.1


Tree=352
num_leaves=8
num_cat=0
split_feature=2 3 0 9 11 14 11
split_gain=1.8862 1.3434 1.37234 1.3224 1.22112 1.15132 1.13949
threshold=1.5000216059225264 61.195655702033065 7.4955344668592083 0.92057799685326958 0.99270154744239936 18.733656154457176 1.9919197354721005
decision_type=2 2 2 2 2 2 2
left_child=6 2 4 -3 -2 -5 -1
right_child=1 3 -4 5 -6 -7 -8
leaf_value=0.011707602162979719 0.010569938555755973 0.084112362529269569 0.0069327417636026291 0.018547463645808681 -0.02578797418612766 0.0022091915013269649 -0.025089826867843182
leaf_weight=10.553223032737149 11.845450450666247 2.1864203885197631 38.565646711736917 56.125463917196612 41.960123376529737 186.27918348275125 41.543329992993677
leaf_count=84 75 17 285 497 337 1584 321
internal_value=7.23776e-05 0.00281017 -0.00746439 0.00669042 -0.0177837 0.00599209 -0.0176358
internal_weight=389.059 336.962 92.3712 244.591 53.8056 242.405 52.0966
internal_count=3200 2795 697 2098 412 2081 405
is_linear=0
shrinkage=0.1


Tree=353
num_leaves=8
num_cat=0
split_feature=4 1 0 5 3 0 3
split_gain=3.65754 2.55932 1.93427 1.77623 1.7277 1.63512 1.61771
threshold=1.5000000000000002 3.5000000000000004 6.4995459286319752 1.9608774299271925 59.518825958162374 7.4955344668592083 134.11912883137069
decision_type=2 2 2 2 2 2 2
left_child=4 2 3 -2 -1 -6 -7
right_child=1 -3 -4 -5 5 6 -8
leaf_value=0.033585989409147053 -0.020184128058184758 0.0047164263019331453 -0.028419529102300556 0.015553375544831789 0.015593410116358009 -0.041996722547765743 0.0053783056289105529
leaf_weight=29.709906237343603 30.433186928741634 80.982449867085961 74.854147367925179 25.61170537234284 57.488875562492467 11.824029865616469 18.461847022990696
leaf_count=240 239 712 1130 176 448 104 151
internal_value=-0.00140963 -0.00925655 -0.0179011 -0.00385261 0.0127422 0.00568695 -0.0131176
internal_weight=329.366 211.881 130.899 56.0449 117.485 87.7748 30.2859
internal_count=3200 2257 1545 415 943 703 255
is_linear=0
shrinkage=0.1


Tree=354
num_leaves=8
num_cat=0
split_feature=1 3 0 3 11 11 11
split_gain=1.34566 1.22271 1.25048 1.50149 1.21347 0.607139 0.538784
threshold=3.5000000000000004 60.201014294899743 7.5165000198740062 71.381742680431813 0.99270154744239936 0.90829916485292028 0.99270154744239936
decision_type=2 2 2 2 2 2 2
left_child=1 5 3 -3 -4 -1 -2
right_child=6 2 4 -5 -6 -7 -8
leaf_value=-0.0048851653986965301 -0.013371553086272529 0.063385933074518175 0.051471404630141965 -0.040536163403300719 0.013573109713727062 -0.0699221161630635 -0.068621043695132722
leaf_weight=3.860493309388402 5.6359973507351224 1.7871167610269347 12.510538393544264 6.2612971083146931 26.021995522673024 2.2849619907688066 2.5698768412366917
leaf_count=84 161 59 101 973 551 455 816
internal_value=0.00699572 0.0128584 0.0183896 -0.0174607 0.0258777 -0.0290668 -0.0306743
internal_weight=60.9323 52.7264 46.5809 8.04841 38.5325 6.14546 8.20587
internal_count=3200 2223 1684 1032 652 539 977
is_linear=0
shrinkage=0.1


Tree=355
num_leaves=8
num_cat=0
split_feature=7 0 8 5 5 10 0
split_gain=1.83217 1.69086 1.75562 1.63401 1.23279 1.5373 1.66578
threshold=0.5011997598043535 6.4995459286319752 2.6022299025056324 2.4753991925028171 2.491318782546962 10.617984549898424 6.6114300995739885
decision_type=2 2 2 2 2 2 2
left_child=1 -1 3 -3 -2 6 -6
right_child=4 2 -4 -5 5 -7 -8
leaf_value=-0.031158733467820249 0.0077369619823784638 -0.0034539647310461458 0.033015096576085388 -0.0475182912619121 -0.048434629768418974 -0.059635510824564454 0.00605666006904772
leaf_weight=29.114357299731637 222.03418940669508 69.888462374510709 11.518306905752977 9.567568252932686 6.7983169852304846 5.5708773019723585 32.095273856306449
leaf_count=281 1849 524 109 90 98 50 199
internal_value=7.20378e-05 -0.0101834 -0.00347075 -0.0087599 0.00469332 -0.0105052 -0.00346802
internal_weight=386.587 120.089 90.9743 79.456 266.499 44.4645 38.8936
internal_count=3200 1004 723 614 2196 347 297
is_linear=0
shrinkage=0.1


Tree=356
num_leaves=8
num_cat=0
split_feature=11 5 0 7 0 1 10
split_gain=3.5134 3.49036 2.4029 2.29522 2.48964 2.00017 1.6034
threshold=0.99270154744239936 2.0000484954321047 6.4658779849990777 0.49459089266822814 7.4203697166452693 3.5000000000000004 9.9016547082722752
decision_type=2 2 2 2 2 2 2
left_child=-1 2 6 -3 -5 -4 -2
right_child=1 3 5 4 -6 -7 -8
leaf_value=-0.027436451814161312 -0.00039506371635545686 0.03669902407024922 -0.030785643142305332 0.019936427726091763 -0.012740205090677316 -0.0013976695521031393 0.039940084753780865
leaf_weight=44.707205462284037 45.137569511163747 34.728209420805797 51.347835950320587 57.706291210160998 39.12495509092696 42.187029730761424 12.608287214156006
leaf_count=494 323 341 790 452 352 362 86
internal_value=-0.00138641 0.0027312 -0.00762818 0.0146435 0.00673334 -0.0175308 0.00841175
internal_weight=327.547 282.84 151.281 131.559 96.8312 93.5349 57.7459
internal_count=3200 2706 1561 1145 804 1152 409
is_linear=0
shrinkage=0.1


Tree=357
num_leaves=8
num_cat=0
split_feature=4 2 6 10 3 11 11
split_gain=1.24347 1.25008 1.21392 1.30744 0.868562 0.611084 0.532939
threshold=1.5000000000000002 1.4749605050482142 2.5000000000000004 10.023309895975331 187.36984717407657 1.1006630792856298 0.99270154744239936
decision_type=2 2 2 2 2 2 2
left_child=6 4 3 -3 -2 -4 -1
right_child=1 2 5 -5 -6 -7 -8
leaf_value=-0.013115060693434122 -0.071769988913171309 0.028054095250141416 -0.00037501019064933096 -0.026443490202439385 0.056873113153464099 -0.074457003899237012 -0.069604252245199894
leaf_weight=5.965867909966617 2.6736095602107066 39.101423434055505 2.5752123305137493 4.9606691319286247 0.65303415497874073 1.9616227176752543 2.3194295136983669
leaf_count=154 225 1339 45 361 56 231 789
internal_value=0.00704733 0.0127877 0.0168472 0.0219186 -0.0465168 -0.0324064 -0.0289289
internal_weight=60.2109 51.9256 48.5989 44.0621 3.32664 4.53684 8.2853
internal_count=3200 2257 1976 1700 281 276 943
is_linear=0
shrinkage=0.1


Tree=358
num_leaves=8
num_cat=0
split_feature=2 3 0 10 7 0 10
split_gain=1.86822 1.363 1.48502 1.56769 1.44086 1.11067 1.08471
threshold=1.5000216059225264 60.201014294899743 7.3105988340833576 11.394897850692805 0.55901644510028459 7.4601620251490344 10.060621358099215
decision_type=2 2 2 2 2 2 2
left_child=5 2 4 -4 -2 -1 -7
right_child=1 -3 3 -5 -6 6 -8
leaf_value=-0.031072153952047245 -0.042805488229911981 0.0067024648364329663 0.012129827750489349 -0.054632823560566479 -0.0065735585411483555 0.010149948928873012 -0.041186676716642889
leaf_weight=28.065229553765676 17.387820428621126 242.65079719950154 37.972549682483077 3.8761937001254401 29.764247875958972 18.04229535814375 5.3322419464820987
leaf_count=235 158 2109 290 24 214 137 33
internal_value=6.97073e-05 0.00281995 -0.0077653 0.00594601 -0.0199345 -0.0176621 -0.00156106
internal_weight=383.091 331.652 89.0008 41.8487 47.1521 51.4398 23.3745
internal_count=3200 2795 686 314 372 405 170
is_linear=0
shrinkage=0.1


Tree=359
num_leaves=8
num_cat=0
split_feature=4 1 2 1 6 5 6
split_gain=3.59277 2.46595 1.78676 1.75189 1.72491 1.48443 1.65243
threshold=1.5000000000000002 3.5000000000000004 1.4889255073677694 3.5000000000000004 2.5000000000000004 2.0052380963768948 2.5000000000000004
decision_type=2 2 2 2 2 2 2
left_child=3 2 -2 5 -4 6 -1
right_child=1 -3 4 -5 -6 -7 -8
leaf_value=-0.01460855448807874 0.0068046099161150897 0.0045220248442523273 -0.030162212753789393 0.032344316449046867 0.0011643834400007793 0.019924654517016013 0.039813201155292917
leaf_weight=39.642140093783382 23.978167076362297 80.304769481350377 82.181390582109088 32.692608157938594 22.358964304439723 37.069091767563805 6.4931088550365521
leaf_count=332 208 712 1154 265 183 300 46
internal_value=-0.00138898 -0.0092252 -0.0178151 0.0127303 -0.0234621 0.00502361 -0.0069492
internal_weight=324.72 208.823 128.519 115.897 104.54 83.2043 46.1352
internal_count=3200 2257 1545 943 1337 678 378
is_linear=0
shrinkage=0.1


end of trees

feature_importances:
Column_0=452
Column_5=393
Column_11=370
Column_7=215
Column_3=208
Column_10=191
Column_1=190
Column_4=176
Column_2=153
Column_6=139
Column_14=15
Column_8=8
Column_13=6
Column_9=4

parameters:
[boosting: gbdt]
[objective: multiclass]
[metric: multi_logloss]
[tree_learner: serial]
[device_type: cpu]
[data_sample_strategy: bagging]
[data: ]
[valid: ]
[num_iterations: 120]
[learning_rate: 0.1]
[num_leaves: 8]
[num_threads: 14]
[seed: 0]
[deterministic: 0]
[force_col_wise: 0]
[force_row_wise: 0]
[histogram_pool_size: -1]
[max_depth: 4]
[min_data_in_leaf: 20]
[min_sum_hessian_in_leaf: 0.001]
[bagging_fraction: 1]
[pos_bagging_fraction: 1]
[neg_bagging_fraction: 1]
[bagging_freq: 0]
[bagging_seed: 3]
[bagging_by_query: 0]
[feature_fraction: 1]
[feature_fraction_bynode: 1]
[feature_fraction_seed: 2]
[extra_trees: 0]
[extra_seed: 6]
[early_stopping_round: 0]
[early_stopping_min_delta: 0]
[first_metric_only: 0]
[max_delta_step: 0]
[lambda_l1: 0]
[lambda_l2: 0]
[linear_lambda: 0]
[min_gain_to_split: 0]
[drop_rate: 0.1]
[max_drop: 50]
[skip_drop: 0.5]
[xgboost_dart_mode: 0]
[uniform_drop: 0]
[drop_seed: 4]
[top_rate: 0.2]
[other_rate: 0.1]
[min_data_per_group: 100]
[max_cat_threshold: 32]
[cat_l2: 10]
[cat_smooth: 10]
[max_cat_to_onehot: 4]
[top_k: 20]
[monotone_constraints: ]
[monotone_constraints_method: basic]
[monotone_penalty: 0]
[feature_contri: ]
[forcedsplits_filename: ]
[refit_decay_rate: 0.9]
[cegb_tradeoff: 1]
[cegb_penalty_split: 0]
[cegb_penalty_feature_lazy: ]
[cegb_penalty_feature_coupled: ]
[path_smooth: 0]
[interaction_constraints: ]
[verbosity: -1]
[saved_feature_importance_type: 0]
[use_quantized_grad: 0]
[num_grad_quant_bins: 4]
[quant_train_renew_leaf: 0]
[stochastic_rounding: 1]
[linear_tree: 0]
[max_bin: 255]
[max_bin_by_feature: ]
[min_data_in_bin: 3]
[bin_construct_sample_cnt: 200000]
[data_random_seed: 1]
[is_enable_sparse: 1]
[enable_bundle: 1]
[use_missing: 1]
[zero_as_missing: 0]
[feature_pre_filter: 1]
[pre_partition: 0]
[two_round: 0]
[header: 0]
[label_column: ]
[weight_column: ]
[group_column: ]
[ignore_column: ]
[categorical_feature: ]
[forcedbins_filename: ]
[precise_float_parser: 0]
[parser_config_file: ]
[objective_seed: 5]
[num_class: 3]
[is_unbalance: 0]
[scale_pos_weight: 1]
[sigmoid: 1]
[boost_from_average: 1]
[reg_sqrt: 0]
[alpha: 0.9]
[fair_c: 1]
[poisson_max_delta_step: 0.7]
[tweedie_variance_power: 1.5]
[lambdarank_truncation_level: 30]
[lambdarank_norm: 1]
[label_gain: ]
[lambdarank_position_bias_regularization: 0]
[eval_at: ]
[multi_error_top_k: 1]
[auc_mu_weights: ]
[num_machines: 1]
[local_listen_port: 12400]
[time_out: 120]
[machine_list_filename: ]
[machines: ]
[gpu_platform_id: -1]
[gpu_device_id: -1]
[gpu_device_id_list: ]
[gpu_use_dp: 0]
[num_gpu: 1]

end of parameters

pandas_categorical:null
